date,day_name,month,season_factor,weekend,occupancy_level,outdoor_temp_c,rainfall_mm,saving_mode,total_usage_kwh,peak_usage_kwh,peak_hour_label,peak_window,average_hourly_kwh,daily_cost_rs,monthly_predicted_bill_rs,future_bill_prediction_rs,tomorrow_usage_prediction_kwh,previous_day_usage_kwh,weekly_average_kwh,usage_change_kwh,usage_change_direction,usage_change_reason,energy_score,eco_score,carbon_impact_kg,carbon_saved_kg,pet_status,pet_meter_pct,pet_message,pet_alert,streak_days,reward_badge,alert_count,recommendation_count,alerts_pipe,recommendations_pipe,personalized_tip_1,personalized_tip_2,personalized_tip_3,hour_00_kwh,hour_01_kwh,hour_02_kwh,hour_03_kwh,hour_04_kwh,hour_05_kwh,hour_06_kwh,hour_07_kwh,hour_08_kwh,hour_09_kwh,hour_10_kwh,hour_11_kwh,hour_12_kwh,hour_13_kwh,hour_14_kwh,hour_15_kwh,hour_16_kwh,hour_17_kwh,hour_18_kwh,hour_19_kwh,hour_20_kwh,hour_21_kwh,hour_22_kwh,hour_23_kwh,ac_power_w,ac_hours,ac_age_years,ac_condition,ac_maintenance,ac_energy_kwh,ac_cost_rs,ac_share_pct,ac_faulty,ac_limit_kwh,fan_power_w,fan_hours,fan_age_years,fan_condition,fan_maintenance,fan_energy_kwh,fan_cost_rs,fan_share_pct,fan_faulty,fan_limit_kwh,iron_power_w,iron_hours,iron_age_years,iron_condition,iron_maintenance,iron_energy_kwh,iron_cost_rs,iron_share_pct,iron_faulty,iron_limit_kwh,tv_power_w,tv_hours,tv_age_years,tv_condition,tv_maintenance,tv_energy_kwh,tv_cost_rs,tv_share_pct,tv_faulty,tv_limit_kwh
2026-01-01,Thursday,January,0.888,0,high,24.2,2.1,1,16.26,1.24,7 PM,6 PM-8 PM,0.68,97.56,2926.8,2842.3,16.93,18.5,16.26,-2.24,decreased,AC health issue increased consumption,77,75,13.33,1.84,sick,94,High usage detected!,Your pet is suffering because heavy usage or a faulty appliance is stressing the home.,0,Steady Guardian,4,4,sudden_spike|pet_suffering|ac_fault|fan_fault,replace_ac_efficient_model|replace_fan_efficient_model|saving_mode_optimizations|shift_usage_to_morning,Highest usage is during 6 PM-8 PM. Shift ironing or cooling to morning to save cost.,Saving mode is active. Prioritize fans over AC and switch off standby loads.,Your appliance mix is stable today.,0.14,0.14,0.14,0.14,0.14,0.16,0.48,0.84,0.75,0.49,0.44,0.44,0.54,0.46,0.49,0.5,0.55,0.79,1.11,1.24,1.15,0.7,0.51,0.26,1508,8.0,4,good,yes,12.06,72.36,72.4,1,9.0,181,12.1,3,good,no,2.19,13.14,13.2,1,1.6,1140,1.2,5,good,yes,1.37,8.22,8.2,0,2.2,178,5.8,4,good,yes,1.03,6.18,6.2,0,1.1
2026-01-02,Friday,January,0.89,0,low,27.3,2.0,0,19.73,1.42,7 PM,6 PM-8 PM,0.82,118.38,3551.4,3558.64,18.69,16.26,18.0,3.47,increased,AC health issue increased consumption,65,58,16.18,0,sick,94,High usage detected!,Your pet is suffering because heavy usage or a faulty appliance is stressing the home.,0,Recovery Mode,5,4,sudden_spike|pet_suffering|ac_fault|fan_fault|iron_fault,replace_ac_efficient_model|replace_fan_efficient_model|replace_iron_efficient_model|shift_usage_to_morning,Highest usage is during 6 PM-8 PM. Shift ironing or cooling to morning to save cost.,You can improve efficiency by cutting AC usage by 1 hour.,Your appliance mix is stable today.,0.29,0.26,0.18,0.18,0.28,0.32,0.66,1.01,0.93,0.65,0.53,0.63,0.71,0.62,0.6,0.6,0.8,0.98,1.27,1.42,1.32,0.85,0.72,0.47,1522,7.1,4,good,no,10.81,64.86,68.9,1,9.0,178,11.7,3,good,yes,2.08,12.48,13.3,1,1.6,1221,2.1,5,good,yes,2.56,15.36,16.3,1,2.2,56,4.2,4,good,yes,0.24,1.44,1.5,0,1.1
2026-01-03,Saturday,January,0.893,1,low,25.3,0,1,16.93,1.23,7 PM,6 PM-8 PM,0.71,101.58,3047.4,3305.15,17.77,19.73,17.64,-2.8,decreased,AC health issue increased consumption,75,74,13.88,2.3,sick,94,High usage detected!,Your pet is suffering because heavy usage or a faulty appliance is stressing the home.,0,Steady Guardian,5,5,sudden_spike|pet_suffering|ac_fault|fan_fault|iron_fault,replace_ac_efficient_model|replace_fan_efficient_model|replace_iron_efficient_model|saving_mode_optimizations|shift_usage_to_morning,Highest usage is during 6 PM-8 PM. Shift ironing or cooling to morning to save cost.,Saving mode is active. Prioritize fans over AC and switch off standby loads.,Your appliance mix is stable today.,0.14,0.14,0.14,0.14,0.14,0.24,0.51,0.78,0.73,0.52,0.42,0.51,0.59,0.43,0.47,0.5,0.59,0.78,1.16,1.23,1.12,0.75,0.58,0.32,1487,8.9,4,good,yes,13.23,79.38,72.7,1,9.0,124,13.2,3,good,yes,1.64,9.84,9.0,1,1.6,1196,2.5,5,good,yes,2.99,17.94,16.4,1,2.2,70,4.7,4,good,yes,0.33,1.98,1.8,0,1.1
2026-01-04,Sunday,January,0.895,1,medium,26.4,0.1,1,16.82,1.34,7 PM,6 PM-8 PM,0.7,100.92,3027.6,3249.39,16.85,16.93,17.44,-0.11,decreased,AC health issue increased consumption,75,71,13.79,0.09,tired,64,"Usage rising, reduce load",Your pet is tired. A little saving today will help it recover.,0,Steady Guardian,3,3,sudden_spike|ac_fault|phantom_load_tv,replace_ac_efficient_model|saving_mode_optimizations|shift_usage_to_morning,Highest usage is during 6 PM-8 PM. Shift ironing or cooling to morning to save cost.,Saving mode is active. Prioritize fans over AC and switch off standby loads.,TV standby may be wasting power,0.14,0.14,0.14,0.14,0.14,0.18,0.49,0.84,0.7,0.49,0.46,0.52,0.55,0.45,0.47,0.53,0.55,0.81,1.16,1.34,1.18,0.78,0.55,0.3,1522,9.0,4,good,yes,13.7,82.2,79.9,1,9.0,107,13.2,3,good,yes,1.41,8.46,8.2,0,1.6,1183,0.9,5,good,yes,1.06,6.36,6.2,0,2.2,170,5.7,4,standby,yes,0.97,5.82,5.7,0,1.1
2026-01-05,Monday,January,0.898,0,high,22.4,3.1,0,18.18,1.4,7 PM,6 PM-8 PM,0.76,109.08,3272.4,3585.87,17.77,16.82,17.58,1.36,increased,AC health issue increased consumption,71,66,14.91,0,tired,64,"Usage rising, reduce load",Your pet is tired. A little saving today will help it recover.,0,Steady Guardian,2,2,sudden_spike|ac_fault,replace_ac_efficient_model|shift_usage_to_morning,Highest usage is during 6 PM-8 PM. Shift ironing or cooling to morning to save cost.,You can improve efficiency by cutting AC usage by 1 hour.,Your appliance mix is stable today.,0.19,0.21,0.14,0.14,0.26,0.35,0.65,1.0,0.92,0.56,0.51,0.58,0.67,0.62,0.61,0.63,0.78,0.89,1.27,1.4,1.31,0.86,0.62,0.4,1528,6.9,4,good,yes,10.54,63.24,88.9,1,9.0,14,12.0,3,good,yes,0.17,1.02,1.4,0,1.6,1260,0.2,5,good,yes,0.25,1.5,2.1,0,2.2,158,5.7,4,good,yes,0.9,5.4,7.6,0,1.1
2026-01-06,Tuesday,January,0.901,0,low,23.5,2.7,0,19.31,1.4,7 PM,6 PM-8 PM,0.8,115.86,3475.8,3512.71,18.97,18.18,17.87,1.13,increased,AC health issue increased consumption,66,61,15.83,0,sick,94,High usage detected!,Your pet is suffering because heavy usage or a faulty appliance is stressing the home.,0,Recovery Mode,4,3,sudden_spike|pet_suffering|ac_fault|fan_fault,replace_ac_efficient_model|replace_fan_efficient_model|shift_usage_to_morning,Highest usage is during 6 PM-8 PM. Shift ironing or cooling to morning to save cost.,You can improve efficiency by cutting AC usage by 1 hour.,Your appliance mix is stable today.,0.3,0.26,0.16,0.14,0.23,0.42,0.72,0.97,0.94,0.66,0.62,0.64,0.71,0.62,0.58,0.59,0.78,0.92,1.3,1.4,1.3,0.97,0.7,0.39,1550,6.6,4,good,no,10.23,61.38,75.3,1,9.0,167,13.1,3,good,yes,2.19,13.14,16.1,1,1.6,1265,0.4,5,good,yes,0.51,3.06,3.8,0,2.2,178,3.7,4,good,yes,0.66,3.96,4.9,0,1.1
2026-01-07,Wednesday,January,0.903,0,low,24.8,2.2,1,15.97,1.36,7 PM,6 PM-8 PM,0.67,95.82,2874.6,2802.07,16.97,19.31,17.6,-3.34,decreased,AC health issue increased consumption,79,78,13.1,2.74,sick,94,High usage detected!,Your pet is suffering because heavy usage or a faulty appliance is stressing the home.,0,Steady Guardian,5,5,sudden_spike|pet_suffering|ac_fault|fan_fault|iron_fault,replace_ac_efficient_model|replace_fan_efficient_model|replace_iron_efficient_model|saving_mode_optimizations|shift_usage_to_morning,Highest usage is during 6 PM-8 PM. Shift ironing or cooling to morning to save cost.,Saving mode is active. Prioritize fans over AC and switch off standby loads.,Your appliance mix is stable today.,0.14,0.14,0.14,0.14,0.14,0.21,0.59,0.9,0.71,0.44,0.4,0.52,0.6,0.54,0.44,0.44,0.64,0.84,1.17,1.36,1.16,0.7,0.57,0.26,1589,6.7,4,good,yes,10.65,63.9,84.2,1,9.0,62,11.2,3,good,no,0.69,4.14,5.5,1,1.6,1189,0.5,5,overheat,no,0.59,3.54,4.7,1,2.2,149,4.8,4,good,yes,0.72,4.32,5.7,0,1.1
2026-01-08,Thursday,January,0.906,0,low,25.7,5.5,1,16.45,1.22,7 PM,6 PM-8 PM,0.69,98.7,2961.0,3283.54,16.31,15.97,17.63,0.48,increased,AC health issue increased consumption,77,73,13.49,0,sick,94,High usage detected!,Your pet is suffering because heavy usage or a faulty appliance is stressing the home.,0,Steady Guardian,6,6,sudden_spike|pet_suffering|ac_fault|fan_fault|iron_fault|tv_fault,replace_ac_efficient_model|replace_fan_efficient_model|replace_iron_efficient_model|replace_tv_efficient_model|saving_mode_optimizations|shift_usage_to_morning,Highest usage is during 6 PM-8 PM. Shift ironing or cooling to morning to save cost.,Saving mode is active. Prioritize fans over AC and switch off standby loads.,Your appliance mix is stable today.,0.14,0.14,0.14,0.14,0.14,0.21,0.51,0.77,0.78,0.47,0.36,0.38,0.51,0.48,0.42,0.4,0.55,0.84,1.19,1.22,1.1,0.76,0.53,0.24,1563,8.7,4,good,yes,13.6,81.6,74.3,1,9.0,153,12.8,3,good,yes,1.96,11.76,10.7,1,1.6,1180,2.0,5,good,yes,2.36,14.16,12.9,1,2.2,65,5.8,4,good,no,0.38,2.28,2.1,1,1.1
2026-01-09,Friday,January,0.908,0,high,28.8,3.8,1,15.67,1.33,7 PM,6 PM-8 PM,0.65,94.02,2820.6,3125.48,15.9,16.45,17.05,-0.78,decreased,AC health issue increased consumption,80,77,12.85,0.64,sick,94,High usage detected!,Your pet is suffering because heavy usage or a faulty appliance is stressing the home.,0,Steady Guardian,5,4,sudden_spike|pet_suffering|ac_fault|iron_fault|phantom_load_tv,replace_ac_efficient_model|replace_iron_efficient_model|saving_mode_optimizations|shift_usage_to_morning,Highest usage is during 6 PM-8 PM. Shift ironing or cooling to morning to save cost.,Saving mode is active. Prioritize fans over AC and switch off standby loads.,TV standby may be wasting power,0.14,0.14,0.14,0.14,0.14,0.18,0.48,0.85,0.7,0.39,0.36,0.42,0.57,0.53,0.4,0.47,0.56,0.85,1.14,1.33,1.07,0.79,0.47,0.31,1487,6.5,4,good,yes,9.67,58.02,68.7,1,9.0,83,12.8,3,good,yes,1.06,6.36,7.5,0,1.6,1275,2.4,5,good,no,3.06,18.36,21.7,1,2.2,68,4.2,4,standby,yes,0.29,1.74,2.1,0,1.1
2026-01-10,Saturday,January,0.911,1,high,26.7,0,0,20.12,1.48,7 PM,6 PM-8 PM,0.84,120.72,3621.6,3656.61,18.79,15.67,17.5,4.45,increased,AC health issue increased consumption,64,56,16.5,0,sick,94,High usage detected!,Your pet is suffering because heavy usage or a faulty appliance is stressing the home.,0,Recovery Mode,6,5,sudden_spike|pet_suffering|ac_fault|fan_fault|iron_fault|tv_fault,replace_ac_efficient_model|replace_fan_efficient_model|replace_iron_efficient_model|replace_tv_efficient_model|shift_usage_to_morning,Highest usage is during 6 PM-8 PM. Shift ironing or cooling to morning to save cost.,You can improve efficiency by cutting AC usage by 1 hour.,Your appliance mix is stable today.,0.28,0.18,0.19,0.25,0.3,0.39,0.71,0.96,0.97,0.64,0.61,0.61,0.74,0.67,0.58,0.67,0.75,1.01,1.29,1.48,1.3,0.97,0.68,0.41,1568,8.0,4,good,yes,12.54,75.24,79.2,1,9.0,108,12.0,3,good,no,1.3,7.8,8.2,1,1.6,1308,0.7,5,good,no,0.92,5.52,5.8,1,2.2,182,5.9,4,good,no,1.07,6.42,6.8,1,1.1
2026-01-11,Sunday,January,0.914,1,high,22.8,2.8,0,20.0,1.51,7 PM,6 PM-8 PM,0.83,120.0,3600.0,3605.29,20.04,20.12,17.96,-0.12,decreased,AC health issue increased consumption,64,60,16.4,0.1,tired,64,"Usage rising, reduce load",Your pet is tired. A little saving today will help it recover.,0,Recovery Mode,2,2,sudden_spike|ac_fault,replace_ac_efficient_model|shift_usage_to_morning,Highest usage is during 6 PM-8 PM. Shift ironing or cooling to morning to save cost.,You can improve efficiency by cutting AC usage by 1 hour.,Your appliance mix is stable today.,0.3,0.17,0.19,0.21,0.21,0.4,0.69,0.98,0.95,0.58,0.62,0.66,0.67,0.66,0.58,0.7,0.77,0.93,1.31,1.51,1.31,0.97,0.72,0.51,1572,7.3,4,good,yes,11.48,68.88,74.3,1,9.0,108,12.5,3,good,yes,1.35,8.1,8.7,0,1.6,1249,1.4,5,good,yes,1.75,10.5,11.3,0,2.2,134,6.6,4,good,yes,0.88,5.28,5.7,0,1.1
2026-01-12,Monday,January,0.917,0,high,24.5,1.3,0,19.82,1.53,7 PM,6 PM-8 PM,0.83,118.92,3567.6,3838.27,19.87,20.0,18.19,-0.18,decreased,AC health issue increased consumption,65,61,16.25,0.15,sick,94,High usage detected!,Your pet is suffering because heavy usage or a faulty appliance is stressing the home.,0,Recovery Mode,5,4,sudden_spike|pet_suffering|ac_fault|iron_fault|tv_fault,replace_ac_efficient_model|replace_iron_efficient_model|replace_tv_efficient_model|shift_usage_to_morning,Highest usage is during 6 PM-8 PM. Shift ironing or cooling to morning to save cost.,You can improve efficiency by cutting AC usage by 1 hour.,Your appliance mix is stable today.,0.25,0.19,0.19,0.22,0.22,0.36,0.74,0.96,0.89,0.63,0.55,0.6,0.71,0.65,0.62,0.6,0.81,0.98,1.37,1.53,1.26,0.98,0.71,0.45,1510,7.2,4,good,yes,10.87,65.22,71.5,1,9.0,102,12.3,3,good,yes,1.25,7.5,8.2,0,1.6,1274,2.1,5,good,yes,2.68,16.08,17.6,1,2.2,89,4.6,4,slow,no,0.41,2.46,2.7,1,1.1
2026-01-13,Tuesday,January,0.919,0,medium,30.4,4.9,0,18.85,1.42,7 PM,6 PM-8 PM,0.79,113.1,3393.0,3319.46,19.14,19.82,18.13,-0.97,decreased,AC health issue increased consumption,68,65,15.46,0.8,tired,64,"Usage rising, reduce load",Your pet is tired. A little saving today will help it recover.,0,Recovery Mode,2,2,sudden_spike|ac_fault,replace_ac_efficient_model|shift_usage_to_morning,Highest usage is during 6 PM-8 PM. Shift ironing or cooling to morning to save cost.,You can improve efficiency by cutting AC usage by 1 hour.,Your appliance mix is stable today.,0.24,0.21,0.14,0.15,0.26,0.31,0.64,0.97,0.9,0.59,0.61,0.58,0.75,0.63,0.64,0.62,0.77,0.91,1.37,1.42,1.24,0.96,0.62,0.36,1483,7.0,4,noise,no,10.38,62.28,77.1,1,9.0,116,12.6,3,good,yes,1.46,8.76,10.8,0,1.6,1175,1.0,5,good,yes,1.18,7.08,8.8,0,2.2,114,3.9,4,good,yes,0.44,2.64,3.3,0,1.1
2026-01-14,Wednesday,January,0.922,0,low,29.2,0,0,20.75,1.43,7 PM,6 PM-8 PM,0.86,124.5,3735.0,3845.9,20.18,18.85,18.81,1.9,increased,AC health issue increased consumption,61,55,17.02,0,tired,64,"Usage rising, reduce load",Your pet is tired. A little saving today will help it recover.,0,Recovery Mode,2,2,sudden_spike|ac_fault,replace_ac_efficient_model|shift_usage_to_morning,Highest usage is during 6 PM-8 PM. Shift ironing or cooling to morning to save cost.,You can improve efficiency by cutting AC usage by 1 hour.,Your appliance mix is stable today.,0.27,0.27,0.21,0.24,0.23,0.43,0.66,1.03,0.98,0.61,0.62,0.61,0.75,0.71,0.66,0.66,0.72,1.0,1.37,1.43,1.35,0.88,0.7,0.45,1530,9.0,4,good,yes,13.77,82.62,77.6,1,9.0,112,12.7,3,good,yes,1.42,8.52,8.0,0,1.6,1307,1.2,5,good,yes,1.57,9.42,8.8,0,2.2,177,5.6,4,good,yes,0.99,5.94,5.6,0,1.1
2026-01-15,Thursday,January,0.925,0,low,29.5,2.2,0,19.67,1.5,7 PM,6 PM-8 PM,0.82,118.02,3540.6,3656.02,19.99,20.75,19.27,-1.08,decreased,AC health issue increased consumption,65,62,16.13,0.89,sick,94,High usage detected!,Your pet is suffering because heavy usage or a faulty appliance is stressing the home.,0,Recovery Mode,4,3,sudden_spike|pet_suffering|ac_fault|fan_fault,replace_ac_efficient_model|replace_fan_efficient_model|shift_usage_to_morning,Highest usage is during 6 PM-8 PM. Shift ironing or cooling to morning to save cost.,You can improve efficiency by cutting AC usage by 1 hour.,Your appliance mix is stable today.,0.23,0.22,0.23,0.2,0.27,0.36,0.7,1.0,0.94,0.63,0.57,0.61,0.74,0.72,0.64,0.66,0.74,0.97,1.34,1.5,1.3,0.94,0.74,0.45,1424,6.7,4,good,yes,9.54,57.24,70.6,1,9.0,172,11.5,3,good,yes,1.98,11.88,14.7,1,1.6,1214,1.0,5,good,yes,1.21,7.26,9.0,0,2.2,128,6.1,4,good,yes,0.78,4.68,5.8,0,1.1
2026-01-16,Friday,January,0.928,0,high,25.2,0.8,1,16.63,1.34,7 PM,6 PM-8 PM,0.69,99.78,2993.4,2945.12,17.54,19.67,19.41,-3.04,decreased,AC health issue increased consumption,76,75,13.64,2.49,sick,94,High usage detected!,Your pet is suffering because heavy usage or a faulty appliance is stressing the home.,0,Steady Guardian,6,5,sudden_spike|pet_suffering|ac_fault|iron_fault|tv_fault|phantom_load_tv,replace_ac_efficient_model|replace_iron_efficient_model|replace_tv_efficient_model|saving_mode_optimizations|shift_usage_to_morning,Highest usage is during 6 PM-8 PM. Shift ironing or cooling to morning to save cost.,Saving mode is active. Prioritize fans over AC and switch off standby loads.,TV standby may be wasting power,0.14,0.14,0.14,0.14,0.14,0.19,0.54,0.89,0.84,0.49,0.42,0.43,0.54,0.48,0.43,0.44,0.62,0.81,1.25,1.34,1.2,0.74,0.6,0.29,1423,8.0,4,good,yes,11.38,68.28,73.9,1,9.0,107,11.8,3,good,yes,1.26,7.56,8.2,0,1.6,1184,2.2,5,good,yes,2.6,15.6,16.9,1,2.2,36,4.5,4,standby,no,0.16,0.96,1.0,1,1.1
2026-01-17,Saturday,January,0.931,1,medium,30.7,0.8,1,16.48,1.28,7 PM,6 PM-8 PM,0.69,98.88,2966.4,3278.9,16.52,16.63,18.89,-0.15,decreased,AC health issue increased consumption,77,73,13.51,0.12,sick,94,High usage detected!,Your pet is suffering because heavy usage or a faulty appliance is stressing the home.,0,Steady Guardian,4,4,sudden_spike|pet_suffering|ac_fault|iron_fault,replace_ac_efficient_model|replace_iron_efficient_model|saving_mode_optimizations|shift_usage_to_morning,Highest usage is during 6 PM-8 PM. Shift ironing or cooling to morning to save cost.,Saving mode is active. Prioritize fans over AC and switch off standby loads.,Your appliance mix is stable today.,0.14,0.14,0.14,0.14,0.14,0.21,0.59,0.93,0.76,0.51,0.46,0.51,0.63,0.48,0.44,0.52,0.58,0.81,1.15,1.28,1.17,0.8,0.53,0.26,1600,7.2,4,good,yes,11.52,69.12,80.2,1,9.0,13,12.7,3,good,yes,0.17,1.02,1.2,0,1.6,1280,1.8,5,good,yes,2.3,13.8,16.0,1,2.2,70,5.4,4,good,yes,0.38,2.28,2.6,0,1.1
2026-01-18,Sunday,January,0.933,1,low,29.4,1.7,1,17.39,1.35,7 PM,6 PM-8 PM,0.72,104.34,3130.2,3057.38,17.12,16.48,18.51,0.91,increased,AC health issue increased consumption,73,68,14.26,0,sick,94,High usage detected!,Your pet is suffering because heavy usage or a faulty appliance is stressing the home.,0,Steady Guardian,4,4,sudden_spike|pet_suffering|ac_fault|fan_fault,replace_ac_efficient_model|replace_fan_efficient_model|saving_mode_optimizations|shift_usage_to_morning,Highest usage is during 6 PM-8 PM. Shift ironing or cooling to morning to save cost.,Saving mode is active. Prioritize fans over AC and switch off standby loads.,Your appliance mix is stable today.,0.14,0.14,0.14,0.14,0.14,0.22,0.53,0.86,0.76,0.5,0.44,0.5,0.62,0.55,0.49,0.45,0.59,0.87,1.24,1.35,1.13,0.82,0.6,0.31,1615,8.4,4,good,yes,13.57,81.42,77.4,1,9.0,161,12.1,3,good,yes,1.95,11.7,11.1,1,1.6,1269,1.4,5,good,yes,1.78,10.68,10.1,0,2.2,43,5.5,4,good,yes,0.24,1.44,1.4,0,1.1
2026-01-19,Monday,January,0.936,0,medium,26.8,3.5,0,19.82,1.53,7 PM,6 PM-8 PM,0.83,118.92,3567.6,3833.94,19.09,17.39,18.51,2.43,increased,AC health issue increased consumption,65,59,16.25,0,sick,94,High usage detected!,Your pet is suffering because heavy usage or a faulty appliance is stressing the home.,0,Recovery Mode,4,3,sudden_spike|pet_suffering|ac_fault|tv_fault,replace_ac_efficient_model|replace_tv_efficient_model|shift_usage_to_morning,Highest usage is during 6 PM-8 PM. Shift ironing or cooling to morning to save cost.,You can improve efficiency by cutting AC usage by 1 hour.,Your appliance mix is stable today.,0.27,0.2,0.17,0.14,0.2,0.41,0.67,1.01,0.98,0.64,0.58,0.61,0.67,0.64,0.64,0.65,0.79,0.95,1.34,1.53,1.31,0.95,0.65,0.49,1575,8.6,4,good,yes,13.54,81.24,89.4,1,9.0,74,12.4,3,good,yes,0.92,5.52,6.1,0,1.6,1143,0.4,5,good,yes,0.46,2.76,3.0,0,2.2,49,4.7,4,good,no,0.23,1.38,1.5,1,1.1
2026-01-20,Tuesday,January,0.939,0,medium,27.0,4.2,1,17.03,1.28,7 PM,6 PM-8 PM,0.71,102.18,3065.4,3268.3,17.87,19.82,18.25,-2.79,decreased,AC health issue increased consumption,75,74,13.96,2.29,sick,94,High usage detected!,Your pet is suffering because heavy usage or a faulty appliance is stressing the home.,0,Steady Guardian,4,4,sudden_spike|pet_suffering|ac_fault|fan_fault,replace_ac_efficient_model|replace_fan_efficient_model|saving_mode_optimizations|shift_usage_to_morning,Highest usage is during 6 PM-8 PM. Shift ironing or cooling to morning to save cost.,Saving mode is active. Prioritize fans over AC and switch off standby loads.,Your appliance mix is stable today.,0.14,0.14,0.14,0.14,0.14,0.2,0.57,0.89,0.74,0.5,0.41,0.51,0.55,0.53,0.42,0.45,0.61,0.88,1.18,1.28,1.17,0.75,0.54,0.28,1536,8.9,4,good,yes,13.67,82.02,77.7,1,9.0,173,11.5,3,good,yes,1.99,11.94,11.3,1,1.6,1318,0.9,5,good,yes,1.19,7.14,6.8,0,2.2,141,5.3,4,good,yes,0.75,4.5,4.3,0,1.1
2026-01-21,Wednesday,January,0.942,0,high,26.9,4.9,1,16.56,1.38,7 PM,6 PM-8 PM,0.69,99.36,2980.8,3292.44,16.7,17.03,17.65,-0.47,decreased,AC health issue increased consumption,76,72,13.58,0.39,sick,94,High usage detected!,Your pet is suffering because heavy usage or a faulty appliance is stressing the home.,0,Steady Guardian,5,5,sudden_spike|pet_suffering|ac_fault|iron_fault|tv_fault,replace_ac_efficient_model|replace_iron_efficient_model|replace_tv_efficient_model|saving_mode_optimizations|shift_usage_to_morning,Highest usage is during 6 PM-8 PM. Shift ironing or cooling to morning to save cost.,Saving mode is active. Prioritize fans over AC and switch off standby loads.,Your appliance mix is stable today.,0.14,0.14,0.14,0.14,0.14,0.25,0.47,0.81,0.81,0.53,0.37,0.49,0.53,0.51,0.44,0.43,0.58,0.85,1.19,1.38,1.18,0.82,0.53,0.28,1578,6.7,4,good,yes,10.57,63.42,68.3,1,9.0,68,13.5,3,good,yes,0.92,5.52,5.9,0,1.6,1231,2.3,5,good,yes,2.83,16.98,18.3,1,2.2,200,5.8,4,good,yes,1.16,6.96,7.5,1,1.1
2026-01-22,Thursday,January,0.945,0,medium,23.4,0,0,20.29,1.52,7 PM,6 PM-8 PM,0.85,121.74,3652.2,4077.58,19.17,16.56,17.74,3.73,increased,AC health issue increased consumption,63,55,16.64,0,tired,64,"Usage rising, reduce load",Your pet is tired. A little saving today will help it recover.,0,Recovery Mode,2,2,sudden_spike|ac_fault,replace_ac_efficient_model|shift_usage_to_morning,Highest usage is during 6 PM-8 PM. Shift ironing or cooling to morning to save cost.,You can improve efficiency by cutting AC usage by 1 hour.,Your appliance mix is stable today.,0.25,0.22,0.18,0.19,0.28,0.35,0.68,1.06,0.94,0.68,0.61,0.66,0.71,0.71,0.64,0.69,0.84,1.02,1.35,1.52,1.31,1.02,0.79,0.44,1528,8.3,4,good,yes,12.68,76.08,88.5,1,9.0,72,11.5,3,good,yes,0.83,4.98,5.8,0,1.6,1243,0.2,5,good,yes,0.25,1.5,1.7,0,2.2,111,5.0,4,good,yes,0.56,3.36,3.9,0,1.1
2026-01-23,Friday,January,0.948,0,high,27.6,1.5,0,20.17,1.47,7 PM,6 PM-8 PM,0.84,121.02,3630.6,3952.55,20.21,20.29,18.25,-0.12,decreased,AC health issue increased consumption,63,59,16.54,0.1,tired,64,"Usage rising, reduce load",Your pet is tired. A little saving today will help it recover.,0,Recovery Mode,2,2,sudden_spike|ac_fault,replace_ac_efficient_model|shift_usage_to_morning,Highest usage is during 6 PM-8 PM. Shift ironing or cooling to morning to save cost.,You can improve efficiency by cutting AC usage by 1 hour.,Your appliance mix is stable today.,0.32,0.28,0.24,0.24,0.3,0.42,0.69,1.08,0.93,0.63,0.59,0.68,0.78,0.71,0.6,0.62,0.81,0.97,1.42,1.47,1.35,0.92,0.78,0.44,1526,7.0,4,good,no,10.68,64.08,80.9,1,9.0,88,12.3,3,good,yes,1.08,6.48,8.2,0,1.6,1162,0.5,5,good,yes,0.58,3.48,4.4,0,2.2,143,6.0,4,good,yes,0.86,5.16,6.5,0,1.1
2026-01-24,Saturday,January,0.951,1,low,26.9,1.0,1,16.66,1.37,7 PM,6 PM-8 PM,0.69,99.96,2998.8,3213.03,17.71,20.17,18.27,-3.51,decreased,AC health issue increased consumption,76,76,13.66,2.88,sick,94,High usage detected!,Your pet is suffering because heavy usage or a faulty appliance is stressing the home.,0,Steady Guardian,4,4,sudden_spike|pet_suffering|ac_fault|fan_fault,replace_ac_efficient_model|replace_fan_efficient_model|saving_mode_optimizations|shift_usage_to_morning,Highest usage is during 6 PM-8 PM. Shift ironing or cooling to morning to save cost.,Saving mode is active. Prioritize fans over AC and switch off standby loads.,Your appliance mix is stable today.,0.15,0.14,0.14,0.14,0.14,0.21,0.6,0.83,0.81,0.5,0.48,0.52,0.6,0.57,0.54,0.47,0.61,0.81,1.27,1.37,1.26,0.78,0.52,0.34,1599,7.3,4,good,yes,11.67,70.02,89.9,1,9.0,30,11.1,3,good,no,0.33,1.98,2.5,1,1.6,1149,0.6,5,good,yes,0.69,4.14,5.3,0,2.2,54,5.3,4,good,yes,0.29,1.74,2.2,0,1.1
2026-01-25,Sunday,January,0.954,1,high,29.0,0,0,20.96,1.55,7 PM,6 PM-8 PM,0.87,125.76,3772.8,4140.06,19.67,16.66,18.78,4.3,increased,AC health issue increased consumption,61,53,17.19,0,sick,94,High usage detected!,Your pet is suffering because heavy usage or a faulty appliance is stressing the home.,0,Recovery Mode,5,3,sudden_spike|pet_suffering|ac_fault|tv_fault|phantom_load_tv,replace_ac_efficient_model|replace_tv_efficient_model|shift_usage_to_morning,Highest usage is during 6 PM-8 PM. Shift ironing or cooling to morning to save cost.,You can improve efficiency by cutting AC usage by 1 hour.,TV standby may be wasting power,0.22,0.23,0.2,0.25,0.2,0.38,0.72,1.11,1.01,0.62,0.64,0.66,0.81,0.68,0.64,0.64,0.76,1.07,1.38,1.55,1.39,0.98,0.68,0.5,1482,9.1,4,good,yes,13.49,80.94,81.6,1,9.0,47,11.1,3,good,yes,0.52,3.12,3.1,0,1.6,1173,1.8,5,good,yes,2.11,12.66,12.8,0,2.2,79,5.2,4,standby,no,0.41,2.46,2.5,1,1.1
2026-01-26,Monday,January,0.957,0,medium,24.4,1.7,1,16.17,1.4,7 PM,6 PM-8 PM,0.67,97.02,2910.6,3125.82,17.61,20.96,18.26,-4.79,decreased,AC health issue increased consumption,78,79,13.26,3.93,sick,94,High usage detected!,Your pet is suffering because heavy usage or a faulty appliance is stressing the home.,0,Steady Guardian,5,5,sudden_spike|pet_suffering|ac_fault|fan_fault|iron_fault,replace_ac_efficient_model|replace_fan_efficient_model|replace_iron_efficient_model|saving_mode_optimizations|shift_usage_to_morning,Highest usage is during 6 PM-8 PM. Shift ironing or cooling to morning to save cost.,Saving mode is active. Prioritize fans over AC and switch off standby loads.,Your appliance mix is stable today.,0.14,0.14,0.14,0.14,0.14,0.27,0.58,0.84,0.78,0.47,0.45,0.45,0.54,0.53,0.47,0.53,0.64,0.84,1.25,1.4,1.26,0.84,0.55,0.33,1427,6.7,4,good,yes,9.56,57.36,86.0,1,9.0,97,12.1,3,good,no,1.17,7.02,10.5,1,1.6,1233,0.2,5,good,no,0.25,1.5,2.2,1,2.2,36,3.8,4,good,yes,0.14,0.84,1.3,0,1.1
2026-01-27,Tuesday,January,0.96,0,medium,25.6,0.3,0,20.13,1.58,7 PM,6 PM-8 PM,0.84,120.78,3623.4,3859.2,18.94,16.17,18.71,3.96,increased,AC health issue increased consumption,64,56,16.51,0,sick,94,High usage detected!,Your pet is suffering because heavy usage or a faulty appliance is stressing the home.,0,Recovery Mode,4,3,sudden_spike|pet_suffering|ac_fault|fan_fault,replace_ac_efficient_model|replace_fan_efficient_model|shift_usage_to_morning,Highest usage is during 6 PM-8 PM. Shift ironing or cooling to morning to save cost.,You can improve efficiency by cutting AC usage by 1 hour.,Your appliance mix is stable today.,0.22,0.25,0.25,0.22,0.29,0.42,0.7,1.05,0.94,0.65,0.62,0.65,0.71,0.69,0.67,0.67,0.76,1.09,1.34,1.58,1.33,0.93,0.77,0.51,1562,6.7,4,good,yes,10.47,62.82,81.8,1,9.0,138,11.8,3,slow,no,1.63,9.78,12.7,1,1.6,1304,0.2,5,good,yes,0.26,1.56,2.0,0,2.2,99,4.4,4,good,yes,0.44,2.64,3.4,0,1.1
2026-01-28,Wednesday,January,0.963,0,high,25.1,4.3,1,16.77,1.36,7 PM,6 PM-8 PM,0.7,100.62,3018.6,3223.37,17.78,20.13,18.74,-3.36,decreased,AC health issue increased consumption,76,75,13.75,2.76,sick,94,High usage detected!,Your pet is suffering because heavy usage or a faulty appliance is stressing the home.,0,Steady Guardian,5,4,sudden_spike|pet_suffering|ac_fault|tv_fault|phantom_load_tv,replace_ac_efficient_model|replace_tv_efficient_model|saving_mode_optimizations|shift_usage_to_morning,Highest usage is during 6 PM-8 PM. Shift ironing or cooling to morning to save cost.,Saving mode is active. Prioritize fans over AC and switch off standby loads.,TV standby may be wasting power,0.14,0.14,0.14,0.14,0.14,0.26,0.58,0.89,0.8,0.43,0.49,0.51,0.54,0.47,0.49,0.47,0.6,0.79,1.26,1.36,1.18,0.75,0.57,0.23,1611,7.9,4,good,yes,12.73,76.38,82.3,1,9.0,111,11.8,3,good,yes,1.31,7.86,8.5,0,1.6,1304,0.6,5,good,yes,0.78,4.68,5.0,0,2.2,172,3.7,4,standby,no,0.64,3.84,4.1,1,1.1
2026-01-29,Thursday,January,0.966,0,medium,27.3,2.0,0,20.28,1.51,7 PM,6 PM-8 PM,0.85,121.68,3650.4,3740.95,19.23,16.77,18.73,3.51,increased,AC health issue increased consumption,63,55,16.63,0,sick,94,High usage detected!,Your pet is suffering because heavy usage or a faulty appliance is stressing the home.,0,Recovery Mode,4,3,sudden_spike|pet_suffering|ac_fault|iron_fault,replace_ac_efficient_model|replace_iron_efficient_model|shift_usage_to_morning,Highest usage is during 6 PM-8 PM. Shift ironing or cooling to morning to save cost.,You can improve efficiency by cutting AC usage by 1 hour.,Your appliance mix is stable today.,0.24,0.23,0.19,0.16,0.28,0.41,0.74,1.04,0.94,0.73,0.57,0.63,0.82,0.74,0.69,0.66,0.77,1.04,1.4,1.51,1.39,0.95,0.75,0.49,1510,6.7,4,good,yes,10.12,60.72,76.6,1,9.0,5,12.1,3,good,yes,0.06,0.36,0.5,0,1.6,1139,2.0,5,good,yes,2.28,13.68,17.2,1,2.2,166,4.6,4,good,yes,0.76,4.56,5.7,0,1.1
2026-01-30,Friday,January,0.969,0,high,31.2,5.5,1,16.85,1.38,7 PM,6 PM-8 PM,0.7,101.1,3033.0,3390.42,17.88,20.28,18.26,-3.43,decreased,AC health issue increased consumption,75,74,13.82,2.81,sick,94,High usage detected!,Your pet is suffering because heavy usage or a faulty appliance is stressing the home.,0,Steady Guardian,4,4,sudden_spike|pet_suffering|ac_fault|iron_fault,replace_ac_efficient_model|replace_iron_efficient_model|saving_mode_optimizations|shift_usage_to_morning,Highest usage is during 6 PM-8 PM. Shift ironing or cooling to morning to save cost.,Saving mode is active. Prioritize fans over AC and switch off standby loads.,Your appliance mix is stable today.,0.14,0.14,0.14,0.14,0.14,0.2,0.53,0.83,0.84,0.52,0.41,0.51,0.52,0.53,0.47,0.46,0.66,0.84,1.27,1.38,1.16,0.75,0.53,0.25,1459,8.5,4,good,yes,12.4,74.4,78.1,1,9.0,40,13.4,3,good,yes,0.54,3.24,3.4,0,1.6,1238,1.8,5,good,yes,2.23,13.38,14.0,1,2.2,134,5.3,4,good,yes,0.71,4.26,4.5,0,1.1
2026-01-31,Saturday,January,0.972,1,medium,26.0,0,0,20.68,1.6,7 PM,6 PM-8 PM,0.86,124.08,3722.4,4120.21,19.53,16.85,18.83,3.83,increased,AC health issue increased consumption,62,54,16.96,0,sick,94,High usage detected!,Your pet is suffering because heavy usage or a faulty appliance is stressing the home.,0,Recovery Mode,4,3,sudden_spike|pet_suffering|ac_fault|fan_fault,replace_ac_efficient_model|replace_fan_efficient_model|shift_usage_to_morning,Highest usage is during 6 PM-8 PM. Shift ironing or cooling to morning to save cost.,You can improve efficiency by cutting AC usage by 1 hour.,Your appliance mix is stable today.,0.27,0.21,0.19,0.15,0.26,0.38,0.73,1.02,1.02,0.63,0.68,0.71,0.78,0.71,0.66,0.7,0.85,1.1,1.41,1.6,1.41,0.97,0.75,0.43,1435,7.7,4,good,yes,11.05,66.3,79.3,1,9.0,82,13.5,3,good,no,1.11,6.66,8.0,1,1.6,1130,0.9,5,good,yes,1.02,6.12,7.3,0,2.2,132,5.7,4,good,yes,0.75,4.5,5.4,0,1.1
2026-02-01,Sunday,February,0.975,1,high,26.7,7.4,0,21.06,1.59,7 PM,6 PM-8 PM,0.88,126.36,3790.8,3755.62,20.95,20.68,18.85,0.38,increased,AC health issue increased consumption,60,56,17.27,0,sick,94,High usage detected!,Your pet is suffering because heavy usage or a faulty appliance is stressing the home.,0,Recovery Mode,4,3,sudden_spike|pet_suffering|ac_fault|fan_fault,replace_ac_efficient_model|replace_fan_efficient_model|shift_usage_to_morning,Highest usage is during 6 PM-8 PM. Shift ironing or cooling to morning to save cost.,You can improve efficiency by cutting AC usage by 1 hour.,Your appliance mix is stable today.,0.25,0.24,0.2,0.14,0.18,0.39,0.69,1.07,0.98,0.7,0.65,0.62,0.75,0.64,0.62,0.72,0.81,1.01,1.4,1.59,1.34,0.95,0.76,0.49,1591,8.4,4,good,yes,13.36,80.16,76.0,1,9.0,170,13.3,3,good,no,2.26,13.56,12.9,1,1.6,1250,1.2,5,good,yes,1.5,9.0,8.5,0,2.2,66,6.8,4,good,yes,0.45,2.7,2.6,0,1.1
2026-02-02,Monday,February,0.978,0,high,26.0,3.6,0,21.15,1.57,7 PM,6 PM-8 PM,0.88,126.9,3807.0,3739.02,21.12,21.06,19.56,0.09,increased,AC health issue increased consumption,60,56,17.34,0,sick,94,High usage detected!,Your pet is suffering because heavy usage or a faulty appliance is stressing the home.,0,Recovery Mode,4,3,sudden_spike|pet_suffering|ac_fault|fan_fault,replace_ac_efficient_model|replace_fan_efficient_model|shift_usage_to_morning,Highest usage is during 6 PM-8 PM. Shift ironing or cooling to morning to save cost.,You can improve efficiency by cutting AC usage by 1 hour.,Your appliance mix is stable today.,0.28,0.25,0.23,0.14,0.21,0.4,0.67,1.03,0.92,0.69,0.64,0.68,0.7,0.68,0.62,0.69,0.76,1.02,1.37,1.57,1.37,0.97,0.7,0.49,1540,8.9,4,good,no,13.71,82.26,74.0,1,9.0,141,13.5,3,good,yes,1.9,11.4,10.3,1,1.6,1192,1.8,5,good,yes,2.15,12.9,11.6,0,2.2,127,6.0,4,good,yes,0.76,4.56,4.1,0,1.1
2026-02-03,Tuesday,February,0.981,0,medium,25.7,2.4,0,20.71,1.56,7 PM,6 PM-8 PM,0.86,124.26,3727.8,4012.45,20.84,21.15,19.64,-0.44,decreased,AC health issue increased consumption,61,57,16.98,0.36,sick,94,High usage detected!,Your pet is suffering because heavy usage or a faulty appliance is stressing the home.,0,Recovery Mode,4,3,sudden_spike|pet_suffering|ac_fault|fan_fault,replace_ac_efficient_model|replace_fan_efficient_model|shift_usage_to_morning,Highest usage is during 6 PM-8 PM. Shift ironing or cooling to morning to save cost.,You can improve efficiency by cutting AC usage by 1 hour.,Your appliance mix is stable today.,0.28,0.19,0.26,0.25,0.24,0.43,0.72,1.13,0.95,0.68,0.69,0.64,0.77,0.7,0.61,0.64,0.82,1.03,1.48,1.56,1.35,1.05,0.8,0.5,1457,6.9,4,good,yes,10.05,60.3,75.3,1,9.0,115,12.8,3,good,no,1.47,8.82,11.0,1,1.6,1234,1.4,5,good,yes,1.73,10.38,13.0,0,2.2,24,4.2,4,good,yes,0.1,0.6,0.7,0,1.1
2026-02-04,Wednesday,February,0.985,0,low,26.0,1.4,1,17.4,1.42,7 PM,6 PM-8 PM,0.72,104.4,3132.0,3073.57,18.39,20.71,19.73,-3.31,decreased,AC health issue increased consumption,73,72,14.27,2.71,tired,64,"Usage rising, reduce load",Your pet is tired. A little saving today will help it recover.,0,Steady Guardian,2,3,sudden_spike|ac_fault,replace_ac_efficient_model|saving_mode_optimizations|shift_usage_to_morning,Highest usage is during 6 PM-8 PM. Shift ironing or cooling to morning to save cost.,Saving mode is active. Prioritize fans over AC and switch off standby loads.,Your appliance mix is stable today.,0.14,0.14,0.14,0.14,0.15,0.24,0.59,0.94,0.84,0.56,0.45,0.46,0.6,0.57,0.47,0.56,0.67,0.89,1.32,1.42,1.28,0.85,0.54,0.37,1431,8.2,4,good,yes,11.73,70.38,84.0,1,9.0,59,12.9,3,good,yes,0.76,4.56,5.4,0,1.6,1137,0.7,5,good,yes,0.8,4.8,5.7,0,2.2,180,3.8,4,good,yes,0.68,4.08,4.9,0,1.1
2026-02-05,Thursday,February,0.988,0,high,26.6,2.2,0,21.28,1.54,7 PM,6 PM-8 PM,0.89,127.68,3830.4,4122.79,20.12,17.4,19.88,3.88,increased,AC health issue increased consumption,59,51,17.45,0,sick,94,High usage detected!,Your pet is suffering because heavy usage or a faulty appliance is stressing the home.,0,Recovery Mode,4,3,sudden_spike|pet_suffering|ac_fault|iron_fault,replace_ac_efficient_model|replace_iron_efficient_model|shift_usage_to_morning,Highest usage is during 6 PM-8 PM. Shift ironing or cooling to morning to save cost.,You can improve efficiency by cutting AC usage by 1 hour.,Your appliance mix is stable today.,0.24,0.27,0.21,0.23,0.28,0.44,0.7,1.12,0.99,0.67,0.59,0.65,0.73,0.77,0.67,0.76,0.83,1.04,1.46,1.54,1.4,1.04,0.8,0.46,1451,8.7,4,good,yes,12.62,75.72,82.0,1,9.0,97,12.9,3,good,yes,1.25,7.5,8.1,0,1.6,1218,0.7,5,good,no,0.85,5.1,5.5,1,2.2,114,5.9,4,good,yes,0.67,4.02,4.4,0,1.1
2026-02-06,Friday,February,0.991,0,medium,30.4,4.9,0,20.06,1.52,7 PM,6 PM-8 PM,0.84,120.36,3610.8,3772.25,20.43,21.28,20.33,-1.22,decreased,AC health issue increased consumption,64,61,16.45,1.0,tired,64,"Usage rising, reduce load",Your pet is tired. A little saving today will help it recover.,0,Recovery Mode,2,2,sudden_spike|ac_fault,replace_ac_efficient_model|shift_usage_to_morning,Highest usage is during 6 PM-8 PM. Shift ironing or cooling to morning to save cost.,You can improve efficiency by cutting AC usage by 1 hour.,Your appliance mix is stable today.,0.2,0.19,0.16,0.17,0.26,0.34,0.72,1.05,1.0,0.71,0.63,0.65,0.77,0.73,0.59,0.69,0.79,1.04,1.44,1.52,1.33,1.02,0.75,0.45,1452,6.8,4,good,yes,9.87,59.22,75.9,1,9.0,88,11.9,3,good,yes,1.05,6.3,8.1,0,1.6,1128,1.4,5,good,yes,1.58,9.48,12.1,0,2.2,114,4.5,4,good,yes,0.51,3.06,3.9,0,1.1
2026-02-07,Saturday,February,0.994,1,low,27.1,3.8,0,21.62,1.62,7 PM,6 PM-8 PM,0.9,129.72,3891.6,4043.54,21.15,20.06,20.47,1.56,increased,AC health issue increased consumption,58,52,17.73,0,sick,94,High usage detected!,Your pet is suffering because heavy usage or a faulty appliance is stressing the home.,0,Recovery Mode,5,4,sudden_spike|pet_suffering|ac_fault|fan_fault|iron_fault,replace_ac_efficient_model|replace_fan_efficient_model|replace_iron_efficient_model|shift_usage_to_morning,Highest usage is during 6 PM-8 PM. Shift ironing or cooling to morning to save cost.,You can improve efficiency by cutting AC usage by 1 hour.,Your appliance mix is stable today.,0.3,0.15,0.15,0.18,0.29,0.33,0.76,1.09,0.94,0.68,0.64,0.72,0.72,0.65,0.59,0.64,0.83,1.1,1.45,1.62,1.45,1.0,0.76,0.46,1494,8.9,4,good,yes,13.3,79.8,71.1,1,9.0,177,12.8,3,good,yes,2.27,13.62,12.1,1,1.6,1164,2.4,5,good,yes,2.79,16.74,14.9,1,2.2,51,6.9,4,good,yes,0.35,2.1,1.9,0,1.1
2026-02-08,Sunday,February,0.997,1,low,27.7,0.6,0,21.54,1.59,7 PM,6 PM-8 PM,0.9,129.24,3877.2,4103.27,21.56,21.62,20.54,-0.08,decreased,AC health issue increased consumption,58,54,17.66,0.07,sick,94,High usage detected!,Your pet is suffering because heavy usage or a faulty appliance is stressing the home.,0,Recovery Mode,5,4,sudden_spike|pet_suffering|ac_fault|iron_fault|tv_fault,replace_ac_efficient_model|replace_iron_efficient_model|replace_tv_efficient_model|shift_usage_to_morning,Highest usage is during 6 PM-8 PM. Shift ironing or cooling to morning to save cost.,You can improve efficiency by cutting AC usage by 1 hour.,Your appliance mix is stable today.,0.29,0.19,0.2,0.27,0.3,0.41,0.79,1.14,0.96,0.75,0.67,0.68,0.81,0.71,0.72,0.74,0.85,1.04,1.5,1.59,1.48,0.96,0.72,0.45,1462,7.0,4,good,yes,10.23,61.38,67.9,1,9.0,52,11.9,3,good,yes,0.62,3.72,4.1,0,1.6,1192,2.5,5,good,yes,2.98,17.88,19.8,1,2.2,182,6.8,4,good,yes,1.24,7.44,8.2,1,1.1
2026-02-09,Monday,February,1.0,0,high,24.7,4.5,0,20.96,1.62,7 PM,6 PM-8 PM,0.87,125.76,3772.8,3814.52,21.13,21.54,20.51,-0.58,decreased,AC health issue increased consumption,61,58,17.19,0.48,sick,94,High usage detected!,Your pet is suffering because heavy usage or a faulty appliance is stressing the home.,0,Recovery Mode,4,3,sudden_spike|pet_suffering|ac_fault|fan_fault,replace_ac_efficient_model|replace_fan_efficient_model|shift_usage_to_morning,Highest usage is during 6 PM-8 PM. Shift ironing or cooling to morning to save cost.,You can improve efficiency by cutting AC usage by 1 hour.,Your appliance mix is stable today.,0.3,0.17,0.21,0.21,0.25,0.42,0.74,1.11,0.92,0.62,0.64,0.67,0.78,0.73,0.64,0.7,0.81,1.07,1.39,1.62,1.4,1.03,0.76,0.44,1438,8.4,4,overheat,no,12.08,72.48,79.8,1,9.0,47,11.9,3,good,no,0.56,3.36,3.7,1,1.6,1201,1.7,5,good,yes,2.04,12.24,13.5,0,2.2,122,3.8,4,good,yes,0.46,2.76,3.0,0,1.1
2026-02-10,Tuesday,February,1.003,0,medium,26.0,0.8,1,18.17,1.39,7 PM,6 PM-8 PM,0.76,109.02,3270.6,3290.8,19.01,20.96,20.15,-2.79,decreased,AC health issue increased consumption,71,70,14.9,2.29,tired,64,"Usage rising, reduce load",Your pet is tired. A little saving today will help it recover.,0,Steady Guardian,2,3,sudden_spike|ac_fault,replace_ac_efficient_model|saving_mode_optimizations|shift_usage_to_morning,Highest usage is during 6 PM-8 PM. Shift ironing or cooling to morning to save cost.,Saving mode is active. Prioritize fans over AC and switch off standby loads.,Your appliance mix is stable today.,0.17,0.14,0.14,0.14,0.16,0.29,0.65,0.97,0.82,0.5,0.55,0.53,0.68,0.57,0.47,0.54,0.68,0.89,1.3,1.39,1.25,0.87,0.65,0.35,1493,8.0,4,good,yes,11.94,71.64,75.8,1,9.0,105,11.4,3,good,yes,1.2,7.2,7.6,0,1.6,1213,1.8,5,good,yes,2.18,13.08,13.8,0,2.2,122,3.6,4,good,yes,0.44,2.64,2.8,0,1.1
2026-02-11,Wednesday,February,1.006,0,high,27.2,2.7,0,22.12,1.61,7 PM,6 PM-8 PM,0.92,132.72,3981.6,4194.19,20.94,18.17,20.82,3.95,increased,AC health issue increased consumption,56,48,18.14,0,sick,94,High usage detected!,Your pet is suffering because heavy usage or a faulty appliance is stressing the home.,0,Recovery Mode,4,3,sudden_spike|pet_suffering|ac_fault|fan_fault,replace_ac_efficient_model|replace_fan_efficient_model|shift_usage_to_morning,Highest usage is during 6 PM-8 PM. Shift ironing or cooling to morning to save cost.,You can improve efficiency by cutting AC usage by 1 hour.,Your appliance mix is stable today.,0.26,0.3,0.24,0.17,0.33,0.4,0.8,1.09,1.07,0.73,0.62,0.7,0.79,0.68,0.64,0.69,0.84,1.08,1.47,1.61,1.42,1.04,0.73,0.55,1609,8.8,4,good,yes,14.16,84.96,80.5,1,9.0,124,13.2,3,good,yes,1.64,9.84,9.3,1,1.6,1301,1.3,5,good,yes,1.69,10.14,9.6,0,2.2,24,4.5,4,good,yes,0.11,0.66,0.6,0,1.1
2026-02-12,Thursday,February,1.009,0,medium,29.7,3.4,1,17.4,1.39,7 PM,6 PM-8 PM,0.72,104.4,3132.0,3329.1,18.82,22.12,20.27,-4.72,decreased,AC health issue increased consumption,73,74,14.27,3.87,sick,94,High usage detected!,Your pet is suffering because heavy usage or a faulty appliance is stressing the home.,0,Steady Guardian,4,4,sudden_spike|pet_suffering|ac_fault|fan_fault,replace_ac_efficient_model|replace_fan_efficient_model|saving_mode_optimizations|shift_usage_to_morning,Highest usage is during 6 PM-8 PM. Shift ironing or cooling to morning to save cost.,Saving mode is active. Prioritize fans over AC and switch off standby loads.,Your appliance mix is stable today.,0.14,0.14,0.14,0.14,0.14,0.17,0.57,0.92,0.86,0.55,0.45,0.55,0.58,0.56,0.52,0.49,0.65,0.89,1.26,1.39,1.25,0.85,0.58,0.35,1606,6.8,4,overheat,no,10.92,65.52,73.8,1,9.0,164,12.3,3,good,yes,2.02,12.12,13.6,1,1.6,1164,1.0,5,good,yes,1.16,6.96,7.8,0,2.2,159,4.4,4,good,yes,0.7,4.2,4.7,0,1.1
2026-02-13,Friday,February,1.012,0,low,29.8,0,0,22.11,1.65,7 PM,6 PM-8 PM,0.92,132.66,3979.8,3968.87,20.7,17.4,20.56,4.71,increased,AC health issue increased consumption,56,47,18.13,0,sick,94,High usage detected!,Your pet is suffering because heavy usage or a faulty appliance is stressing the home.,0,Recovery Mode,5,4,sudden_spike|pet_suffering|ac_fault|iron_fault|tv_fault,replace_ac_efficient_model|replace_iron_efficient_model|replace_tv_efficient_model|shift_usage_to_morning,Highest usage is during 6 PM-8 PM. Shift ironing or cooling to morning to save cost.,You can improve efficiency by cutting AC usage by 1 hour.,Your appliance mix is stable today.,0.34,0.22,0.2,0.27,0.33,0.45,0.79,1.14,1.02,0.71,0.67,0.75,0.83,0.71,0.7,0.72,0.9,1.08,1.45,1.65,1.4,0.98,0.83,0.45,1533,8.3,4,good,yes,12.72,76.32,79.5,1,9.0,49,11.5,3,good,yes,0.56,3.36,3.5,0,1.6,1263,1.6,5,good,no,2.02,12.12,12.6,1,2.2,170,4.1,4,good,no,0.7,4.2,4.4,1,1.1
2026-02-14,Saturday,February,1.015,1,low,28.1,3.9,0,21.5,1.64,7 PM,6 PM-8 PM,0.9,129.0,3870.0,4296.36,21.68,22.11,20.54,-0.61,decreased,AC health issue increased consumption,59,56,17.63,0.5,sick,94,High usage detected!,Your pet is suffering because heavy usage or a faulty appliance is stressing the home.,0,Recovery Mode,5,4,sudden_spike|pet_suffering|ac_fault|fan_fault|iron_fault,replace_ac_efficient_model|replace_fan_efficient_model|replace_iron_efficient_model|shift_usage_to_morning,Highest usage is during 6 PM-8 PM. Shift ironing or cooling to morning to save cost.,You can improve efficiency by cutting AC usage by 1 hour.,Your appliance mix is stable today.,0.19,0.22,0.24,0.17,0.3,0.43,0.74,1.05,1.05,0.66,0.65,0.72,0.72,0.72,0.66,0.72,0.88,1.12,1.4,1.64,1.38,1.06,0.81,0.46,1546,7.1,4,good,yes,10.98,65.88,68.9,1,9.0,69,13.3,3,good,no,0.92,5.52,5.8,1,1.6,1147,2.7,5,good,yes,3.1,18.6,19.4,1,2.2,136,6.9,4,good,yes,0.94,5.64,5.9,0,1.1
2026-02-15,Sunday,February,1.019,1,low,31.1,3.5,0,20.43,1.65,7 PM,6 PM-8 PM,0.85,122.58,3677.4,3713.28,20.75,21.5,20.38,-1.07,decreased,AC health issue increased consumption,62,59,16.75,0.88,sick,94,High usage detected!,Your pet is suffering because heavy usage or a faulty appliance is stressing the home.,0,Recovery Mode,4,3,sudden_spike|pet_suffering|ac_fault|iron_fault,replace_ac_efficient_model|replace_iron_efficient_model|shift_usage_to_morning,Highest usage is during 6 PM-8 PM. Shift ironing or cooling to morning to save cost.,You can improve efficiency by cutting AC usage by 1 hour.,Your appliance mix is stable today.,0.29,0.19,0.22,0.2,0.27,0.33,0.72,1.06,1.02,0.65,0.65,0.69,0.76,0.7,0.64,0.68,0.78,1.13,1.44,1.65,1.37,0.99,0.75,0.44,1504,7.4,4,good,yes,11.13,66.78,87.2,1,9.0,-3,11.7,3,good,yes,-0.04,-0.24,-0.3,0,1.6,1180,0.5,5,overheat,no,0.59,3.54,4.6,1,2.2,195,5.6,4,good,yes,1.09,6.54,8.5,0,1.1
2026-02-16,Monday,February,1.022,0,low,26.7,5.9,0,21.72,1.64,7 PM,6 PM-8 PM,0.9,130.32,3909.6,3945.99,21.33,20.43,20.49,1.29,increased,AC health issue increased consumption,58,53,17.81,0,sick,94,High usage detected!,Your pet is suffering because heavy usage or a faulty appliance is stressing the home.,0,Recovery Mode,4,3,sudden_spike|pet_suffering|ac_fault|fan_fault,replace_ac_efficient_model|replace_fan_efficient_model|shift_usage_to_morning,Highest usage is during 6 PM-8 PM. Shift ironing or cooling to morning to save cost.,You can improve efficiency by cutting AC usage by 1 hour.,Your appliance mix is stable today.,0.31,0.21,0.19,0.24,0.23,0.41,0.8,1.12,1.04,0.72,0.67,0.7,0.79,0.75,0.67,0.7,0.81,1.12,1.4,1.64,1.48,0.98,0.76,0.43,1553,7.8,4,good,yes,12.11,72.66,75.0,1,9.0,178,12.5,3,good,no,2.23,13.38,13.8,1,1.6,1134,1.0,5,good,yes,1.13,6.78,7.0,0,2.2,136,5.0,4,good,yes,0.68,4.08,4.2,0,1.1
2026-02-17,Tuesday,February,1.025,0,low,24.6,5.5,1,18.75,1.5,7 PM,6 PM-8 PM,0.78,112.5,3375.0,3444.81,19.64,21.72,20.58,-2.97,decreased,AC health issue increased consumption,68,67,15.37,2.44,sick,94,High usage detected!,Your pet is suffering because heavy usage or a faulty appliance is stressing the home.,0,Recovery Mode,4,4,sudden_spike|pet_suffering|ac_fault|iron_fault,replace_ac_efficient_model|replace_iron_efficient_model|saving_mode_optimizations|shift_usage_to_morning,Highest usage is during 6 PM-8 PM. Shift ironing or cooling to morning to save cost.,Saving mode is active. Prioritize fans over AC and switch off standby loads.,Your appliance mix is stable today.,0.14,0.14,0.14,0.14,0.14,0.29,0.64,0.88,0.9,0.47,0.47,0.55,0.65,0.62,0.52,0.53,0.73,0.9,1.34,1.5,1.26,0.88,0.62,0.32,1587,8.9,4,good,no,14.12,84.72,78.0,1,9.0,95,12.4,3,good,yes,1.18,7.08,6.5,0,1.6,1177,2.0,5,good,yes,2.35,14.1,13.0,1,2.2,96,4.7,4,good,yes,0.45,2.7,2.5,0,1.1
2026-02-18,Wednesday,February,1.028,0,high,25.7,2.7,1,18.47,1.54,7 PM,6 PM-8 PM,0.77,110.82,3324.6,3284.78,18.55,18.75,20.05,-0.28,decreased,AC health issue increased consumption,70,66,15.15,0.23,tired,64,"Usage rising, reduce load",Your pet is tired. A little saving today will help it recover.,0,Steady Guardian,2,3,sudden_spike|ac_fault,replace_ac_efficient_model|saving_mode_optimizations|shift_usage_to_morning,Highest usage is during 6 PM-8 PM. Shift ironing or cooling to morning to save cost.,Saving mode is active. Prioritize fans over AC and switch off standby loads.,Your appliance mix is stable today.,0.16,0.14,0.14,0.14,0.17,0.31,0.59,0.92,0.89,0.55,0.53,0.59,0.62,0.54,0.53,0.57,0.73,0.98,1.28,1.54,1.27,0.94,0.64,0.35,1617,8.4,4,good,yes,13.58,81.48,89.3,1,9.0,72,13.3,3,good,yes,0.96,5.76,6.3,0,1.6,1253,0.4,5,good,yes,0.5,3.0,3.3,0,2.2,35,4.9,4,good,yes,0.17,1.02,1.1,0,1.1
2026-02-19,Thursday,February,1.031,0,low,30.0,4.7,0,21.08,1.58,7 PM,6 PM-8 PM,0.88,126.48,3794.4,4170.49,20.3,18.47,20.58,2.61,increased,AC health issue increased consumption,60,53,17.29,0,sick,94,High usage detected!,Your pet is suffering because heavy usage or a faulty appliance is stressing the home.,0,Recovery Mode,4,3,sudden_spike|pet_suffering|ac_fault|iron_fault,replace_ac_efficient_model|replace_iron_efficient_model|shift_usage_to_morning,Highest usage is during 6 PM-8 PM. Shift ironing or cooling to morning to save cost.,You can improve efficiency by cutting AC usage by 1 hour.,Your appliance mix is stable today.,0.32,0.27,0.22,0.22,0.23,0.38,0.71,1.09,1.04,0.69,0.68,0.66,0.81,0.76,0.72,0.71,0.89,1.09,1.42,1.58,1.4,1.04,0.81,0.52,1443,8.0,4,good,yes,11.54,69.24,90.2,1,9.0,8,11.7,3,good,yes,0.09,0.54,0.7,0,1.6,1274,0.2,5,good,no,0.25,1.5,2.0,1,2.2,170,5.4,4,good,yes,0.92,5.52,7.2,0,1.1
2026-02-20,Friday,February,1.034,0,high,24.7,0,0,21.61,1.7,7 PM,6 PM-8 PM,0.9,129.66,3889.8,4160.43,21.45,21.08,20.51,0.53,increased,AC health issue increased consumption,58,53,17.72,0,sick,94,High usage detected!,Your pet is suffering because heavy usage or a faulty appliance is stressing the home.,0,Recovery Mode,4,3,sudden_spike|pet_suffering|ac_fault|fan_fault,replace_ac_efficient_model|replace_fan_efficient_model|shift_usage_to_morning,Highest usage is during 6 PM-8 PM. Shift ironing or cooling to morning to save cost.,You can improve efficiency by cutting AC usage by 1 hour.,Your appliance mix is stable today.,0.24,0.31,0.22,0.19,0.29,0.39,0.84,1.14,1.08,0.71,0.68,0.7,0.79,0.76,0.7,0.69,0.93,1.11,1.54,1.7,1.46,1.04,0.8,0.47,1457,6.7,4,good,yes,9.76,58.56,76.0,1,9.0,144,12.5,3,good,yes,1.8,10.8,14.0,1,1.6,1159,0.3,5,good,yes,0.35,2.1,2.7,0,2.2,165,5.7,4,good,yes,0.94,5.64,7.3,0,1.1
2026-02-21,Saturday,February,1.037,1,high,26.7,7.0,0,22.07,1.65,7 PM,6 PM-8 PM,0.92,132.42,3972.6,4326.11,21.93,21.61,20.59,0.46,increased,AC health issue increased consumption,57,53,18.1,0,sick,94,High usage detected!,Your pet is suffering because heavy usage or a faulty appliance is stressing the home.,0,Recovery Mode,5,4,sudden_spike|pet_suffering|ac_fault|fan_fault|tv_fault,replace_ac_efficient_model|replace_fan_efficient_model|replace_tv_efficient_model|shift_usage_to_morning,Highest usage is during 6 PM-8 PM. Shift ironing or cooling to morning to save cost.,You can improve efficiency by cutting AC usage by 1 hour.,Your appliance mix is stable today.,0.28,0.22,0.16,0.22,0.21,0.42,0.76,1.16,1.02,0.71,0.59,0.63,0.83,0.78,0.7,0.74,0.83,1.13,1.44,1.65,1.39,1.03,0.75,0.49,1590,9.1,4,good,yes,14.47,86.82,80.9,1,9.0,163,12.3,3,good,no,2.0,12.0,11.2,1,1.6,1123,0.3,5,good,yes,0.34,2.04,1.9,0,2.2,157,6.8,4,good,no,1.07,6.42,6.0,1,1.1
2026-02-22,Sunday,February,1.04,1,low,25.5,3.2,1,18.3,1.49,7 PM,6 PM-8 PM,0.76,109.8,3294.0,3668.97,19.43,22.07,20.29,-3.77,decreased,AC health issue increased consumption,70,70,15.01,3.09,sick,94,High usage detected!,Your pet is suffering because heavy usage or a faulty appliance is stressing the home.,0,Steady Guardian,5,5,sudden_spike|pet_suffering|ac_fault|iron_fault|tv_fault,replace_ac_efficient_model|replace_iron_efficient_model|replace_tv_efficient_model|saving_mode_optimizations|shift_usage_to_morning,Highest usage is during 6 PM-8 PM. Shift ironing or cooling to morning to save cost.,Saving mode is active. Prioritize fans over AC and switch off standby loads.,Your appliance mix is stable today.,0.14,0.14,0.14,0.14,0.14,0.29,0.6,0.92,0.88,0.51,0.53,0.48,0.69,0.59,0.46,0.54,0.67,0.93,1.33,1.49,1.24,0.91,0.63,0.3,1444,9.0,4,good,yes,13.0,78.0,79.1,1,9.0,53,11.6,3,good,yes,0.61,3.66,3.7,0,1.6,1265,1.5,5,overheat,no,1.9,11.4,11.6,1,2.2,159,5.8,4,good,no,0.92,5.52,5.6,1,1.1
2026-02-23,Monday,February,1.043,0,high,29.5,1.9,0,23.04,1.68,7 PM,6 PM-8 PM,0.96,138.24,4147.2,4030.09,21.62,18.3,20.47,4.74,increased,AC health issue increased consumption,53,44,18.89,0,tired,64,"Usage rising, reduce load",Your pet is tired. A little saving today will help it recover.,0,Recovery Mode,2,2,sudden_spike|ac_fault,replace_ac_efficient_model|shift_usage_to_morning,Highest usage is during 6 PM-8 PM. Shift ironing or cooling to morning to save cost.,You can improve efficiency by cutting AC usage by 1 hour.,Your appliance mix is stable today.,0.33,0.3,0.21,0.23,0.29,0.47,0.81,1.15,1.04,0.76,0.71,0.74,0.77,0.79,0.69,0.69,0.84,1.08,1.52,1.68,1.5,1.12,0.78,0.53,1620,9.3,4,good,yes,15.07,90.42,82.6,1,9.0,86,12.5,3,good,yes,1.07,6.42,5.9,0,1.6,1167,1.6,5,good,yes,1.87,11.22,10.3,0,2.2,41,5.5,4,good,yes,0.23,1.38,1.3,0,1.1
2026-02-24,Tuesday,February,1.046,0,medium,31.1,2.2,1,18.75,1.46,7 PM,6 PM-8 PM,0.78,112.5,3375.0,3487.25,20.04,23.04,20.47,-4.29,decreased,AC health issue increased consumption,68,68,15.37,3.52,sick,94,High usage detected!,Your pet is suffering because heavy usage or a faulty appliance is stressing the home.,0,Recovery Mode,5,5,sudden_spike|pet_suffering|ac_fault|fan_fault|iron_fault,replace_ac_efficient_model|replace_fan_efficient_model|replace_iron_efficient_model|saving_mode_optimizations|shift_usage_to_morning,Highest usage is during 6 PM-8 PM. Shift ironing or cooling to morning to save cost.,Saving mode is active. Prioritize fans over AC and switch off standby loads.,Your appliance mix is stable today.,0.14,0.14,0.14,0.14,0.14,0.24,0.59,0.95,0.89,0.58,0.51,0.5,0.65,0.55,0.56,0.56,0.7,0.94,1.34,1.46,1.38,0.96,0.7,0.36,1463,8.5,4,overheat,no,12.44,74.64,75.3,1,9.0,121,11.4,3,slow,no,1.38,8.28,8.4,1,1.6,1243,1.8,5,good,yes,2.24,13.44,13.6,1,2.2,83,5.4,4,good,yes,0.45,2.7,2.7,0,1.1
2026-02-25,Wednesday,February,1.049,0,medium,26.0,4.4,1,17.96,1.45,7 PM,6 PM-8 PM,0.75,107.76,3232.8,3542.0,18.2,18.75,20.4,-0.79,decreased,AC health issue increased consumption,71,68,14.73,0.65,tired,64,"Usage rising, reduce load",Your pet is tired. A little saving today will help it recover.,0,Steady Guardian,3,3,sudden_spike|ac_fault|phantom_load_tv,replace_ac_efficient_model|saving_mode_optimizations|shift_usage_to_morning,Highest usage is during 6 PM-8 PM. Shift ironing or cooling to morning to save cost.,Saving mode is active. Prioritize fans over AC and switch off standby loads.,TV standby may be wasting power,0.14,0.14,0.14,0.14,0.14,0.28,0.65,1.02,0.82,0.52,0.55,0.5,0.62,0.63,0.58,0.53,0.71,0.94,1.33,1.45,1.29,0.92,0.6,0.28,1564,7.2,4,good,yes,11.26,67.56,81.4,1,9.0,41,12.8,3,good,yes,0.52,3.12,3.8,0,1.6,1306,1.0,5,good,yes,1.31,7.86,9.5,0,2.2,132,5.6,4,standby,yes,0.74,4.44,5.4,0,1.1
2026-02-26,Thursday,February,1.052,0,medium,26.0,3.3,1,18.82,1.47,7 PM,6 PM-8 PM,0.78,112.92,3387.6,3265.41,18.56,17.96,20.08,0.86,increased,AC health issue increased consumption,68,63,15.43,0,sick,94,High usage detected!,Your pet is suffering because heavy usage or a faulty appliance is stressing the home.,0,Recovery Mode,4,4,sudden_spike|pet_suffering|ac_fault|fan_fault,replace_ac_efficient_model|replace_fan_efficient_model|saving_mode_optimizations|shift_usage_to_morning,Highest usage is during 6 PM-8 PM. Shift ironing or cooling to morning to save cost.,Saving mode is active. Prioritize fans over AC and switch off standby loads.,Your appliance mix is stable today.,0.14,0.14,0.14,0.14,0.15,0.24,0.6,0.96,0.92,0.57,0.5,0.57,0.62,0.63,0.53,0.57,0.64,0.98,1.35,1.47,1.33,0.83,0.68,0.35,1522,9.2,4,good,yes,14.0,84.0,81.7,1,9.0,105,11.3,3,noise,no,1.19,7.14,6.9,1,1.6,1234,0.8,5,good,yes,0.99,5.94,5.8,0,2.2,193,5.0,4,good,yes,0.96,5.76,5.6,0,1.1
2026-02-27,Friday,February,1.055,0,low,25.8,0,0,22.55,1.65,7 PM,6 PM-8 PM,0.94,135.3,4059.0,4030.28,21.43,18.82,20.21,3.73,increased,AC health issue increased consumption,55,47,18.49,0,tired,64,"Usage rising, reduce load",Your pet is tired. A little saving today will help it recover.,0,Recovery Mode,2,2,sudden_spike|ac_fault,replace_ac_efficient_model|shift_usage_to_morning,Highest usage is during 6 PM-8 PM. Shift ironing or cooling to morning to save cost.,You can improve efficiency by cutting AC usage by 1 hour.,Your appliance mix is stable today.,0.25,0.31,0.19,0.2,0.28,0.4,0.8,1.15,1.05,0.76,0.66,0.7,0.87,0.72,0.76,0.77,0.91,1.1,1.58,1.65,1.46,1.04,0.82,0.57,1479,8.8,4,good,yes,13.02,78.12,80.6,1,9.0,42,12.7,3,good,yes,0.53,3.18,3.3,0,1.6,1127,1.7,5,good,yes,1.92,11.52,11.9,0,2.2,135,5.0,4,good,yes,0.68,4.08,4.2,0,1.1
2026-02-28,Saturday,February,1.058,1,high,25.5,2.5,1,19.41,1.48,7 PM,6 PM-8 PM,0.81,116.46,3493.8,3529.9,20.35,22.55,19.83,-3.14,decreased,AC health issue increased consumption,66,65,15.92,2.57,sick,94,High usage detected!,Your pet is suffering because heavy usage or a faulty appliance is stressing the home.,0,Recovery Mode,5,4,sudden_spike|pet_suffering|ac_fault|iron_fault|phantom_load_tv,replace_ac_efficient_model|replace_iron_efficient_model|saving_mode_optimizations|shift_usage_to_morning,Highest usage is during 6 PM-8 PM. Shift ironing or cooling to morning to save cost.,Saving mode is active. Prioritize fans over AC and switch off standby loads.,TV standby may be wasting power,0.14,0.14,0.14,0.14,0.17,0.28,0.66,1.01,0.92,0.59,0.51,0.61,0.69,0.65,0.58,0.57,0.74,0.93,1.32,1.48,1.32,0.88,0.68,0.36,1527,8.3,4,good,yes,12.67,76.02,71.5,1,9.0,103,11.6,3,good,yes,1.19,7.14,6.7,0,1.6,1297,2.7,5,good,yes,3.5,21.0,19.8,1,2.2,64,5.7,4,standby,yes,0.36,2.16,2.0,0,1.1
2026-03-01,Sunday,March,1.061,1,medium,28.7,0,1,19.59,1.56,7 PM,6 PM-8 PM,0.82,117.54,3526.2,3948.96,19.54,19.41,20.02,0.18,increased,AC health issue increased consumption,65,61,16.06,0,sick,94,High usage detected!,Your pet is suffering because heavy usage or a faulty appliance is stressing the home.,0,Recovery Mode,5,5,sudden_spike|pet_suffering|ac_fault|fan_fault|tv_fault,replace_ac_efficient_model|replace_fan_efficient_model|replace_tv_efficient_model|saving_mode_optimizations|shift_usage_to_morning,Highest usage is during 6 PM-8 PM. Shift ironing or cooling to morning to save cost.,Saving mode is active. Prioritize fans over AC and switch off standby loads.,Your appliance mix is stable today.,0.19,0.14,0.14,0.14,0.14,0.29,0.64,1.0,0.93,0.58,0.49,0.58,0.71,0.58,0.51,0.56,0.71,1.02,1.38,1.56,1.35,0.92,0.67,0.33,1559,8.8,4,good,yes,13.72,82.32,74.9,1,9.0,188,11.2,3,good,yes,2.11,12.66,11.5,1,1.6,1259,0.9,5,good,yes,1.13,6.78,6.2,0,2.2,208,6.5,4,good,yes,1.35,8.1,7.4,1,1.1
2026-03-02,Monday,March,1.064,0,low,31.7,0.6,0,22.77,1.74,7 PM,6 PM-8 PM,0.95,136.62,4098.6,4313.32,21.82,19.59,19.98,3.18,increased,AC health issue increased consumption,54,47,18.67,0,sick,94,High usage detected!,Your pet is suffering because heavy usage or a faulty appliance is stressing the home.,0,Recovery Mode,4,3,sudden_spike|pet_suffering|ac_fault|fan_fault,replace_ac_efficient_model|replace_fan_efficient_model|shift_usage_to_morning,Highest usage is during 6 PM-8 PM. Shift ironing or cooling to morning to save cost.,You can improve efficiency by cutting AC usage by 1 hour.,Your appliance mix is stable today.,0.33,0.22,0.27,0.23,0.27,0.46,0.82,1.13,1.03,0.71,0.66,0.68,0.82,0.75,0.73,0.73,0.92,1.12,1.51,1.74,1.57,1.11,0.77,0.58,1525,9.1,4,good,yes,13.88,83.28,84.5,1,9.0,162,11.4,3,good,yes,1.85,11.1,11.3,1,1.6,1183,0.2,5,good,yes,0.24,1.44,1.5,0,2.2,83,5.5,4,good,yes,0.46,2.76,2.8,0,1.1
2026-03-03,Tuesday,March,1.067,0,medium,27.3,3.0,0,23.0,1.75,7 PM,6 PM-8 PM,0.96,138.0,4140.0,4276.8,22.93,22.77,20.59,0.23,increased,AC health issue increased consumption,53,49,18.86,0,sick,94,High usage detected!,Your pet is suffering because heavy usage or a faulty appliance is stressing the home.,0,Recovery Mode,5,3,sudden_spike|pet_suffering|ac_fault|iron_fault|phantom_load_tv,replace_ac_efficient_model|replace_iron_efficient_model|shift_usage_to_morning,Highest usage is during 6 PM-8 PM. Shift ironing or cooling to morning to save cost.,You can improve efficiency by cutting AC usage by 1 hour.,TV standby may be wasting power,0.25,0.29,0.27,0.21,0.32,0.46,0.86,1.16,1.07,0.76,0.74,0.78,0.79,0.84,0.74,0.78,0.94,1.19,1.53,1.75,1.56,1.09,0.8,0.5,1560,8.2,4,good,yes,12.79,76.74,84.8,1,9.0,119,13.1,3,good,yes,1.56,9.36,10.3,0,1.6,1315,0.2,5,good,no,0.26,1.56,1.7,1,2.2,137,3.5,4,standby,yes,0.48,2.88,3.2,0,1.1
2026-03-04,Wednesday,March,1.069,0,high,33.2,4.6,0,21.19,1.67,7 PM,6 PM-8 PM,0.88,127.14,3814.2,4005.39,21.73,23.0,21.05,-1.81,decreased,AC health issue increased consumption,60,58,17.38,1.48,tired,64,"Usage rising, reduce load",Your pet is tired. A little saving today will help it recover.,0,Recovery Mode,3,2,sudden_spike|ac_fault|phantom_load_tv,replace_ac_efficient_model|shift_usage_to_morning,Highest usage is during 6 PM-8 PM. Shift ironing or cooling to morning to save cost.,You can improve efficiency by cutting AC usage by 1 hour.,TV standby may be wasting power,0.25,0.27,0.25,0.15,0.24,0.36,0.8,1.16,0.99,0.73,0.69,0.74,0.81,0.7,0.65,0.69,0.82,1.14,1.51,1.67,1.43,1.04,0.75,0.54,1597,7.1,4,noise,no,11.34,68.04,88.7,1,9.0,21,11.9,3,good,yes,0.25,1.5,2.0,0,1.6,1155,0.8,5,good,yes,0.92,5.52,7.2,0,2.2,54,5.2,4,standby,yes,0.28,1.68,2.2,0,1.1
2026-03-05,Thursday,March,1.072,0,medium,30.2,2.3,1,19.64,1.58,7 PM,6 PM-8 PM,0.82,117.84,3535.2,3952.0,20.11,21.19,21.16,-1.55,decreased,AC health issue increased consumption,65,63,16.1,1.27,sick,94,High usage detected!,Your pet is suffering because heavy usage or a faulty appliance is stressing the home.,0,Recovery Mode,4,4,sudden_spike|pet_suffering|ac_fault|fan_fault,replace_ac_efficient_model|replace_fan_efficient_model|saving_mode_optimizations|shift_usage_to_morning,Highest usage is during 6 PM-8 PM. Shift ironing or cooling to morning to save cost.,Saving mode is active. Prioritize fans over AC and switch off standby loads.,Your appliance mix is stable today.,0.17,0.14,0.14,0.14,0.15,0.32,0.61,0.97,0.95,0.6,0.52,0.64,0.66,0.58,0.54,0.55,0.75,1.01,1.4,1.58,1.39,0.98,0.68,0.34,1552,8.3,4,noise,no,12.88,77.28,74.0,1,9.0,195,13.4,3,good,yes,2.61,15.66,15.0,1,1.6,1246,0.8,5,good,yes,1.0,6.0,5.7,0,2.2,183,5.0,4,good,yes,0.92,5.52,5.3,0,1.1
2026-03-06,Friday,March,1.075,0,medium,32.2,3.4,0,22.44,1.63,7 PM,6 PM-8 PM,0.94,134.64,4039.2,4271.1,21.6,19.64,21.15,2.8,increased,AC health issue increased consumption,55,48,18.4,0,sick,94,High usage detected!,Your pet is suffering because heavy usage or a faulty appliance is stressing the home.,0,Recovery Mode,5,4,sudden_spike|pet_suffering|ac_fault|fan_fault|iron_fault,replace_ac_efficient_model|replace_fan_efficient_model|replace_iron_efficient_model|shift_usage_to_morning,Highest usage is during 6 PM-8 PM. Shift ironing or cooling to morning to save cost.,You can improve efficiency by cutting AC usage by 1 hour.,Your appliance mix is stable today.,0.28,0.19,0.2,0.25,0.21,0.42,0.73,1.11,1.1,0.78,0.66,0.69,0.84,0.79,0.69,0.72,0.89,1.14,1.48,1.63,1.45,1.12,0.85,0.46,1503,7.8,4,good,yes,11.72,70.32,68.5,1,9.0,161,12.9,3,good,no,2.08,12.48,12.2,1,1.6,1306,2.3,5,good,yes,3.0,18.0,17.5,1,2.2,82,3.7,4,good,yes,0.3,1.8,1.8,0,1.1
2026-03-07,Saturday,March,1.078,1,high,27.9,1.9,0,22.41,1.77,7 PM,6 PM-8 PM,0.93,134.46,4033.8,3987.95,22.42,22.44,21.58,-0.03,decreased,AC health issue increased consumption,55,51,18.38,0.02,sick,94,High usage detected!,Your pet is suffering because heavy usage or a faulty appliance is stressing the home.,0,Recovery Mode,4,3,sudden_spike|pet_suffering|ac_fault|fan_fault,replace_ac_efficient_model|replace_fan_efficient_model|shift_usage_to_morning,Highest usage is during 6 PM-8 PM. Shift ironing or cooling to morning to save cost.,You can improve efficiency by cutting AC usage by 1 hour.,Your appliance mix is stable today.,0.26,0.2,0.19,0.17,0.29,0.42,0.82,1.22,1.06,0.74,0.73,0.79,0.88,0.74,0.78,0.75,0.9,1.17,1.53,1.77,1.55,1.1,0.83,0.47,1565,7.2,4,good,no,11.27,67.62,81.2,1,9.0,141,12.8,3,good,no,1.8,10.8,13.0,1,1.6,1120,0.4,5,good,yes,0.45,2.7,3.2,0,2.2,82,4.4,4,good,yes,0.36,2.16,2.6,0,1.1
2026-03-08,Sunday,March,1.081,1,high,31.9,2.9,0,23.27,1.66,7 PM,6 PM-8 PM,0.97,139.62,4188.6,4485.8,23.01,22.41,22.1,0.86,increased,AC health issue increased consumption,52,47,19.08,0,sick,94,High usage detected!,Your pet is suffering because heavy usage or a faulty appliance is stressing the home.,0,Recovery Mode,6,5,sudden_spike|pet_suffering|ac_fault|fan_fault|iron_fault|tv_fault,replace_ac_efficient_model|replace_fan_efficient_model|replace_iron_efficient_model|replace_tv_efficient_model|shift_usage_to_morning,Highest usage is during 6 PM-8 PM. Shift ironing or cooling to morning to save cost.,You can improve efficiency by cutting AC usage by 1 hour.,Your appliance mix is stable today.,0.29,0.24,0.23,0.25,0.26,0.39,0.81,1.18,1.13,0.72,0.74,0.8,0.91,0.74,0.73,0.74,0.95,1.15,1.56,1.66,1.5,1.11,0.81,0.54,1538,7.7,4,good,yes,11.84,71.04,68.0,1,9.0,192,13.1,3,good,yes,2.52,15.12,14.5,1,1.6,1259,2.3,5,good,yes,2.9,17.4,16.7,1,2.2,21,6.7,4,good,no,0.14,0.84,0.8,1,1.1
2026-03-09,Monday,March,1.083,0,high,25.6,2.3,0,22.48,1.74,7 PM,6 PM-8 PM,0.94,134.88,4046.4,3985.16,22.72,23.27,22.06,-0.79,decreased,AC health issue increased consumption,55,52,18.43,0.65,sick,94,High usage detected!,Your pet is suffering because heavy usage or a faulty appliance is stressing the home.,0,Recovery Mode,4,3,sudden_spike|pet_suffering|ac_fault|tv_fault,replace_ac_efficient_model|replace_tv_efficient_model|shift_usage_to_morning,Highest usage is during 6 PM-8 PM. Shift ironing or cooling to morning to save cost.,You can improve efficiency by cutting AC usage by 1 hour.,Your appliance mix is stable today.,0.29,0.29,0.22,0.19,0.35,0.43,0.88,1.24,1.05,0.73,0.65,0.72,0.9,0.78,0.78,0.76,0.94,1.18,1.56,1.74,1.53,1.12,0.78,0.55,1453,7.4,4,good,yes,10.75,64.5,83.8,1,9.0,75,13.5,3,good,yes,1.01,6.06,7.9,0,1.6,1308,0.6,5,good,yes,0.78,4.68,6.1,0,2.2,79,3.7,4,good,no,0.29,1.74,2.3,1,1.1
2026-03-10,Tuesday,March,1.086,0,low,28.8,3.6,0,21.78,1.74,7 PM,6 PM-8 PM,0.91,130.68,3920.4,3777.26,21.99,22.48,21.89,-0.7,decreased,AC health issue increased consumption,58,55,17.86,0.57,tired,64,"Usage rising, reduce load",Your pet is tired. A little saving today will help it recover.,0,Recovery Mode,2,2,sudden_spike|ac_fault,replace_ac_efficient_model|shift_usage_to_morning,Highest usage is during 6 PM-8 PM. Shift ironing or cooling to morning to save cost.,You can improve efficiency by cutting AC usage by 1 hour.,Your appliance mix is stable today.,0.27,0.23,0.25,0.15,0.3,0.39,0.82,1.17,1.03,0.77,0.63,0.74,0.88,0.75,0.65,0.72,0.92,1.1,1.59,1.74,1.52,1.08,0.76,0.45,1455,7.1,4,good,no,10.33,61.98,79.2,1,9.0,51,11.4,3,good,yes,0.58,3.48,4.4,0,1.6,1215,1.6,5,good,yes,1.94,11.64,14.9,0,2.2,41,5.0,4,good,yes,0.2,1.2,1.5,0,1.1
2026-03-11,Wednesday,March,1.089,0,medium,26.1,4.4,0,22.65,1.72,7 PM,6 PM-8 PM,0.94,135.9,4077.0,4282.91,22.39,21.78,22.1,0.87,increased,AC health issue increased consumption,54,49,18.57,0,sick,94,High usage detected!,Your pet is suffering because heavy usage or a faulty appliance is stressing the home.,0,Recovery Mode,5,4,sudden_spike|pet_suffering|ac_fault|fan_fault|iron_fault,replace_ac_efficient_model|replace_fan_efficient_model|replace_iron_efficient_model|shift_usage_to_morning,Highest usage is during 6 PM-8 PM. Shift ironing or cooling to morning to save cost.,You can improve efficiency by cutting AC usage by 1 hour.,Your appliance mix is stable today.,0.31,0.18,0.25,0.24,0.22,0.47,0.74,1.21,1.06,0.76,0.68,0.71,0.82,0.75,0.76,0.72,0.88,1.1,1.55,1.72,1.53,1.08,0.85,0.5,1442,7.5,4,noise,no,10.81,64.86,66.9,1,9.0,156,13.7,3,good,yes,2.14,12.84,13.2,1,1.6,1124,2.4,5,good,yes,2.7,16.2,16.7,1,2.2,111,4.7,4,good,yes,0.52,3.12,3.2,0,1.1
2026-03-12,Thursday,March,1.092,0,low,25.9,1.7,0,23.54,1.78,7 PM,6 PM-8 PM,0.98,141.24,4237.2,4225.42,23.27,22.65,22.65,0.89,increased,AC health issue increased consumption,51,46,19.3,0,sick,94,High usage detected!,Your pet is suffering because heavy usage or a faulty appliance is stressing the home.,0,Recovery Mode,6,4,sudden_spike|pet_suffering|ac_fault|fan_fault|tv_fault|phantom_load_tv,replace_ac_efficient_model|replace_fan_efficient_model|replace_tv_efficient_model|shift_usage_to_morning,Highest usage is during 6 PM-8 PM. Shift ironing or cooling to morning to save cost.,You can improve efficiency by cutting AC usage by 1 hour.,TV standby may be wasting power,0.35,0.3,0.19,0.29,0.3,0.48,0.89,1.25,1.05,0.78,0.68,0.79,0.91,0.74,0.8,0.74,0.96,1.21,1.55,1.78,1.59,1.07,0.85,0.57,1598,7.7,4,good,yes,12.3,73.8,79.2,1,9.0,175,12.9,3,good,yes,2.26,13.56,14.6,1,1.6,1264,0.2,5,good,yes,0.25,1.5,1.6,0,2.2,146,4.9,4,standby,no,0.72,4.32,4.6,1,1.1
2026-03-13,Friday,March,1.094,0,low,27.4,3.9,0,22.58,1.69,7 PM,6 PM-8 PM,0.94,135.48,4064.4,4017.39,22.87,23.54,22.67,-0.96,decreased,AC health issue increased consumption,55,52,18.52,0.79,sick,94,High usage detected!,Your pet is suffering because heavy usage or a faulty appliance is stressing the home.,0,Recovery Mode,4,3,sudden_spike|pet_suffering|ac_fault|fan_fault,replace_ac_efficient_model|replace_fan_efficient_model|shift_usage_to_morning,Highest usage is during 6 PM-8 PM. Shift ironing or cooling to morning to save cost.,You can improve efficiency by cutting AC usage by 1 hour.,Your appliance mix is stable today.,0.26,0.25,0.25,0.18,0.23,0.45,0.85,1.12,1.03,0.76,0.64,0.68,0.84,0.75,0.66,0.77,0.91,1.16,1.53,1.69,1.58,1.11,0.8,0.52,1544,8.5,4,good,no,13.12,78.72,81.0,1,9.0,172,13.4,3,good,yes,2.3,13.8,14.2,1,1.6,1211,0.4,5,good,yes,0.48,2.88,3.0,0,2.2,64,4.5,4,good,yes,0.29,1.74,1.8,0,1.1
2026-03-14,Saturday,March,1.097,1,high,30.3,5.7,0,22.3,1.68,7 PM,6 PM-8 PM,0.93,133.8,4014.0,3998.32,22.38,22.58,22.66,-0.28,decreased,AC health issue increased consumption,56,52,18.29,0.23,tired,64,"Usage rising, reduce load",Your pet is tired. A little saving today will help it recover.,0,Recovery Mode,2,2,sudden_spike|ac_fault,replace_ac_efficient_model|shift_usage_to_morning,Highest usage is during 6 PM-8 PM. Shift ironing or cooling to morning to save cost.,You can improve efficiency by cutting AC usage by 1 hour.,Your appliance mix is stable today.,0.22,0.25,0.26,0.26,0.23,0.43,0.86,1.13,1.1,0.71,0.74,0.69,0.88,0.72,0.74,0.77,0.94,1.15,1.52,1.68,1.47,1.06,0.77,0.45,1518,7.9,4,good,yes,11.99,71.94,80.7,1,9.0,37,13.4,3,good,yes,0.5,3.0,3.4,0,1.6,1216,1.2,5,good,yes,1.46,8.76,9.8,0,2.2,142,6.4,4,good,yes,0.91,5.46,6.1,0,1.1
2026-03-15,Sunday,March,1.099,1,low,29.4,2.4,0,22.92,1.71,7 PM,6 PM-8 PM,0.96,137.52,4125.6,4277.64,22.73,22.3,22.61,0.62,increased,AC health issue increased consumption,53,48,18.79,0,tired,64,"Usage rising, reduce load",Your pet is tired. A little saving today will help it recover.,0,Recovery Mode,2,2,sudden_spike|ac_fault,replace_ac_efficient_model|shift_usage_to_morning,Highest usage is during 6 PM-8 PM. Shift ironing or cooling to morning to save cost.,You can improve efficiency by cutting AC usage by 1 hour.,Your appliance mix is stable today.,0.28,0.24,0.3,0.18,0.26,0.44,0.86,1.21,1.15,0.72,0.73,0.77,0.87,0.75,0.8,0.74,0.97,1.15,1.53,1.71,1.52,1.15,0.87,0.57,1487,8.5,4,good,yes,12.64,75.84,88.4,1,9.0,19,11.2,3,good,yes,0.21,1.26,1.5,0,1.6,1245,0.7,5,good,yes,0.87,5.22,6.1,0,2.2,129,4.5,4,good,yes,0.58,3.48,4.1,0,1.1
2026-03-16,Monday,March,1.102,0,medium,30.9,3.6,0,23.07,1.7,7 PM,6 PM-8 PM,0.96,138.42,4152.6,4366.02,23.03,22.92,22.69,0.15,increased,AC health issue increased consumption,53,49,18.92,0,sick,94,High usage detected!,Your pet is suffering because heavy usage or a faulty appliance is stressing the home.,0,Recovery Mode,6,4,sudden_spike|pet_suffering|ac_fault|fan_fault|iron_fault|phantom_load_tv,replace_ac_efficient_model|replace_fan_efficient_model|replace_iron_efficient_model|shift_usage_to_morning,Highest usage is during 6 PM-8 PM. Shift ironing or cooling to morning to save cost.,You can improve efficiency by cutting AC usage by 1 hour.,TV standby may be wasting power,0.32,0.21,0.2,0.2,0.29,0.37,0.81,1.14,1.12,0.73,0.68,0.7,0.84,0.74,0.69,0.7,0.93,1.18,1.51,1.7,1.54,1.15,0.83,0.52,1519,8.9,4,good,yes,13.52,81.12,74.9,1,9.0,132,12.9,3,good,yes,1.7,10.2,9.4,1,1.6,1266,2.1,5,good,yes,2.66,15.96,14.7,1,2.2,40,4.5,4,standby,yes,0.18,1.08,1.0,0,1.1
2026-03-17,Tuesday,March,1.105,0,high,30.0,3.2,0,22.9,1.73,7 PM,6 PM-8 PM,0.95,137.4,4122.0,4536.11,22.95,23.07,22.85,-0.17,decreased,AC health issue increased consumption,54,50,18.78,0.14,sick,94,High usage detected!,Your pet is suffering because heavy usage or a faulty appliance is stressing the home.,0,Recovery Mode,6,5,sudden_spike|pet_suffering|ac_fault|fan_fault|iron_fault|tv_fault,replace_ac_efficient_model|replace_fan_efficient_model|replace_iron_efficient_model|replace_tv_efficient_model|shift_usage_to_morning,Highest usage is during 6 PM-8 PM. Shift ironing or cooling to morning to save cost.,You can improve efficiency by cutting AC usage by 1 hour.,Your appliance mix is stable today.,0.24,0.29,0.21,0.26,0.23,0.39,0.77,1.12,1.03,0.77,0.65,0.77,0.8,0.79,0.7,0.78,0.93,1.11,1.57,1.73,1.58,1.1,0.87,0.45,1599,8.4,4,good,yes,13.43,80.58,78.5,1,9.0,102,11.4,3,good,no,1.16,6.96,6.8,1,1.6,1269,1.8,5,good,yes,2.28,13.68,13.3,1,2.2,47,5.0,4,slow,no,0.23,1.38,1.3,1,1.1
2026-03-18,Wednesday,March,1.107,0,low,30.5,2.1,0,23.9,1.71,7 PM,6 PM-8 PM,1.0,143.4,4302.0,4667.17,23.6,22.9,23.03,1.0,increased,AC health issue increased consumption,50,45,19.6,0,sick,94,High usage detected!,Your pet is suffering because heavy usage or a faulty appliance is stressing the home.,0,Recovery Mode,5,4,sudden_spike|pet_suffering|ac_fault|fan_fault|iron_fault,replace_ac_efficient_model|replace_fan_efficient_model|replace_iron_efficient_model|shift_usage_to_morning,Highest usage is during 6 PM-8 PM. Shift ironing or cooling to morning to save cost.,You can improve efficiency by cutting AC usage by 1 hour.,Your appliance mix is stable today.,0.28,0.22,0.26,0.26,0.24,0.5,0.82,1.18,1.14,0.83,0.77,0.71,0.91,0.78,0.73,0.79,0.95,1.15,1.64,1.71,1.63,1.12,0.89,0.51,1526,8.4,4,overheat,no,12.82,76.92,72.7,1,9.0,184,12.4,3,good,yes,2.28,13.68,12.9,1,1.6,1215,1.9,5,good,yes,2.31,13.86,13.1,1,2.2,60,3.7,4,good,yes,0.22,1.32,1.2,0,1.1
2026-03-19,Thursday,March,1.11,0,low,30.2,5.5,0,22.51,1.69,7 PM,6 PM-8 PM,0.94,135.06,4051.8,3895.5,22.93,23.9,22.88,-1.39,decreased,AC health issue increased consumption,55,52,18.46,1.14,sick,94,High usage detected!,Your pet is suffering because heavy usage or a faulty appliance is stressing the home.,0,Recovery Mode,5,4,sudden_spike|pet_suffering|ac_fault|fan_fault|iron_fault,replace_ac_efficient_model|replace_fan_efficient_model|replace_iron_efficient_model|shift_usage_to_morning,Highest usage is during 6 PM-8 PM. Shift ironing or cooling to morning to save cost.,You can improve efficiency by cutting AC usage by 1 hour.,Your appliance mix is stable today.,0.24,0.28,0.25,0.17,0.26,0.48,0.84,1.16,1.12,0.75,0.71,0.69,0.79,0.76,0.74,0.72,0.95,1.18,1.55,1.69,1.59,1.13,0.85,0.49,1518,6.9,4,good,yes,10.47,62.82,73.9,1,9.0,194,13.6,3,good,yes,2.64,15.84,18.6,1,1.6,1285,0.4,5,good,no,0.51,3.06,3.6,1,2.2,151,3.6,4,good,yes,0.54,3.24,3.8,0,1.1
2026-03-20,Friday,March,1.112,0,medium,30.8,5.0,1,19.56,1.55,7 PM,6 PM-8 PM,0.81,117.36,3520.8,3752.06,20.45,22.51,22.45,-2.95,decreased,AC health issue increased consumption,66,65,16.04,2.42,sick,94,High usage detected!,Your pet is suffering because heavy usage or a faulty appliance is stressing the home.,0,Recovery Mode,4,4,sudden_spike|pet_suffering|ac_fault|fan_fault,replace_ac_efficient_model|replace_fan_efficient_model|saving_mode_optimizations|shift_usage_to_morning,Highest usage is during 6 PM-8 PM. Shift ironing or cooling to morning to save cost.,Saving mode is active. Prioritize fans over AC and switch off standby loads.,Your appliance mix is stable today.,0.14,0.14,0.14,0.14,0.14,0.31,0.7,1.02,0.89,0.56,0.54,0.59,0.7,0.56,0.63,0.66,0.78,1.02,1.42,1.55,1.41,0.94,0.65,0.33,1503,9.0,4,good,yes,13.53,81.18,82.7,1,9.0,177,13.6,3,good,yes,2.41,14.46,14.7,1,1.6,1168,0.2,5,good,yes,0.23,1.38,1.4,0,2.2,34,5.6,4,good,yes,0.19,1.14,1.2,0,1.1
2026-03-21,Saturday,March,1.114,1,high,31.5,0.8,0,24.68,1.74,7 PM,6 PM-8 PM,1.03,148.08,4442.4,4348.42,23.14,19.56,22.79,5.12,increased,AC health issue increased consumption,47,38,20.24,0,sick,94,High usage detected!,Your pet is suffering because heavy usage or a faulty appliance is stressing the home.,0,Recovery Mode,6,4,overall_limit_exceeded|sudden_spike|pet_suffering|ac_fault|fan_fault|iron_fault,replace_ac_efficient_model|replace_fan_efficient_model|replace_iron_efficient_model|shift_usage_to_morning,Highest usage is during 6 PM-8 PM. Shift ironing or cooling to morning to save cost.,You can improve efficiency by cutting AC usage by 1 hour.,Your appliance mix is stable today.,0.31,0.24,0.29,0.22,0.33,0.47,0.91,1.26,1.1,0.81,0.75,0.79,0.88,0.87,0.74,0.77,0.9,1.22,1.61,1.74,1.58,1.17,0.89,0.55,1466,9.3,4,good,yes,13.63,81.78,70.1,1,9.0,162,11.4,3,good,yes,1.85,11.1,9.5,1,1.6,1310,2.6,5,good,yes,3.41,20.46,17.5,1,2.2,104,5.3,4,good,yes,0.55,3.3,2.8,0,1.1
2026-03-22,Sunday,March,1.117,1,medium,30.7,5.2,0,23.01,1.76,7 PM,6 PM-8 PM,0.96,138.06,4141.8,4605.73,23.51,24.68,22.8,-1.67,decreased,AC health issue increased consumption,53,51,18.87,1.37,sick,94,High usage detected!,Your pet is suffering because heavy usage or a faulty appliance is stressing the home.,0,Recovery Mode,5,4,sudden_spike|pet_suffering|ac_fault|fan_fault|tv_fault,replace_ac_efficient_model|replace_fan_efficient_model|replace_tv_efficient_model|shift_usage_to_morning,Highest usage is during 6 PM-8 PM. Shift ironing or cooling to morning to save cost.,You can improve efficiency by cutting AC usage by 1 hour.,Your appliance mix is stable today.,0.33,0.24,0.26,0.19,0.25,0.37,0.86,1.15,1.05,0.74,0.7,0.79,0.85,0.76,0.76,0.8,0.91,1.19,1.54,1.76,1.49,1.08,0.86,0.48,1615,7.2,4,good,yes,11.63,69.78,71.0,1,9.0,194,11.4,3,good,yes,2.21,13.26,13.5,1,1.6,1282,1.4,5,good,yes,1.79,10.74,10.9,0,2.2,142,5.3,4,slow,no,0.75,4.5,4.6,1,1.1
2026-03-23,Monday,March,1.119,0,high,33.3,3.4,0,22.22,1.79,7 PM,6 PM-8 PM,0.93,133.32,3999.6,4238.38,22.46,23.01,22.68,-0.79,decreased,AC health issue increased consumption,56,53,18.22,0.65,sick,94,High usage detected!,Your pet is suffering because heavy usage or a faulty appliance is stressing the home.,0,Recovery Mode,4,3,sudden_spike|pet_suffering|ac_fault|fan_fault,replace_ac_efficient_model|replace_fan_efficient_model|shift_usage_to_morning,Highest usage is during 6 PM-8 PM. Shift ironing or cooling to morning to save cost.,You can improve efficiency by cutting AC usage by 1 hour.,Your appliance mix is stable today.,0.25,0.26,0.23,0.17,0.3,0.41,0.78,1.18,1.1,0.71,0.74,0.72,0.83,0.81,0.74,0.75,0.96,1.24,1.56,1.79,1.54,1.07,0.89,0.57,1523,6.9,4,good,yes,10.51,63.06,88.4,1,9.0,28,11.7,3,good,no,0.33,1.98,2.8,1,1.6,1151,0.8,5,good,yes,0.92,5.52,7.7,0,2.2,29,4.5,4,good,yes,0.13,0.78,1.1,0,1.1
2026-03-24,Tuesday,March,1.121,0,low,27.1,1.9,0,23.09,1.73,7 PM,6 PM-8 PM,0.96,138.54,4156.2,4545.37,22.83,22.22,22.71,0.87,increased,AC health issue increased consumption,53,48,18.93,0,tired,64,"Usage rising, reduce load",Your pet is tired. A little saving today will help it recover.,0,Recovery Mode,2,2,sudden_spike|ac_fault,replace_ac_efficient_model|shift_usage_to_morning,Highest usage is during 6 PM-8 PM. Shift ironing or cooling to morning to save cost.,You can improve efficiency by cutting AC usage by 1 hour.,Your appliance mix is stable today.,0.34,0.26,0.23,0.24,0.3,0.42,0.88,1.24,1.1,0.8,0.75,0.75,0.9,0.78,0.8,0.75,0.97,1.17,1.57,1.73,1.55,1.11,0.84,0.55,1471,7.7,4,good,yes,11.33,67.98,81.6,1,9.0,36,11.2,3,good,yes,0.4,2.4,2.9,0,1.6,1173,1.6,5,good,yes,1.88,11.28,13.5,0,2.2,80,3.5,4,good,yes,0.28,1.68,2.0,0,1.1
2026-03-25,Wednesday,March,1.124,0,low,31.6,2.0,1,20.21,1.58,7 PM,6 PM-8 PM,0.84,121.26,3637.8,3558.09,21.07,23.09,22.18,-2.88,decreased,AC health issue increased consumption,63,62,16.57,2.36,tired,64,"Usage rising, reduce load",Your pet is tired. A little saving today will help it recover.,0,Recovery Mode,2,3,sudden_spike|ac_fault,replace_ac_efficient_model|saving_mode_optimizations|shift_usage_to_morning,Highest usage is during 6 PM-8 PM. Shift ironing or cooling to morning to save cost.,Saving mode is active. Prioritize fans over AC and switch off standby loads.,Your appliance mix is stable today.,0.19,0.14,0.14,0.14,0.16,0.3,0.75,1.04,0.91,0.66,0.62,0.66,0.71,0.68,0.6,0.59,0.83,1.1,1.4,1.58,1.45,0.97,0.75,0.45,1488,9.1,4,good,no,13.54,81.24,87.8,1,9.0,41,11.4,3,good,yes,0.47,2.82,3.0,0,1.6,1236,0.5,5,good,yes,0.62,3.72,4.0,0,2.2,142,5.6,4,good,yes,0.8,4.8,5.2,0,1.1
2026-03-26,Thursday,March,1.126,0,medium,33.8,2.2,1,20.58,1.63,7 PM,6 PM-8 PM,0.86,123.48,3704.4,4141.69,20.47,20.21,21.91,0.37,increased,AC health issue increased consumption,62,58,16.88,0,sick,94,High usage detected!,Your pet is suffering because heavy usage or a faulty appliance is stressing the home.,0,Recovery Mode,4,4,sudden_spike|pet_suffering|ac_fault|fan_fault,replace_ac_efficient_model|replace_fan_efficient_model|saving_mode_optimizations|shift_usage_to_morning,Highest usage is during 6 PM-8 PM. Shift ironing or cooling to morning to save cost.,Saving mode is active. Prioritize fans over AC and switch off standby loads.,Your appliance mix is stable today.,0.2,0.14,0.14,0.14,0.16,0.34,0.71,1.11,1.02,0.66,0.62,0.61,0.73,0.71,0.6,0.59,0.8,1.0,1.5,1.63,1.46,1.02,0.67,0.45,1506,8.2,4,good,yes,12.35,74.1,76.1,1,9.0,153,11.4,3,good,yes,1.74,10.44,10.7,1,1.6,1183,1.1,5,good,yes,1.3,7.8,8.0,0,2.2,184,4.5,4,good,yes,0.83,4.98,5.1,0,1.1
2026-03-27,Friday,March,1.128,0,low,26.7,1.7,0,23.95,1.82,7 PM,6 PM-8 PM,1.0,143.7,4311.0,4367.54,22.94,20.58,22.53,3.37,increased,AC health issue increased consumption,50,43,19.64,0,sick,94,High usage detected!,Your pet is suffering because heavy usage or a faulty appliance is stressing the home.,0,Recovery Mode,5,4,sudden_spike|pet_suffering|ac_fault|fan_fault|tv_fault,replace_ac_efficient_model|replace_fan_efficient_model|replace_tv_efficient_model|shift_usage_to_morning,Highest usage is during 6 PM-8 PM. Shift ironing or cooling to morning to save cost.,You can improve efficiency by cutting AC usage by 1 hour.,Your appliance mix is stable today.,0.32,0.27,0.25,0.2,0.33,0.44,0.84,1.21,1.13,0.8,0.72,0.82,0.84,0.82,0.78,0.75,0.95,1.2,1.68,1.82,1.54,1.14,0.81,0.56,1443,8.9,4,good,yes,12.84,77.04,75.8,1,9.0,158,11.9,3,good,yes,1.88,11.28,11.1,1,1.6,1172,1.5,5,good,yes,1.76,10.56,10.4,0,2.2,107,4.4,4,slow,no,0.47,2.82,2.8,1,1.1
2026-03-28,Saturday,March,1.13,1,medium,32.1,2.7,0,25.03,1.79,7 PM,6 PM-8 PM,1.04,150.18,4505.4,4746.98,24.71,23.95,22.58,1.08,increased,AC health issue increased consumption,46,41,20.52,0,sick,94,High usage detected!,Your pet is suffering because heavy usage or a faulty appliance is stressing the home.,0,Recovery Mode,6,4,overall_limit_exceeded|sudden_spike|pet_suffering|ac_fault|fan_fault|iron_fault,replace_ac_efficient_model|replace_fan_efficient_model|replace_iron_efficient_model|shift_usage_to_morning,Highest usage is during 6 PM-8 PM. Shift ironing or cooling to morning to save cost.,You can improve efficiency by cutting AC usage by 1 hour.,Your appliance mix is stable today.,0.27,0.3,0.22,0.22,0.34,0.52,0.83,1.24,1.16,0.74,0.69,0.74,0.92,0.85,0.72,0.82,0.91,1.27,1.61,1.79,1.63,1.18,0.82,0.54,1582,9.0,4,good,yes,14.24,85.44,66.7,1,9.0,192,13.5,3,good,yes,2.59,15.54,12.1,1,1.6,1270,2.8,5,good,no,3.56,21.36,16.7,1,2.2,155,6.2,4,good,yes,0.96,5.76,4.5,0,1.1
2026-03-29,Sunday,March,1.132,1,low,33.8,0,0,24.48,1.8,7 PM,6 PM-8 PM,1.02,146.88,4406.4,4311.51,24.64,25.03,22.79,-0.55,decreased,AC health issue increased consumption,48,45,20.07,0.45,sick,94,High usage detected!,Your pet is suffering because heavy usage or a faulty appliance is stressing the home.,0,Recovery Mode,5,3,overall_limit_exceeded|sudden_spike|pet_suffering|ac_fault|iron_fault,replace_ac_efficient_model|replace_iron_efficient_model|shift_usage_to_morning,Highest usage is during 6 PM-8 PM. Shift ironing or cooling to morning to save cost.,You can improve efficiency by cutting AC usage by 1 hour.,Your appliance mix is stable today.,0.34,0.23,0.29,0.19,0.32,0.48,0.84,1.28,1.13,0.81,0.76,0.75,0.88,0.81,0.75,0.84,0.91,1.24,1.67,1.8,1.64,1.16,0.85,0.58,1561,8.5,4,good,no,13.27,79.62,74.3,1,9.0,69,12.9,3,good,yes,0.89,5.34,5.0,0,1.6,1153,2.9,5,good,yes,3.34,20.04,18.7,1,2.2,65,5.6,4,good,yes,0.36,2.16,2.0,0,1.1
2026-03-30,Monday,March,1.134,0,medium,31.0,1.0,0,23.65,1.78,7 PM,6 PM-8 PM,0.99,141.9,4257.0,4299.67,23.9,24.48,23.0,-0.83,decreased,AC health issue increased consumption,51,48,19.39,0.68,tired,64,"Usage rising, reduce load",Your pet is tired. A little saving today will help it recover.,0,Recovery Mode,2,2,sudden_spike|ac_fault,replace_ac_efficient_model|shift_usage_to_morning,Highest usage is during 6 PM-8 PM. Shift ironing or cooling to morning to save cost.,You can improve efficiency by cutting AC usage by 1 hour.,Your appliance mix is stable today.,0.34,0.32,0.25,0.28,0.3,0.41,0.81,1.23,1.08,0.74,0.71,0.82,0.95,0.85,0.73,0.75,0.99,1.19,1.63,1.78,1.6,1.17,0.89,0.56,1477,8.8,4,good,yes,13.0,78.0,87.4,1,9.0,55,12.5,3,good,yes,0.69,4.14,4.6,0,1.6,1298,0.5,5,good,yes,0.65,3.9,4.4,0,2.2,117,4.5,4,good,yes,0.53,3.18,3.6,0,1.1
2026-03-31,Tuesday,March,1.136,0,medium,30.9,4.3,1,18.96,1.56,7 PM,6 PM-8 PM,0.79,113.76,3412.8,3576.7,20.37,23.65,22.41,-4.69,decreased,AC health issue increased consumption,68,69,15.55,3.85,tired,64,"Usage rising, reduce load",Your pet is tired. A little saving today will help it recover.,0,Recovery Mode,2,3,sudden_spike|ac_fault,replace_ac_efficient_model|saving_mode_optimizations|shift_usage_to_morning,Highest usage is during 6 PM-8 PM. Shift ironing or cooling to morning to save cost.,Saving mode is active. Prioritize fans over AC and switch off standby loads.,Your appliance mix is stable today.,0.14,0.14,0.14,0.14,0.14,0.29,0.7,1.04,0.96,0.63,0.51,0.62,0.67,0.63,0.64,0.57,0.82,1.07,1.4,1.56,1.39,0.94,0.64,0.41,1421,7.7,4,good,yes,10.94,65.64,87.0,1,9.0,34,11.3,3,good,yes,0.38,2.28,3.0,0,1.6,1272,0.2,5,good,yes,0.25,1.5,2.0,0,2.2,177,5.7,4,good,yes,1.01,6.06,8.0,0,1.1
2026-04-01,Wednesday,April,1.138,0,high,30.7,5.4,0,22.94,1.79,7 PM,6 PM-8 PM,0.96,137.64,4129.2,4175.65,21.75,18.96,22.8,3.98,increased,AC health issue increased consumption,53,45,18.81,0,tired,64,"Usage rising, reduce load",Your pet is tired. A little saving today will help it recover.,0,Recovery Mode,2,2,sudden_spike|ac_fault,replace_ac_efficient_model|shift_usage_to_morning,Highest usage is during 6 PM-8 PM. Shift ironing or cooling to morning to save cost.,You can improve efficiency by cutting AC usage by 1 hour.,Your appliance mix is stable today.,0.24,0.24,0.21,0.21,0.23,0.4,0.8,1.19,1.09,0.73,0.74,0.76,0.93,0.84,0.8,0.72,0.95,1.19,1.65,1.79,1.6,1.19,0.87,0.51,1449,7.9,4,good,yes,11.45,68.7,82.4,1,9.0,67,11.2,3,good,yes,0.75,4.5,5.4,0,1.6,1317,0.8,5,good,yes,1.05,6.3,7.6,0,2.2,134,4.8,4,good,yes,0.64,3.84,4.6,0,1.1
2026-04-02,Thursday,April,1.14,0,high,27.2,3.9,1,19.65,1.58,7 PM,6 PM-8 PM,0.82,117.9,3537.0,3875.56,20.64,22.94,22.67,-3.29,decreased,AC health issue increased consumption,65,64,16.11,2.7,tired,64,"Usage rising, reduce load",Your pet is tired. A little saving today will help it recover.,0,Recovery Mode,3,3,sudden_spike|ac_fault|phantom_load_tv,replace_ac_efficient_model|saving_mode_optimizations|shift_usage_to_morning,Highest usage is during 6 PM-8 PM. Shift ironing or cooling to morning to save cost.,Saving mode is active. Prioritize fans over AC and switch off standby loads.,TV standby may be wasting power,0.14,0.14,0.14,0.14,0.14,0.3,0.72,1.02,0.99,0.65,0.58,0.59,0.75,0.59,0.61,0.56,0.79,0.99,1.4,1.58,1.39,0.92,0.73,0.42,1524,7.9,4,good,yes,12.04,72.24,78.5,1,9.0,105,12.0,3,good,yes,1.26,7.56,8.2,0,1.6,1150,1.2,5,good,yes,1.38,8.28,9.0,0,2.2,178,3.7,4,standby,yes,0.66,3.96,4.3,0,1.1
2026-04-03,Friday,April,1.142,0,high,28.9,0.8,0,23.83,1.82,7 PM,6 PM-8 PM,0.99,142.98,4289.4,4702.13,22.58,19.65,22.65,4.18,increased,AC health issue increased consumption,50,42,19.54,0,sick,94,High usage detected!,Your pet is suffering because heavy usage or a faulty appliance is stressing the home.,0,Recovery Mode,5,4,sudden_spike|pet_suffering|ac_fault|iron_fault|tv_fault,replace_ac_efficient_model|replace_iron_efficient_model|replace_tv_efficient_model|shift_usage_to_morning,Highest usage is during 6 PM-8 PM. Shift ironing or cooling to morning to save cost.,You can improve efficiency by cutting AC usage by 1 hour.,Your appliance mix is stable today.,0.27,0.31,0.24,0.23,0.33,0.47,0.87,1.2,1.13,0.84,0.75,0.84,0.86,0.86,0.83,0.85,0.99,1.22,1.69,1.82,1.62,1.12,0.82,0.57,1557,8.3,4,overheat,no,12.92,77.52,91.6,1,9.0,49,12.2,3,good,yes,0.6,3.6,4.3,0,1.6,1251,0.2,5,good,no,0.25,1.5,1.8,1,2.2,84,4.0,4,good,no,0.34,2.04,2.4,1,1.1
2026-04-04,Saturday,April,1.144,1,medium,34.1,4.3,0,23.68,1.82,7 PM,6 PM-8 PM,0.99,142.08,4262.4,4283.28,23.73,23.83,22.46,-0.15,decreased,AC health issue increased consumption,51,47,19.42,0.12,sick,94,High usage detected!,Your pet is suffering because heavy usage or a faulty appliance is stressing the home.,0,Recovery Mode,5,3,sudden_spike|pet_suffering|ac_fault|tv_fault|phantom_load_tv,replace_ac_efficient_model|replace_tv_efficient_model|shift_usage_to_morning,Highest usage is during 6 PM-8 PM. Shift ironing or cooling to morning to save cost.,You can improve efficiency by cutting AC usage by 1 hour.,TV standby may be wasting power,0.31,0.19,0.24,0.18,0.24,0.45,0.89,1.2,1.14,0.74,0.69,0.71,0.84,0.8,0.73,0.8,0.95,1.16,1.62,1.82,1.64,1.1,0.83,0.56,1602,8.8,4,good,yes,14.1,84.6,80.5,1,9.0,87,11.5,3,good,yes,1.0,6.0,5.7,0,1.6,1242,1.5,5,good,yes,1.86,11.16,10.6,0,2.2,98,5.6,4,standby,no,0.55,3.3,3.1,1,1.1
2026-04-05,Sunday,April,1.146,1,high,28.2,4.4,0,23.82,1.78,7 PM,6 PM-8 PM,0.99,142.92,4287.6,4297.45,23.78,23.68,22.36,0.14,increased,AC health issue increased consumption,50,46,19.53,0,sick,94,High usage detected!,Your pet is suffering because heavy usage or a faulty appliance is stressing the home.,0,Recovery Mode,5,4,sudden_spike|pet_suffering|ac_fault|fan_fault|iron_fault,replace_ac_efficient_model|replace_fan_efficient_model|replace_iron_efficient_model|shift_usage_to_morning,Highest usage is during 6 PM-8 PM. Shift ironing or cooling to morning to save cost.,You can improve efficiency by cutting AC usage by 1 hour.,Your appliance mix is stable today.,0.24,0.19,0.16,0.21,0.22,0.45,0.83,1.23,1.17,0.78,0.72,0.82,0.87,0.84,0.73,0.75,0.97,1.24,1.59,1.78,1.59,1.13,0.85,0.55,1577,8.6,4,good,yes,13.56,81.36,76.3,1,9.0,30,12.3,3,good,no,0.37,2.22,2.1,1,1.6,1288,2.6,5,good,no,3.35,20.1,18.9,1,2.2,111,4.4,4,good,yes,0.49,2.94,2.8,0,1.1
2026-04-06,Monday,April,1.148,0,high,28.5,0,0,24.55,1.8,7 PM,6 PM-8 PM,1.02,147.3,4419.0,4751.49,24.33,23.82,22.49,0.73,increased,AC health issue increased consumption,48,43,20.13,0,sick,94,High usage detected!,Your pet is suffering because heavy usage or a faulty appliance is stressing the home.,0,Recovery Mode,7,5,overall_limit_exceeded|sudden_spike|pet_suffering|ac_fault|fan_fault|iron_fault|tv_fault,replace_ac_efficient_model|replace_fan_efficient_model|replace_iron_efficient_model|replace_tv_efficient_model|shift_usage_to_morning,Highest usage is during 6 PM-8 PM. Shift ironing or cooling to morning to save cost.,You can improve efficiency by cutting AC usage by 1 hour.,Your appliance mix is stable today.,0.37,0.26,0.25,0.24,0.26,0.53,0.85,1.28,1.15,0.84,0.79,0.76,0.91,0.8,0.8,0.8,0.98,1.28,1.65,1.8,1.67,1.17,0.87,0.61,1544,8.9,4,good,yes,13.74,82.44,83.2,1,9.0,-4,12.5,3,noise,no,-0.05,-0.3,-0.3,1,1.6,1251,1.5,5,overheat,no,1.88,11.28,11.4,1,2.2,174,5.4,4,slow,no,0.94,5.64,5.7,1,1.1
2026-04-07,Tuesday,April,1.15,0,medium,28.4,0.0,1,20.67,1.72,7 PM,6 PM-8 PM,0.86,124.02,3720.6,3979.18,21.83,24.55,22.73,-3.88,decreased,AC health issue increased consumption,62,62,16.95,3.18,sick,94,High usage detected!,Your pet is suffering because heavy usage or a faulty appliance is stressing the home.,0,Recovery Mode,4,4,sudden_spike|pet_suffering|ac_fault|iron_fault,replace_ac_efficient_model|replace_iron_efficient_model|saving_mode_optimizations|shift_usage_to_morning,Highest usage is during 6 PM-8 PM. Shift ironing or cooling to morning to save cost.,Saving mode is active. Prioritize fans over AC and switch off standby loads.,Your appliance mix is stable today.,0.14,0.14,0.14,0.14,0.17,0.26,0.72,1.04,0.96,0.61,0.64,0.65,0.76,0.62,0.65,0.68,0.78,1.03,1.48,1.72,1.51,0.97,0.76,0.42,1569,9.0,4,good,no,14.12,84.72,84.4,1,9.0,62,11.6,3,good,yes,0.72,4.32,4.3,0,1.6,1236,1.4,5,slow,no,1.73,10.38,10.3,1,2.2,47,3.5,4,good,yes,0.16,0.96,1.0,0,1.1
2026-04-08,Wednesday,April,1.151,0,low,33.3,2.7,0,24.27,1.86,7 PM,6 PM-8 PM,1.01,145.62,4368.6,4559.1,23.19,20.67,22.92,3.6,increased,AC health issue increased consumption,49,41,19.9,0,sick,94,High usage detected!,Your pet is suffering because heavy usage or a faulty appliance is stressing the home.,0,Recovery Mode,6,3,overall_limit_exceeded|sudden_spike|pet_suffering|ac_fault|tv_fault|phantom_load_tv,replace_ac_efficient_model|replace_tv_efficient_model|shift_usage_to_morning,Highest usage is during 6 PM-8 PM. Shift ironing or cooling to morning to save cost.,You can improve efficiency by cutting AC usage by 1 hour.,TV standby may be wasting power,0.32,0.29,0.2,0.28,0.31,0.43,0.87,1.21,1.17,0.85,0.8,0.83,0.93,0.84,0.77,0.76,0.97,1.21,1.69,1.86,1.61,1.19,0.92,0.6,1598,8.4,4,good,yes,13.42,80.52,88.0,1,9.0,60,12.4,3,good,yes,0.74,4.44,4.9,0,1.6,1141,0.5,5,good,yes,0.57,3.42,3.7,0,2.2,124,4.2,4,standby,no,0.52,3.12,3.4,1,1.1
2026-04-09,Thursday,April,1.153,0,medium,28.4,0.4,0,24.89,1.85,7 PM,6 PM-8 PM,1.04,149.34,4480.2,4731.27,24.7,24.27,23.67,0.62,increased,AC health issue increased consumption,46,41,20.41,0,sick,94,High usage detected!,Your pet is suffering because heavy usage or a faulty appliance is stressing the home.,0,Recovery Mode,5,3,overall_limit_exceeded|sudden_spike|pet_suffering|ac_fault|iron_fault,replace_ac_efficient_model|replace_iron_efficient_model|shift_usage_to_morning,Highest usage is during 6 PM-8 PM. Shift ironing or cooling to morning to save cost.,You can improve efficiency by cutting AC usage by 1 hour.,Your appliance mix is stable today.,0.31,0.24,0.27,0.21,0.35,0.46,0.86,1.23,1.18,0.84,0.74,0.83,0.91,0.83,0.79,0.79,0.95,1.23,1.68,1.85,1.67,1.2,0.92,0.56,1599,9.3,4,good,no,14.87,89.22,82.0,1,9.0,81,13.3,3,good,yes,1.08,6.48,6.0,0,1.6,1295,1.6,5,good,no,2.07,12.42,11.4,1,2.2,21,5.6,4,good,yes,0.12,0.72,0.7,0,1.1
2026-04-10,Friday,April,1.155,0,medium,27.5,2.1,1,19.69,1.64,7 PM,6 PM-8 PM,0.82,118.14,3544.2,3733.0,21.25,24.89,23.08,-5.2,decreased,AC health issue increased consumption,65,66,16.15,4.26,sick,94,High usage detected!,Your pet is suffering because heavy usage or a faulty appliance is stressing the home.,0,Recovery Mode,4,4,sudden_spike|pet_suffering|ac_fault|iron_fault,replace_ac_efficient_model|replace_iron_efficient_model|saving_mode_optimizations|shift_usage_to_morning,Highest usage is during 6 PM-8 PM. Shift ironing or cooling to morning to save cost.,Saving mode is active. Prioritize fans over AC and switch off standby loads.,Your appliance mix is stable today.,0.14,0.14,0.14,0.14,0.17,0.32,0.74,1.11,1.05,0.69,0.61,0.63,0.72,0.7,0.66,0.63,0.75,1.1,1.5,1.64,1.43,0.96,0.7,0.35,1460,7.1,4,good,yes,10.37,62.22,85.5,1,9.0,97,12.1,3,good,yes,1.17,7.02,9.6,0,1.6,1270,0.3,5,good,no,0.38,2.28,3.1,1,2.2,43,4.9,4,good,yes,0.21,1.26,1.7,0,1.1
2026-04-11,Saturday,April,1.156,1,medium,28.6,0.2,0,24.28,1.83,7 PM,6 PM-8 PM,1.01,145.68,4370.4,4260.62,22.9,19.69,23.17,4.59,increased,AC health issue increased consumption,49,40,19.91,0,tired,64,"Usage rising, reduce load",Your pet is tired. A little saving today will help it recover.,0,Recovery Mode,3,2,overall_limit_exceeded|sudden_spike|ac_fault,replace_ac_efficient_model|shift_usage_to_morning,Highest usage is during 6 PM-8 PM. Shift ironing or cooling to morning to save cost.,You can improve efficiency by cutting AC usage by 1 hour.,Your appliance mix is stable today.,0.38,0.29,0.23,0.23,0.26,0.42,0.85,1.32,1.19,0.86,0.8,0.84,0.92,0.87,0.84,0.83,1.0,1.28,1.71,1.83,1.63,1.19,0.83,0.52,1437,7.9,4,good,yes,11.35,68.1,79.0,1,9.0,51,12.9,3,good,yes,0.66,3.96,4.6,0,1.6,1200,1.4,5,good,yes,1.68,10.08,11.7,0,2.2,157,4.3,4,good,yes,0.68,4.08,4.7,0,1.1
2026-04-12,Sunday,April,1.158,1,low,32.2,5.6,0,24.17,1.75,7 PM,6 PM-8 PM,1.01,145.02,4350.6,4577.99,24.2,24.28,23.22,-0.11,decreased,AC health issue increased consumption,49,45,19.82,0.09,sick,94,High usage detected!,Your pet is suffering because heavy usage or a faulty appliance is stressing the home.,0,Recovery Mode,6,4,overall_limit_exceeded|sudden_spike|pet_suffering|ac_fault|iron_fault|tv_fault,replace_ac_efficient_model|replace_iron_efficient_model|replace_tv_efficient_model|shift_usage_to_morning,Highest usage is during 6 PM-8 PM. Shift ironing or cooling to morning to save cost.,You can improve efficiency by cutting AC usage by 1 hour.,Your appliance mix is stable today.,0.3,0.21,0.2,0.18,0.29,0.41,0.88,1.29,1.09,0.81,0.69,0.74,0.86,0.78,0.8,0.83,0.93,1.25,1.58,1.75,1.66,1.15,0.8,0.58,1430,9.1,4,good,yes,13.01,78.06,69.6,1,9.0,75,12.5,3,good,yes,0.94,5.64,5.0,0,1.6,1267,2.6,5,good,yes,3.29,19.74,17.6,1,2.2,215,6.7,4,good,yes,1.44,8.64,7.7,1,1.1
2026-04-13,Monday,April,1.159,0,high,30.7,5.9,0,23.07,1.8,7 PM,6 PM-8 PM,0.96,138.42,4152.6,4521.79,23.4,24.17,23.01,-1.1,decreased,AC health issue increased consumption,53,50,18.92,0.9,tired,64,"Usage rising, reduce load",Your pet is tired. A little saving today will help it recover.,0,Recovery Mode,3,2,sudden_spike|ac_fault|phantom_load_tv,replace_ac_efficient_model|shift_usage_to_morning,Highest usage is during 6 PM-8 PM. Shift ironing or cooling to morning to save cost.,You can improve efficiency by cutting AC usage by 1 hour.,TV standby may be wasting power,0.28,0.29,0.26,0.21,0.24,0.45,0.83,1.18,1.15,0.77,0.68,0.75,0.93,0.78,0.73,0.77,1.0,1.2,1.59,1.8,1.6,1.18,0.85,0.53,1535,7.4,4,good,no,11.36,68.16,82.6,1,9.0,53,13.3,3,good,yes,0.7,4.2,5.1,0,1.6,1180,1.2,5,good,yes,1.42,8.52,10.3,0,2.2,70,3.9,4,standby,yes,0.27,1.62,2.0,0,1.1
2026-04-14,Tuesday,April,1.161,0,high,28.3,3.7,0,23.88,1.76,7 PM,6 PM-8 PM,0.99,143.28,4298.4,4226.08,23.64,23.07,23.46,0.81,increased,AC health issue increased consumption,50,45,19.58,0,sick,94,High usage detected!,Your pet is suffering because heavy usage or a faulty appliance is stressing the home.,0,Recovery Mode,4,3,sudden_spike|pet_suffering|ac_fault|iron_fault,replace_ac_efficient_model|replace_iron_efficient_model|shift_usage_to_morning,Highest usage is during 6 PM-8 PM. Shift ironing or cooling to morning to save cost.,You can improve efficiency by cutting AC usage by 1 hour.,Your appliance mix is stable today.,0.3,0.28,0.26,0.19,0.29,0.45,0.84,1.26,1.08,0.82,0.72,0.79,0.88,0.8,0.74,0.8,1.0,1.19,1.58,1.76,1.65,1.21,0.83,0.55,1586,8.3,4,good,yes,13.16,78.96,80.3,1,9.0,67,12.1,3,good,yes,0.81,4.86,4.9,0,1.6,1244,1.8,5,good,yes,2.24,13.44,13.7,1,2.2,40,4.5,4,good,yes,0.18,1.08,1.1,0,1.1
2026-04-15,Wednesday,April,1.162,0,high,29.6,4.3,0,23.46,1.78,7 PM,6 PM-8 PM,0.98,140.76,4222.8,4221.04,23.59,23.88,23.35,-0.42,decreased,AC health issue increased consumption,52,48,19.24,0.34,sick,94,High usage detected!,Your pet is suffering because heavy usage or a faulty appliance is stressing the home.,0,Recovery Mode,4,3,sudden_spike|pet_suffering|ac_fault|iron_fault,replace_ac_efficient_model|replace_iron_efficient_model|shift_usage_to_morning,Highest usage is during 6 PM-8 PM. Shift ironing or cooling to morning to save cost.,You can improve efficiency by cutting AC usage by 1 hour.,Your appliance mix is stable today.,0.28,0.3,0.18,0.2,0.26,0.46,0.88,1.25,1.12,0.83,0.76,0.82,0.92,0.82,0.75,0.76,0.99,1.18,1.6,1.78,1.64,1.19,0.83,0.53,1444,7.1,4,good,yes,10.25,61.5,71.9,1,9.0,135,11.3,3,good,yes,1.53,9.18,10.7,0,1.6,1254,1.8,5,slow,no,2.26,13.56,15.9,1,2.2,41,5.2,4,good,yes,0.21,1.26,1.5,0,1.1
2026-04-16,Thursday,April,1.163,0,low,29.2,5.7,0,23.92,1.82,7 PM,6 PM-8 PM,1.0,143.52,4305.6,4653.82,23.78,23.46,23.21,0.46,increased,AC health issue increased consumption,50,46,19.61,0,sick,94,High usage detected!,Your pet is suffering because heavy usage or a faulty appliance is stressing the home.,0,Recovery Mode,4,3,sudden_spike|pet_suffering|ac_fault|iron_fault,replace_ac_efficient_model|replace_iron_efficient_model|shift_usage_to_morning,Highest usage is during 6 PM-8 PM. Shift ironing or cooling to morning to save cost.,You can improve efficiency by cutting AC usage by 1 hour.,Your appliance mix is stable today.,0.3,0.21,0.17,0.2,0.33,0.49,0.85,1.28,1.19,0.79,0.68,0.83,0.89,0.83,0.76,0.83,0.99,1.22,1.65,1.82,1.66,1.15,0.83,0.49,1498,7.8,4,good,yes,11.68,70.08,73.9,1,9.0,72,11.2,3,good,yes,0.81,4.86,5.1,0,1.6,1314,2.0,5,good,yes,2.63,15.78,16.6,1,2.2,140,4.9,4,good,yes,0.69,4.14,4.4,0,1.1
2026-04-17,Friday,April,1.165,0,low,33.3,1.3,0,23.79,1.81,7 PM,6 PM-8 PM,0.99,142.74,4282.2,4345.17,23.83,23.92,23.8,-0.13,decreased,AC health issue increased consumption,50,46,19.51,0.11,sick,94,High usage detected!,Your pet is suffering because heavy usage or a faulty appliance is stressing the home.,0,Recovery Mode,7,5,sudden_spike|pet_suffering|ac_fault|fan_fault|iron_fault|tv_fault|phantom_load_tv,replace_ac_efficient_model|replace_fan_efficient_model|replace_iron_efficient_model|replace_tv_efficient_model|shift_usage_to_morning,Highest usage is during 6 PM-8 PM. Shift ironing or cooling to morning to save cost.,You can improve efficiency by cutting AC usage by 1 hour.,TV standby may be wasting power,0.33,0.24,0.3,0.24,0.28,0.5,0.9,1.31,1.13,0.76,0.77,0.81,0.96,0.86,0.82,0.8,1.0,1.26,1.64,1.81,1.59,1.14,0.85,0.57,1535,7.6,4,good,yes,11.67,70.02,88.1,1,9.0,43,12.0,3,good,no,0.52,3.12,3.9,1,1.6,1125,0.3,5,overheat,no,0.34,2.04,2.6,1,2.2,206,3.5,4,standby,no,0.72,4.32,5.4,1,1.1
2026-04-18,Saturday,April,1.166,1,medium,29.5,5.8,0,24.24,1.76,7 PM,6 PM-8 PM,1.01,145.44,4363.2,4225.03,24.1,23.79,23.79,0.45,increased,AC health issue increased consumption,49,45,19.88,0,sick,94,High usage detected!,Your pet is suffering because heavy usage or a faulty appliance is stressing the home.,0,Recovery Mode,5,3,overall_limit_exceeded|sudden_spike|pet_suffering|ac_fault|iron_fault,replace_ac_efficient_model|replace_iron_efficient_model|shift_usage_to_morning,Highest usage is during 6 PM-8 PM. Shift ironing or cooling to morning to save cost.,You can improve efficiency by cutting AC usage by 1 hour.,Your appliance mix is stable today.,0.29,0.28,0.21,0.26,0.34,0.39,0.89,1.19,1.13,0.75,0.77,0.81,0.93,0.78,0.79,0.77,0.98,1.22,1.67,1.76,1.61,1.19,0.87,0.6,1541,7.9,4,good,yes,12.17,73.02,71.3,1,9.0,77,11.6,3,good,yes,0.89,5.34,5.2,0,1.6,1310,2.7,5,good,yes,3.54,21.24,20.7,1,2.2,84,5.6,4,good,yes,0.47,2.82,2.8,0,1.1
2026-04-19,Sunday,April,1.167,1,low,28.9,0,0,25.19,1.87,7 PM,6 PM-8 PM,1.05,151.14,4534.2,4763.96,24.9,24.24,23.94,0.95,increased,AC health issue increased consumption,45,40,20.66,0,sick,94,High usage detected!,Your pet is suffering because heavy usage or a faulty appliance is stressing the home.,0,Recovery Mode,6,4,overall_limit_exceeded|sudden_spike|pet_suffering|ac_fault|fan_fault|iron_fault,replace_ac_efficient_model|replace_fan_efficient_model|replace_iron_efficient_model|shift_usage_to_morning,Highest usage is during 6 PM-8 PM. Shift ironing or cooling to morning to save cost.,You can improve efficiency by cutting AC usage by 1 hour.,Your appliance mix is stable today.,0.29,0.25,0.21,0.28,0.26,0.42,0.92,1.27,1.18,0.8,0.71,0.76,0.87,0.87,0.85,0.89,1.0,1.21,1.69,1.87,1.68,1.15,0.87,0.63,1585,8.9,4,good,yes,14.11,84.66,72.9,1,9.0,107,13.1,3,noise,no,1.4,8.4,7.2,1,1.6,1184,2.6,5,good,yes,3.08,18.48,15.9,1,2.2,132,5.8,4,good,yes,0.77,4.62,4.0,0,1.1
2026-04-20,Monday,April,1.168,0,medium,31.4,0,0,23.91,1.85,7 PM,6 PM-8 PM,1.0,143.46,4303.8,4524.85,24.29,25.19,24.06,-1.28,decreased,AC health issue increased consumption,50,47,19.61,1.05,sick,94,High usage detected!,Your pet is suffering because heavy usage or a faulty appliance is stressing the home.,0,Recovery Mode,5,3,sudden_spike|pet_suffering|ac_fault|tv_fault|phantom_load_tv,replace_ac_efficient_model|replace_tv_efficient_model|shift_usage_to_morning,Highest usage is during 6 PM-8 PM. Shift ironing or cooling to morning to save cost.,You can improve efficiency by cutting AC usage by 1 hour.,TV standby may be wasting power,0.3,0.32,0.31,0.25,0.26,0.44,0.86,1.25,1.15,0.76,0.78,0.79,0.89,0.79,0.84,0.86,0.95,1.29,1.69,1.85,1.64,1.19,0.9,0.58,1576,7.6,4,good,yes,11.98,71.88,88.9,1,9.0,77,11.5,3,good,yes,0.89,5.34,6.6,0,1.6,1137,0.2,5,good,yes,0.23,1.38,1.7,0,2.2,65,5.8,4,standby,no,0.38,2.28,2.8,1,1.1
2026-04-21,Tuesday,April,1.169,0,medium,31.3,4.0,0,23.9,1.86,7 PM,6 PM-8 PM,1.0,143.4,4302.0,4613.5,23.9,23.91,24.06,-0.01,decreased,AC health issue increased consumption,50,46,19.6,0.01,tired,64,"Usage rising, reduce load",Your pet is tired. A little saving today will help it recover.,0,Recovery Mode,2,2,sudden_spike|ac_fault,replace_ac_efficient_model|shift_usage_to_morning,Highest usage is during 6 PM-8 PM. Shift ironing or cooling to morning to save cost.,You can improve efficiency by cutting AC usage by 1 hour.,Your appliance mix is stable today.,0.24,0.22,0.25,0.16,0.34,0.47,0.91,1.29,1.14,0.81,0.71,0.81,0.94,0.86,0.8,0.75,0.97,1.24,1.67,1.86,1.57,1.13,0.87,0.5,1479,8.3,4,good,no,12.28,73.68,79.6,1,9.0,58,12.7,3,good,yes,0.74,4.44,4.8,0,1.6,1262,1.7,5,good,yes,2.15,12.9,13.9,0,2.2,47,5.5,4,good,yes,0.26,1.56,1.7,0,1.1
2026-04-22,Wednesday,April,1.17,0,low,30.5,0,1,21.3,1.68,7 PM,6 PM-8 PM,0.89,127.8,3834.0,4030.71,22.08,23.9,23.75,-2.6,decreased,AC health issue increased consumption,59,58,17.47,2.13,sick,94,High usage detected!,Your pet is suffering because heavy usage or a faulty appliance is stressing the home.,0,Recovery Mode,4,4,sudden_spike|pet_suffering|ac_fault|iron_fault,replace_ac_efficient_model|replace_iron_efficient_model|saving_mode_optimizations|shift_usage_to_morning,Highest usage is during 6 PM-8 PM. Shift ironing or cooling to morning to save cost.,Saving mode is active. Prioritize fans over AC and switch off standby loads.,Your appliance mix is stable today.,0.17,0.14,0.14,0.14,0.17,0.37,0.78,1.12,1.07,0.7,0.59,0.66,0.8,0.67,0.6,0.68,0.81,1.11,1.55,1.68,1.49,1.09,0.68,0.36,1492,8.5,4,good,yes,12.68,76.08,74.9,1,9.0,72,11.2,3,good,yes,0.81,4.86,4.8,0,1.6,1174,2.0,5,good,no,2.35,14.1,13.9,1,2.2,196,5.6,4,good,yes,1.1,6.6,6.5,0,1.1
2026-04-23,Thursday,April,1.171,0,medium,30.8,1.6,1,21.6,1.64,7 PM,6 PM-8 PM,0.9,129.6,3888.0,4045.01,21.51,21.3,23.42,0.3,increased,AC health issue increased consumption,58,54,17.71,0,sick,94,High usage detected!,Your pet is suffering because heavy usage or a faulty appliance is stressing the home.,0,Recovery Mode,6,5,sudden_spike|pet_suffering|ac_fault|fan_fault|tv_fault|phantom_load_tv,replace_ac_efficient_model|replace_fan_efficient_model|replace_tv_efficient_model|saving_mode_optimizations|shift_usage_to_morning,Highest usage is during 6 PM-8 PM. Shift ironing or cooling to morning to save cost.,Saving mode is active. Prioritize fans over AC and switch off standby loads.,TV standby may be wasting power,0.15,0.14,0.14,0.14,0.14,0.31,0.78,1.15,1.04,0.69,0.56,0.69,0.79,0.7,0.69,0.68,0.8,1.13,1.53,1.64,1.44,1.07,0.72,0.45,1526,9.3,4,good,no,14.19,85.14,77.5,1,9.0,186,12.9,3,good,yes,2.4,14.4,13.1,1,1.6,1122,1.4,5,good,yes,1.57,9.42,8.6,0,2.2,33,4.3,4,standby,no,0.14,0.84,0.8,1,1.1
2026-04-24,Friday,April,1.172,0,high,28.9,2.0,1,20.56,1.68,7 PM,6 PM-8 PM,0.86,123.36,3700.8,4008.52,20.87,21.6,22.96,-1.04,decreased,AC health issue increased consumption,62,59,16.86,0.85,tired,64,"Usage rising, reduce load",Your pet is tired. A little saving today will help it recover.,0,Recovery Mode,2,3,sudden_spike|ac_fault,replace_ac_efficient_model|saving_mode_optimizations|shift_usage_to_morning,Highest usage is during 6 PM-8 PM. Shift ironing or cooling to morning to save cost.,Saving mode is active. Prioritize fans over AC and switch off standby loads.,Your appliance mix is stable today.,0.23,0.18,0.14,0.14,0.14,0.31,0.77,1.08,0.99,0.66,0.63,0.65,0.74,0.68,0.63,0.7,0.86,1.1,1.48,1.68,1.5,1.04,0.8,0.42,1482,7.1,4,good,yes,10.52,63.12,76.9,1,9.0,77,13.0,3,good,yes,1.0,6.0,7.3,0,1.6,1148,1.5,5,good,yes,1.72,10.32,12.6,0,2.2,109,4.0,4,good,yes,0.44,2.64,3.2,0,1.1
2026-04-25,Saturday,April,1.173,1,high,33.7,3.3,0,24.56,1.83,7 PM,6 PM-8 PM,1.02,147.36,4420.8,4281.52,23.36,20.56,23.0,4.0,increased,AC health issue increased consumption,48,40,20.14,0,sick,94,High usage detected!,Your pet is suffering because heavy usage or a faulty appliance is stressing the home.,0,Recovery Mode,5,3,overall_limit_exceeded|sudden_spike|pet_suffering|ac_fault|fan_fault,replace_ac_efficient_model|replace_fan_efficient_model|shift_usage_to_morning,Highest usage is during 6 PM-8 PM. Shift ironing or cooling to morning to save cost.,You can improve efficiency by cutting AC usage by 1 hour.,Your appliance mix is stable today.,0.26,0.2,0.27,0.18,0.27,0.48,0.9,1.2,1.09,0.84,0.78,0.82,0.94,0.77,0.79,0.76,0.95,1.18,1.62,1.83,1.59,1.17,0.84,0.54,1606,9.5,4,good,yes,15.26,91.56,78.3,1,9.0,166,11.3,3,good,yes,1.88,11.28,9.6,1,1.6,1289,1.7,5,good,yes,2.19,13.14,11.2,0,2.2,35,5.0,4,good,yes,0.17,1.02,0.9,0,1.1
2026-04-26,Sunday,April,1.174,1,medium,32.4,4.1,1,20.21,1.61,7 PM,6 PM-8 PM,0.84,121.26,3637.8,3691.22,21.52,24.56,22.29,-4.35,decreased,AC health issue increased consumption,63,63,16.57,3.57,sick,94,High usage detected!,Your pet is suffering because heavy usage or a faulty appliance is stressing the home.,0,Recovery Mode,5,5,sudden_spike|pet_suffering|ac_fault|fan_fault|iron_fault,replace_ac_efficient_model|replace_fan_efficient_model|replace_iron_efficient_model|saving_mode_optimizations|shift_usage_to_morning,Highest usage is during 6 PM-8 PM. Shift ironing or cooling to morning to save cost.,Saving mode is active. Prioritize fans over AC and switch off standby loads.,Your appliance mix is stable today.,0.16,0.14,0.14,0.14,0.14,0.27,0.75,1.08,1.04,0.63,0.6,0.67,0.74,0.68,0.56,0.61,0.85,1.09,1.52,1.61,1.52,0.98,0.71,0.41,1424,7.8,4,good,yes,11.11,66.66,77.2,1,9.0,155,12.0,3,good,yes,1.86,11.16,12.9,1,1.6,1248,1.0,5,overheat,no,1.25,7.5,8.7,1,2.2,27,6.8,4,good,yes,0.18,1.08,1.2,0,1.1
2026-04-27,Monday,April,1.175,0,high,33.0,1.5,0,24.54,1.92,7 PM,6 PM-8 PM,1.02,147.24,4417.2,4821.25,23.24,20.21,22.38,4.33,increased,AC health issue increased consumption,48,40,20.12,0,tired,64,"Usage rising, reduce load",Your pet is tired. A little saving today will help it recover.,0,Recovery Mode,3,2,overall_limit_exceeded|sudden_spike|ac_fault,replace_ac_efficient_model|shift_usage_to_morning,Highest usage is during 6 PM-8 PM. Shift ironing or cooling to morning to save cost.,You can improve efficiency by cutting AC usage by 1 hour.,Your appliance mix is stable today.,0.34,0.3,0.23,0.22,0.28,0.54,0.94,1.26,1.18,0.79,0.72,0.82,0.96,0.9,0.78,0.86,0.99,1.22,1.74,1.92,1.62,1.25,0.95,0.55,1562,8.3,4,good,yes,12.96,77.76,89.6,1,9.0,42,12.0,3,good,yes,0.5,3.0,3.5,0,1.6,1306,0.2,5,good,yes,0.26,1.56,1.8,0,2.2,125,6.0,4,good,yes,0.75,4.5,5.2,0,1.1
2026-04-28,Tuesday,April,1.175,0,low,32.3,3.1,0,24.16,1.79,7 PM,6 PM-8 PM,1.01,144.96,4348.8,4493.21,24.27,24.54,22.42,-0.38,decreased,AC health issue increased consumption,49,45,19.81,0.31,sick,94,High usage detected!,Your pet is suffering because heavy usage or a faulty appliance is stressing the home.,0,Recovery Mode,5,3,overall_limit_exceeded|sudden_spike|pet_suffering|ac_fault|fan_fault,replace_ac_efficient_model|replace_fan_efficient_model|shift_usage_to_morning,Highest usage is during 6 PM-8 PM. Shift ironing or cooling to morning to save cost.,You can improve efficiency by cutting AC usage by 1 hour.,Your appliance mix is stable today.,0.33,0.2,0.19,0.25,0.3,0.42,0.87,1.22,1.11,0.82,0.72,0.8,0.9,0.83,0.78,0.83,0.94,1.28,1.65,1.79,1.59,1.11,0.91,0.49,1489,9.4,4,good,yes,14.0,84.0,80.5,1,9.0,166,13.8,3,good,yes,2.29,13.74,13.2,1,1.6,1136,0.3,5,good,yes,0.34,2.04,2.0,0,2.2,132,5.8,4,good,yes,0.77,4.62,4.4,0,1.1
2026-04-29,Wednesday,April,1.176,0,medium,27.5,2.4,0,24.77,1.82,7 PM,6 PM-8 PM,1.03,148.62,4458.6,4670.05,24.59,24.16,22.91,0.61,increased,AC health issue increased consumption,47,42,20.31,0,sick,94,High usage detected!,Your pet is suffering because heavy usage or a faulty appliance is stressing the home.,0,Recovery Mode,6,4,overall_limit_exceeded|sudden_spike|pet_suffering|ac_fault|iron_fault|tv_fault,replace_ac_efficient_model|replace_iron_efficient_model|replace_tv_efficient_model|shift_usage_to_morning,Highest usage is during 6 PM-8 PM. Shift ironing or cooling to morning to save cost.,You can improve efficiency by cutting AC usage by 1 hour.,Your appliance mix is stable today.,0.36,0.27,0.31,0.26,0.32,0.5,0.92,1.23,1.13,0.82,0.81,0.86,0.9,0.86,0.86,0.78,0.97,1.3,1.74,1.82,1.65,1.25,0.94,0.55,1462,8.0,4,good,yes,11.7,70.2,76.7,1,9.0,8,13.0,3,good,yes,0.1,0.6,0.7,0,1.6,1238,2.0,5,good,yes,2.48,14.88,16.3,1,2.2,204,4.8,4,good,no,0.98,5.88,6.4,1,1.1
2026-04-30,Thursday,April,1.177,0,low,30.3,4.5,0,24.29,1.82,7 PM,6 PM-8 PM,1.01,145.74,4372.2,4545.43,24.43,24.77,23.3,-0.48,decreased,AC health issue increased consumption,49,45,19.92,0.39,sick,94,High usage detected!,Your pet is suffering because heavy usage or a faulty appliance is stressing the home.,0,Recovery Mode,6,3,overall_limit_exceeded|sudden_spike|pet_suffering|ac_fault|iron_fault|phantom_load_tv,replace_ac_efficient_model|replace_iron_efficient_model|shift_usage_to_morning,Highest usage is during 6 PM-8 PM. Shift ironing or cooling to morning to save cost.,You can improve efficiency by cutting AC usage by 1 hour.,TV standby may be wasting power,0.26,0.26,0.25,0.18,0.28,0.42,0.89,1.3,1.18,0.82,0.69,0.74,0.89,0.81,0.77,0.79,0.99,1.24,1.71,1.82,1.62,1.2,0.93,0.55,1588,9.2,4,noise,no,14.61,87.66,86.9,1,9.0,102,12.0,3,good,yes,1.22,7.32,7.3,0,1.6,1234,0.6,5,good,no,0.74,4.44,4.4,1,2.2,71,3.5,4,standby,yes,0.25,1.5,1.5,0,1.1
2026-05-01,Friday,May,1.177,0,low,32.1,0,0,24.9,1.81,7 PM,6 PM-8 PM,1.04,149.4,4482.0,4609.16,24.72,24.29,23.92,0.61,increased,AC health issue increased consumption,46,41,20.42,0,sick,94,High usage detected!,Your pet is suffering because heavy usage or a faulty appliance is stressing the home.,0,Recovery Mode,7,4,overall_limit_exceeded|sudden_spike|pet_suffering|ac_fault|fan_fault|iron_fault|phantom_load_tv,replace_ac_efficient_model|replace_fan_efficient_model|replace_iron_efficient_model|shift_usage_to_morning,Highest usage is during 6 PM-8 PM. Shift ironing or cooling to morning to save cost.,You can improve efficiency by cutting AC usage by 1 hour.,TV standby may be wasting power,0.34,0.28,0.25,0.2,0.33,0.45,0.9,1.3,1.19,0.86,0.71,0.77,0.95,0.8,0.84,0.86,1.03,1.25,1.74,1.81,1.65,1.16,0.93,0.59,1597,8.7,4,good,yes,13.89,83.34,82.4,1,9.0,138,11.7,3,good,yes,1.61,9.66,9.6,1,1.6,1268,0.7,5,good,no,0.89,5.34,5.3,1,2.2,102,4.5,4,standby,yes,0.46,2.76,2.7,0,1.1
2026-05-02,Saturday,May,1.178,1,low,31.6,2.4,1,21.7,1.72,7 PM,6 PM-8 PM,0.9,130.2,3906.0,3958.37,22.66,24.9,23.51,-3.2,decreased,AC health issue increased consumption,58,57,17.79,2.62,sick,94,High usage detected!,Your pet is suffering because heavy usage or a faulty appliance is stressing the home.,0,Recovery Mode,5,5,sudden_spike|pet_suffering|ac_fault|fan_fault|iron_fault,replace_ac_efficient_model|replace_fan_efficient_model|replace_iron_efficient_model|saving_mode_optimizations|shift_usage_to_morning,Highest usage is during 6 PM-8 PM. Shift ironing or cooling to morning to save cost.,Saving mode is active. Prioritize fans over AC and switch off standby loads.,Your appliance mix is stable today.,0.14,0.17,0.14,0.14,0.14,0.29,0.68,1.13,1.08,0.67,0.56,0.68,0.78,0.73,0.67,0.67,0.87,1.08,1.54,1.72,1.55,1.05,0.75,0.44,1547,8.2,4,good,no,12.69,76.14,69.2,1,9.0,176,12.0,3,slow,no,2.11,12.66,11.5,1,1.6,1280,2.4,5,good,yes,3.07,18.42,16.7,1,2.2,73,6.4,4,good,yes,0.47,2.82,2.6,0,1.1
2026-05-03,Sunday,May,1.178,1,medium,27.3,0,1,20.77,1.7,7 PM,6 PM-8 PM,0.87,124.62,3738.6,4169.06,21.05,21.7,23.59,-0.93,decreased,AC health issue increased consumption,61,58,17.03,0.76,sick,94,High usage detected!,Your pet is suffering because heavy usage or a faulty appliance is stressing the home.,0,Recovery Mode,4,4,sudden_spike|pet_suffering|ac_fault|fan_fault,replace_ac_efficient_model|replace_fan_efficient_model|saving_mode_optimizations|shift_usage_to_morning,Highest usage is during 6 PM-8 PM. Shift ironing or cooling to morning to save cost.,Saving mode is active. Prioritize fans over AC and switch off standby loads.,Your appliance mix is stable today.,0.14,0.14,0.14,0.14,0.19,0.28,0.72,1.11,1.03,0.72,0.65,0.62,0.81,0.75,0.64,0.67,0.77,1.07,1.49,1.7,1.55,1.09,0.74,0.46,1610,7.1,4,good,yes,11.43,68.58,79.9,1,9.0,139,13.1,3,good,yes,1.82,10.92,12.7,1,1.6,1257,0.3,5,good,yes,0.38,2.28,2.7,0,2.2,104,6.4,4,good,yes,0.67,4.02,4.7,0,1.1
2026-05-04,Monday,May,1.179,0,medium,29.5,1.3,1,20.68,1.74,7 PM,6 PM-8 PM,0.86,124.08,3722.4,3652.55,20.71,20.77,23.04,-0.09,decreased,AC health issue increased consumption,62,58,16.96,0.07,tired,64,"Usage rising, reduce load",Your pet is tired. A little saving today will help it recover.,0,Recovery Mode,2,3,sudden_spike|ac_fault,replace_ac_efficient_model|saving_mode_optimizations|shift_usage_to_morning,Highest usage is during 6 PM-8 PM. Shift ironing or cooling to morning to save cost.,Saving mode is active. Prioritize fans over AC and switch off standby loads.,Your appliance mix is stable today.,0.19,0.16,0.14,0.14,0.17,0.37,0.77,1.15,1.0,0.61,0.6,0.65,0.74,0.69,0.7,0.64,0.81,1.07,1.56,1.74,1.55,1.04,0.69,0.42,1548,7.3,4,good,yes,11.3,67.8,80.6,1,9.0,118,13.1,3,good,yes,1.55,9.3,11.1,0,1.6,1318,0.7,5,good,yes,0.92,5.52,6.6,0,2.2,45,5.6,4,good,yes,0.25,1.5,1.8,0,1.1
2026-05-05,Tuesday,May,1.179,0,low,32.9,2.0,0,24.18,1.82,7 PM,6 PM-8 PM,1.01,145.08,4352.4,4252.07,23.13,20.68,23.04,3.5,increased,AC health issue increased consumption,49,42,19.83,0,sick,94,High usage detected!,Your pet is suffering because heavy usage or a faulty appliance is stressing the home.,0,Recovery Mode,7,4,overall_limit_exceeded|sudden_spike|pet_suffering|ac_fault|iron_fault|tv_fault|phantom_load_tv,replace_ac_efficient_model|replace_iron_efficient_model|replace_tv_efficient_model|shift_usage_to_morning,Highest usage is during 6 PM-8 PM. Shift ironing or cooling to morning to save cost.,You can improve efficiency by cutting AC usage by 1 hour.,TV standby may be wasting power,0.31,0.23,0.3,0.29,0.3,0.53,0.85,1.32,1.21,0.77,0.8,0.83,0.9,0.82,0.78,0.84,1.02,1.29,1.66,1.82,1.62,1.26,0.91,0.53,1558,7.8,4,good,yes,12.15,72.9,89.3,1,9.0,31,13.7,3,good,yes,0.42,2.52,3.1,0,1.6,1266,0.4,5,good,no,0.51,3.06,3.8,1,2.2,106,4.9,4,standby,no,0.52,3.12,3.8,1,1.1
2026-05-06,Wednesday,May,1.179,0,low,27.7,0.1,0,24.55,1.88,7 PM,6 PM-8 PM,1.02,147.3,4419.0,4488.73,24.44,24.18,23.01,0.37,increased,AC health issue increased consumption,48,44,20.13,0,sick,94,High usage detected!,Your pet is suffering because heavy usage or a faulty appliance is stressing the home.,0,Recovery Mode,5,3,overall_limit_exceeded|sudden_spike|pet_suffering|ac_fault|iron_fault,replace_ac_efficient_model|replace_iron_efficient_model|shift_usage_to_morning,Highest usage is during 6 PM-8 PM. Shift ironing or cooling to morning to save cost.,You can improve efficiency by cutting AC usage by 1 hour.,Your appliance mix is stable today.,0.35,0.33,0.27,0.27,0.31,0.47,0.88,1.25,1.21,0.86,0.72,0.86,0.96,0.87,0.75,0.87,1.01,1.23,1.67,1.88,1.7,1.2,0.96,0.54,1577,7.6,4,good,yes,11.99,71.94,84.3,1,9.0,41,13.0,3,good,yes,0.53,3.18,3.7,0,1.6,1203,1.0,5,good,no,1.2,7.2,8.4,1,2.2,109,4.7,4,good,yes,0.51,3.06,3.6,0,1.1
2026-05-07,Thursday,May,1.18,0,low,30.5,0.2,0,25.13,1.82,7 PM,6 PM-8 PM,1.05,150.78,4523.4,4996.19,24.96,24.55,23.13,0.58,increased,AC health issue increased consumption,46,41,20.61,0,sick,94,High usage detected!,Your pet is suffering because heavy usage or a faulty appliance is stressing the home.,0,Recovery Mode,7,5,overall_limit_exceeded|sudden_spike|pet_suffering|ac_fault|fan_fault|iron_fault|tv_fault,replace_ac_efficient_model|replace_fan_efficient_model|replace_iron_efficient_model|replace_tv_efficient_model|shift_usage_to_morning,Highest usage is during 6 PM-8 PM. Shift ironing or cooling to morning to save cost.,You can improve efficiency by cutting AC usage by 1 hour.,Your appliance mix is stable today.,0.31,0.3,0.29,0.25,0.31,0.47,0.91,1.29,1.24,0.81,0.75,0.85,0.94,0.9,0.79,0.87,1.0,1.24,1.71,1.82,1.72,1.21,0.91,0.59,1538,7.8,4,overheat,no,12.0,72.0,72.4,1,9.0,98,11.4,3,good,no,1.12,6.72,6.8,1,1.6,1317,1.9,5,good,yes,2.5,15.0,15.1,1,2.2,185,5.2,4,good,no,0.96,5.76,5.8,1,1.1
2026-05-08,Friday,May,1.18,0,low,32.3,1.3,1,21.87,1.75,7 PM,6 PM-8 PM,0.91,131.22,3936.6,4196.41,22.85,25.13,22.7,-3.26,decreased,AC health issue increased consumption,57,56,17.93,2.67,tired,64,"Usage rising, reduce load",Your pet is tired. A little saving today will help it recover.,0,Recovery Mode,2,3,sudden_spike|ac_fault,replace_ac_efficient_model|saving_mode_optimizations|shift_usage_to_morning,Highest usage is during 6 PM-8 PM. Shift ironing or cooling to morning to save cost.,Saving mode is active. Prioritize fans over AC and switch off standby loads.,Your appliance mix is stable today.,0.19,0.14,0.14,0.14,0.15,0.29,0.78,1.1,1.06,0.69,0.66,0.71,0.8,0.75,0.7,0.69,0.84,1.12,1.57,1.75,1.45,1.09,0.8,0.36,1563,9.1,4,good,yes,14.22,85.32,80.2,1,9.0,67,13.5,3,good,yes,0.9,5.4,5.1,0,1.6,1299,1.3,5,good,yes,1.69,10.14,9.5,0,2.2,202,4.5,4,good,yes,0.91,5.46,5.1,0,1.1
2026-05-09,Saturday,May,1.18,1,medium,30.3,1.1,0,25.23,1.87,7 PM,6 PM-8 PM,1.05,151.38,4541.4,4417.92,24.22,21.87,23.2,3.36,increased,AC health issue increased consumption,45,38,20.69,0,sick,94,High usage detected!,Your pet is suffering because heavy usage or a faulty appliance is stressing the home.,0,Recovery Mode,6,4,overall_limit_exceeded|sudden_spike|pet_suffering|ac_fault|fan_fault|iron_fault,replace_ac_efficient_model|replace_fan_efficient_model|replace_iron_efficient_model|shift_usage_to_morning,Highest usage is during 6 PM-8 PM. Shift ironing or cooling to morning to save cost.,You can improve efficiency by cutting AC usage by 1 hour.,Your appliance mix is stable today.,0.29,0.34,0.28,0.2,0.27,0.43,0.92,1.29,1.17,0.88,0.72,0.83,0.92,0.86,0.84,0.85,0.98,1.24,1.69,1.87,1.66,1.19,0.87,0.59,1567,8.2,4,good,yes,12.85,77.1,69.9,1,9.0,177,12.5,3,good,yes,2.21,13.26,12.0,1,1.6,1259,1.8,5,overheat,no,2.27,13.62,12.3,1,2.2,200,5.3,4,good,yes,1.06,6.36,5.8,0,1.1
2026-05-10,Sunday,May,1.18,1,medium,33.1,2.6,0,24.81,1.92,7 PM,6 PM-8 PM,1.03,148.86,4465.8,4346.12,24.94,25.23,23.78,-0.42,decreased,AC health issue increased consumption,47,43,20.34,0.34,tired,64,"Usage rising, reduce load",Your pet is tired. A little saving today will help it recover.,0,Recovery Mode,3,2,overall_limit_exceeded|sudden_spike|ac_fault,replace_ac_efficient_model|shift_usage_to_morning,Highest usage is during 6 PM-8 PM. Shift ironing or cooling to morning to save cost.,You can improve efficiency by cutting AC usage by 1 hour.,Your appliance mix is stable today.,0.33,0.23,0.31,0.2,0.32,0.51,0.95,1.24,1.2,0.86,0.74,0.76,0.91,0.89,0.8,0.84,0.99,1.3,1.68,1.92,1.7,1.18,0.85,0.63,1611,7.7,5,good,yes,12.4,74.4,78.5,1,9.0,61,11.4,4,good,yes,0.7,4.2,4.4,0,1.6,1163,1.8,6,good,yes,2.09,12.54,13.2,0,2.2,94,6.4,5,good,yes,0.6,3.6,3.8,0,1.1
2026-05-11,Monday,May,1.18,0,medium,29.5,0,1,20.59,1.74,7 PM,6 PM-8 PM,0.86,123.54,3706.2,3873.73,21.86,24.81,23.77,-4.22,decreased,AC health issue increased consumption,62,62,16.88,3.46,tired,64,"Usage rising, reduce load",Your pet is tired. A little saving today will help it recover.,0,Recovery Mode,2,3,sudden_spike|ac_fault,replace_ac_efficient_model|saving_mode_optimizations|shift_usage_to_morning,Highest usage is during 6 PM-8 PM. Shift ironing or cooling to morning to save cost.,Saving mode is active. Prioritize fans over AC and switch off standby loads.,Your appliance mix is stable today.,0.14,0.14,0.14,0.14,0.21,0.35,0.76,1.11,0.98,0.7,0.58,0.62,0.78,0.65,0.7,0.73,0.84,1.15,1.57,1.74,1.5,1.03,0.77,0.45,1462,7.5,5,good,yes,10.96,65.76,86.0,1,9.0,83,11.4,4,good,yes,0.95,5.7,7.5,0,1.6,1149,0.2,6,good,yes,0.23,1.38,1.8,0,2.2,141,4.3,5,good,yes,0.61,3.66,4.8,0,1.1
2026-05-12,Tuesday,May,1.18,0,medium,30.3,2.3,0,24.82,1.88,7 PM,6 PM-8 PM,1.03,148.92,4467.6,4540.17,23.55,20.59,23.86,4.23,increased,AC health issue increased consumption,47,39,20.35,0,sick,94,High usage detected!,Your pet is suffering because heavy usage or a faulty appliance is stressing the home.,0,Recovery Mode,5,3,overall_limit_exceeded|sudden_spike|pet_suffering|ac_fault|fan_fault,replace_ac_efficient_model|replace_fan_efficient_model|shift_usage_to_morning,Highest usage is during 6 PM-8 PM. Shift ironing or cooling to morning to save cost.,You can improve efficiency by cutting AC usage by 1 hour.,Your appliance mix is stable today.,0.3,0.29,0.25,0.22,0.35,0.47,0.87,1.29,1.24,0.78,0.77,0.8,0.97,0.87,0.82,0.81,0.96,1.31,1.66,1.88,1.66,1.22,0.88,0.6,1617,7.4,5,good,yes,11.97,71.82,74.3,1,9.0,171,13.8,4,good,yes,2.36,14.16,14.6,1,1.6,1122,1.5,6,good,yes,1.68,10.08,10.4,0,2.2,23,4.6,5,good,yes,0.11,0.66,0.7,0,1.1
2026-05-13,Wednesday,May,1.18,0,low,27.5,2.2,0,25.22,1.92,7 PM,6 PM-8 PM,1.05,151.32,4539.6,4643.2,25.1,24.82,23.95,0.4,increased,AC health issue increased consumption,45,41,20.68,0,sick,94,High usage detected!,Your pet is suffering because heavy usage or a faulty appliance is stressing the home.,0,Recovery Mode,6,4,overall_limit_exceeded|sudden_spike|pet_suffering|ac_fault|iron_fault|tv_fault,replace_ac_efficient_model|replace_iron_efficient_model|replace_tv_efficient_model|shift_usage_to_morning,Highest usage is during 6 PM-8 PM. Shift ironing or cooling to morning to save cost.,You can improve efficiency by cutting AC usage by 1 hour.,Your appliance mix is stable today.,0.38,0.3,0.3,0.3,0.34,0.51,0.85,1.33,1.14,0.84,0.81,0.82,0.99,0.91,0.83,0.81,0.99,1.33,1.71,1.92,1.64,1.19,0.96,0.61,1502,7.6,5,good,yes,11.42,68.52,73.6,1,9.0,65,13.2,4,good,yes,0.86,5.16,5.5,0,1.6,1205,2.4,6,good,yes,2.89,17.34,18.6,1,2.2,87,4.0,5,good,no,0.35,2.1,2.3,1,1.1
2026-05-14,Thursday,May,1.18,0,high,32.4,0.8,1,21.9,1.71,7 PM,6 PM-8 PM,0.91,131.4,3942.0,4389.07,22.9,25.22,23.49,-3.32,decreased,AC health issue increased consumption,57,56,17.96,2.72,sick,94,High usage detected!,Your pet is suffering because heavy usage or a faulty appliance is stressing the home.,0,Recovery Mode,4,4,sudden_spike|pet_suffering|ac_fault|fan_fault,replace_ac_efficient_model|replace_fan_efficient_model|saving_mode_optimizations|shift_usage_to_morning,Highest usage is during 6 PM-8 PM. Shift ironing or cooling to morning to save cost.,Saving mode is active. Prioritize fans over AC and switch off standby loads.,Your appliance mix is stable today.,0.2,0.14,0.14,0.14,0.18,0.28,0.69,1.14,0.99,0.66,0.65,0.61,0.79,0.75,0.66,0.65,0.86,1.16,1.54,1.71,1.56,1.04,0.74,0.46,1619,9.0,5,overheat,no,14.57,87.42,77.0,1,9.0,171,13.3,4,good,yes,2.27,13.62,12.0,1,1.6,1265,1.2,6,good,yes,1.52,9.12,8.0,0,2.2,105,5.3,5,good,yes,0.56,3.36,3.0,0,1.1
2026-05-15,Friday,May,1.18,0,medium,34.9,4.6,1,19.63,1.71,7 PM,6 PM-8 PM,0.82,117.78,3533.4,3412.91,20.31,21.9,23.17,-2.27,decreased,AC health issue increased consumption,65,63,16.1,1.86,sick,94,High usage detected!,Your pet is suffering because heavy usage or a faulty appliance is stressing the home.,0,Recovery Mode,4,4,sudden_spike|pet_suffering|ac_fault|fan_fault,replace_ac_efficient_model|replace_fan_efficient_model|saving_mode_optimizations|shift_usage_to_morning,Highest usage is during 6 PM-8 PM. Shift ironing or cooling to morning to save cost.,Saving mode is active. Prioritize fans over AC and switch off standby loads.,Your appliance mix is stable today.,0.17,0.14,0.14,0.14,0.18,0.31,0.68,1.08,0.94,0.66,0.58,0.67,0.73,0.63,0.56,0.59,0.86,1.05,1.49,1.71,1.49,1.01,0.77,0.43,1424,7.0,5,good,no,9.97,59.82,83.9,1,9.0,5,12.3,4,good,no,0.06,0.36,0.5,1,1.6,1253,1.0,6,good,yes,1.25,7.5,10.5,0,2.2,157,3.9,5,good,yes,0.61,3.66,5.1,0,1.1
2026-05-16,Saturday,May,1.179,1,medium,28.4,3.8,0,23.6,1.88,7 PM,6 PM-8 PM,0.98,141.6,4248.0,4376.23,22.41,19.63,22.94,3.97,increased,AC health issue increased consumption,51,43,19.35,0,sick,94,High usage detected!,Your pet is suffering because heavy usage or a faulty appliance is stressing the home.,0,Recovery Mode,4,3,sudden_spike|pet_suffering|ac_fault|tv_fault,replace_ac_efficient_model|replace_tv_efficient_model|shift_usage_to_morning,Highest usage is during 6 PM-8 PM. Shift ironing or cooling to morning to save cost.,You can improve efficiency by cutting AC usage by 1 hour.,Your appliance mix is stable today.,0.35,0.27,0.2,0.24,0.23,0.47,0.91,1.3,1.1,0.81,0.78,0.73,0.94,0.78,0.78,0.82,0.91,1.21,1.64,1.88,1.66,1.16,0.83,0.57,1559,7.3,5,good,yes,11.38,68.28,82.6,1,9.0,49,13.2,4,good,yes,0.65,3.9,4.7,0,1.6,1205,0.5,6,good,yes,0.6,3.6,4.4,0,2.2,213,5.4,5,good,yes,1.15,6.9,8.3,1,1.1
2026-05-17,Sunday,May,1.179,1,high,28.0,2.9,0,25.15,1.88,7 PM,6 PM-8 PM,1.05,150.9,4527.0,4486.23,24.68,23.6,22.99,1.55,increased,AC health issue increased consumption,45,39,20.62,0,sick,94,High usage detected!,Your pet is suffering because heavy usage or a faulty appliance is stressing the home.,0,Recovery Mode,6,4,overall_limit_exceeded|sudden_spike|pet_suffering|ac_fault|fan_fault|iron_fault,replace_ac_efficient_model|replace_fan_efficient_model|replace_iron_efficient_model|shift_usage_to_morning,Highest usage is during 6 PM-8 PM. Shift ironing or cooling to morning to save cost.,You can improve efficiency by cutting AC usage by 1 hour.,Your appliance mix is stable today.,0.32,0.24,0.3,0.2,0.26,0.53,0.92,1.3,1.15,0.85,0.8,0.81,0.89,0.82,0.77,0.83,0.96,1.23,1.71,1.88,1.69,1.22,0.86,0.62,1497,7.8,5,noise,no,11.68,70.08,64.4,1,9.0,130,13.8,4,good,yes,1.79,10.74,9.9,1,1.6,1314,2.9,6,good,yes,3.81,22.86,21.0,1,2.2,138,6.3,5,good,yes,0.87,5.22,4.8,0,1.1
2026-05-18,Monday,May,1.179,0,medium,33.6,2.1,0,24.13,1.87,7 PM,6 PM-8 PM,1.01,144.78,4343.4,4669.9,24.44,25.15,23.49,-1.02,decreased,AC health issue increased consumption,49,46,19.79,0.84,sick,94,High usage detected!,Your pet is suffering because heavy usage or a faulty appliance is stressing the home.,0,Recovery Mode,6,3,overall_limit_exceeded|sudden_spike|pet_suffering|ac_fault|iron_fault|phantom_load_tv,replace_ac_efficient_model|replace_iron_efficient_model|shift_usage_to_morning,Highest usage is during 6 PM-8 PM. Shift ironing or cooling to morning to save cost.,You can improve efficiency by cutting AC usage by 1 hour.,TV standby may be wasting power,0.33,0.24,0.31,0.19,0.3,0.45,0.87,1.3,1.23,0.82,0.72,0.76,0.94,0.82,0.75,0.84,0.94,1.24,1.68,1.87,1.65,1.23,0.96,0.55,1448,7.8,5,good,no,11.29,67.74,79.0,1,9.0,46,12.2,4,good,yes,0.56,3.36,3.9,0,1.6,1240,1.3,6,slow,no,1.61,9.66,11.3,1,2.2,176,4.7,5,standby,yes,0.83,4.98,5.8,0,1.1
2026-05-19,Tuesday,May,1.178,0,high,28.8,0,1,21.03,1.7,7 PM,6 PM-8 PM,0.88,126.18,3785.4,4117.31,21.96,24.13,22.95,-3.1,decreased,AC health issue increased consumption,60,59,17.24,2.54,sick,94,High usage detected!,Your pet is suffering because heavy usage or a faulty appliance is stressing the home.,0,Recovery Mode,6,6,sudden_spike|pet_suffering|ac_fault|fan_fault|iron_fault|tv_fault,replace_ac_efficient_model|replace_fan_efficient_model|replace_iron_efficient_model|replace_tv_efficient_model|saving_mode_optimizations|shift_usage_to_morning,Highest usage is during 6 PM-8 PM. Shift ironing or cooling to morning to save cost.,Saving mode is active. Prioritize fans over AC and switch off standby loads.,Your appliance mix is stable today.,0.18,0.14,0.14,0.14,0.15,0.35,0.7,1.1,0.98,0.7,0.66,0.7,0.78,0.71,0.61,0.67,0.83,1.16,1.49,1.7,1.5,0.98,0.74,0.46,1483,7.8,5,good,yes,11.57,69.42,73.6,1,9.0,146,13.7,4,good,yes,2.0,12.0,12.7,1,1.6,1121,0.9,6,good,no,1.01,6.06,6.4,1,2.2,207,5.5,5,good,no,1.14,6.84,7.3,1,1.1
2026-05-20,Wednesday,May,1.178,0,low,33.8,0,0,25.05,1.91,7 PM,6 PM-8 PM,1.04,150.3,4509.0,4368.18,23.84,21.03,22.93,4.02,increased,AC health issue increased consumption,46,38,20.54,0,sick,94,High usage detected!,Your pet is suffering because heavy usage or a faulty appliance is stressing the home.,0,Recovery Mode,6,4,overall_limit_exceeded|sudden_spike|pet_suffering|ac_fault|iron_fault|tv_fault,replace_ac_efficient_model|replace_iron_efficient_model|replace_tv_efficient_model|shift_usage_to_morning,Highest usage is during 6 PM-8 PM. Shift ironing or cooling to morning to save cost.,You can improve efficiency by cutting AC usage by 1 hour.,Your appliance mix is stable today.,0.28,0.31,0.28,0.24,0.28,0.47,0.86,1.34,1.12,0.84,0.73,0.81,0.94,0.87,0.86,0.83,0.95,1.3,1.65,1.91,1.68,1.23,0.85,0.59,1518,9.2,5,good,yes,13.97,83.82,80.3,1,9.0,3,12.0,4,good,yes,0.04,0.24,0.2,0,1.6,1298,2.3,6,good,yes,2.99,17.94,17.2,1,2.2,73,5.5,5,good,no,0.4,2.4,2.3,1,1.1
2026-05-21,Thursday,May,1.177,0,medium,34.3,5.4,1,20.99,1.67,7 PM,6 PM-8 PM,0.87,125.94,3778.2,4166.24,22.21,25.05,22.8,-4.06,decreased,AC health issue increased consumption,60,60,17.21,3.33,sick,94,High usage detected!,Your pet is suffering because heavy usage or a faulty appliance is stressing the home.,0,Recovery Mode,5,4,sudden_spike|pet_suffering|ac_fault|fan_fault|phantom_load_tv,replace_ac_efficient_model|replace_fan_efficient_model|saving_mode_optimizations|shift_usage_to_morning,Highest usage is during 6 PM-8 PM. Shift ironing or cooling to morning to save cost.,Saving mode is active. Prioritize fans over AC and switch off standby loads.,TV standby may be wasting power,0.14,0.14,0.14,0.14,0.15,0.3,0.74,1.05,0.97,0.64,0.59,0.65,0.77,0.71,0.64,0.68,0.83,1.06,1.54,1.67,1.46,0.96,0.7,0.38,1548,8.3,5,good,no,12.85,77.1,71.7,1,9.0,168,13.4,4,good,yes,2.25,13.5,12.5,1,1.6,1235,1.4,6,good,yes,1.73,10.38,9.6,0,2.2,197,5.6,5,standby,yes,1.1,6.6,6.1,0,1.1
2026-05-22,Friday,May,1.177,0,low,30.8,1.3,1,21.56,1.67,7 PM,6 PM-8 PM,0.9,129.36,3880.8,4328.32,21.39,20.99,23.07,0.57,increased,AC health issue increased consumption,58,53,17.68,0,sick,94,High usage detected!,Your pet is suffering because heavy usage or a faulty appliance is stressing the home.,0,Recovery Mode,4,4,sudden_spike|pet_suffering|ac_fault|fan_fault,replace_ac_efficient_model|replace_fan_efficient_model|saving_mode_optimizations|shift_usage_to_morning,Highest usage is during 6 PM-8 PM. Shift ironing or cooling to morning to save cost.,Saving mode is active. Prioritize fans over AC and switch off standby loads.,Your appliance mix is stable today.,0.14,0.18,0.14,0.14,0.18,0.32,0.78,1.13,1.03,0.64,0.66,0.66,0.73,0.68,0.63,0.69,0.8,1.06,1.57,1.67,1.56,1.06,0.74,0.4,1585,9.0,5,good,yes,14.27,85.62,79.1,1,9.0,165,13.0,4,good,yes,2.15,12.9,11.9,1,1.6,1233,1.0,6,good,yes,1.23,7.38,6.8,0,2.2,98,3.9,5,good,yes,0.38,2.28,2.1,0,1.1
2026-05-23,Saturday,May,1.176,1,low,30.0,2.5,0,25.39,1.85,7 PM,6 PM-8 PM,1.06,152.34,4570.2,4938.86,24.24,21.56,23.33,3.83,increased,AC health issue increased consumption,45,37,20.82,0,sick,94,High usage detected!,Your pet is suffering because heavy usage or a faulty appliance is stressing the home.,0,Recovery Mode,5,3,overall_limit_exceeded|sudden_spike|pet_suffering|ac_fault|iron_fault,replace_ac_efficient_model|replace_iron_efficient_model|shift_usage_to_morning,Highest usage is during 6 PM-8 PM. Shift ironing or cooling to morning to save cost.,You can improve efficiency by cutting AC usage by 1 hour.,Your appliance mix is stable today.,0.34,0.24,0.26,0.21,0.28,0.51,0.94,1.32,1.14,0.78,0.82,0.82,0.92,0.84,0.76,0.86,1.01,1.33,1.64,1.85,1.72,1.2,0.86,0.52,1547,8.9,5,good,yes,13.77,82.62,71.7,1,9.0,76,11.6,4,good,yes,0.88,5.28,4.6,0,1.6,1259,2.8,6,good,yes,3.53,21.18,18.4,1,2.2,200,5.1,5,good,yes,1.02,6.12,5.3,0,1.1
2026-05-24,Sunday,May,1.176,1,high,35.1,1.8,0,24.37,1.81,7 PM,6 PM-8 PM,1.02,146.22,4386.6,4897.22,24.68,25.39,23.22,-1.02,decreased,AC health issue increased consumption,48,45,19.98,0.84,sick,94,High usage detected!,Your pet is suffering because heavy usage or a faulty appliance is stressing the home.,0,Recovery Mode,6,4,overall_limit_exceeded|sudden_spike|pet_suffering|ac_fault|fan_fault|tv_fault,replace_ac_efficient_model|replace_fan_efficient_model|replace_tv_efficient_model|shift_usage_to_morning,Highest usage is during 6 PM-8 PM. Shift ironing or cooling to morning to save cost.,You can improve efficiency by cutting AC usage by 1 hour.,Your appliance mix is stable today.,0.36,0.33,0.24,0.2,0.31,0.43,0.91,1.24,1.12,0.84,0.73,0.79,0.91,0.87,0.76,0.84,1.02,1.3,1.65,1.81,1.7,1.22,0.96,0.63,1520,7.4,5,good,yes,11.25,67.5,77.3,1,9.0,149,12.5,4,good,no,1.86,11.16,12.8,1,1.6,1221,0.7,6,good,yes,0.85,5.1,5.8,0,2.2,114,5.3,5,slow,no,0.6,3.6,4.1,1,1.1
2026-05-25,Monday,May,1.175,0,medium,33.0,3.0,0,24.92,1.85,7 PM,6 PM-8 PM,1.04,149.52,4485.6,4521.61,24.75,24.37,23.33,0.55,increased,AC health issue increased consumption,46,41,20.43,0,tired,64,"Usage rising, reduce load",Your pet is tired. A little saving today will help it recover.,0,Recovery Mode,4,2,overall_limit_exceeded|sudden_spike|ac_fault|phantom_load_tv,replace_ac_efficient_model|shift_usage_to_morning,Highest usage is during 6 PM-8 PM. Shift ironing or cooling to morning to save cost.,You can improve efficiency by cutting AC usage by 1 hour.,TV standby may be wasting power,0.37,0.26,0.3,0.3,0.31,0.53,0.85,1.29,1.13,0.79,0.76,0.85,0.99,0.81,0.85,0.86,0.94,1.26,1.73,1.85,1.67,1.22,0.94,0.53,1467,9.1,5,good,yes,13.35,80.1,83.2,1,9.0,120,11.3,4,good,yes,1.36,8.16,8.5,0,1.6,1269,0.6,6,good,yes,0.76,4.56,4.7,0,2.2,138,4.1,5,standby,yes,0.57,3.42,3.6,0,1.1
2026-05-26,Tuesday,May,1.174,0,low,32.3,1.8,0,24.44,1.87,7 PM,6 PM-8 PM,1.02,146.64,4399.2,4289.75,24.58,24.92,23.82,-0.48,decreased,AC health issue increased consumption,48,44,20.04,0.39,sick,94,High usage detected!,Your pet is suffering because heavy usage or a faulty appliance is stressing the home.,0,Recovery Mode,5,3,overall_limit_exceeded|sudden_spike|pet_suffering|ac_fault|fan_fault,replace_ac_efficient_model|replace_fan_efficient_model|shift_usage_to_morning,Highest usage is during 6 PM-8 PM. Shift ironing or cooling to morning to save cost.,You can improve efficiency by cutting AC usage by 1 hour.,Your appliance mix is stable today.,0.35,0.33,0.25,0.25,0.34,0.45,0.85,1.25,1.23,0.77,0.79,0.82,0.94,0.9,0.81,0.83,1.01,1.22,1.68,1.87,1.7,1.16,0.85,0.55,1597,7.3,5,overheat,no,11.66,69.96,79.3,1,9.0,157,13.6,4,good,yes,2.14,12.84,14.5,1,1.6,1194,0.6,6,good,yes,0.72,4.32,4.9,0,2.2,39,4.8,5,good,yes,0.19,1.14,1.3,0,1.1
2026-05-27,Wednesday,May,1.173,0,high,34.1,2.4,0,24.29,1.91,7 PM,6 PM-8 PM,1.01,145.74,4372.2,4410.45,24.33,24.44,23.71,-0.15,decreased,AC health issue increased consumption,49,45,19.92,0.12,tired,64,"Usage rising, reduce load",Your pet is tired. A little saving today will help it recover.,0,Recovery Mode,4,2,overall_limit_exceeded|sudden_spike|ac_fault|phantom_load_tv,replace_ac_efficient_model|shift_usage_to_morning,Highest usage is during 6 PM-8 PM. Shift ironing or cooling to morning to save cost.,You can improve efficiency by cutting AC usage by 1 hour.,TV standby may be wasting power,0.36,0.25,0.28,0.23,0.32,0.46,0.85,1.24,1.15,0.85,0.75,0.86,0.89,0.82,0.8,0.87,1.02,1.27,1.7,1.91,1.7,1.22,0.93,0.61,1526,8.1,5,good,no,12.36,74.16,92.0,1,9.0,-1,12.5,4,good,yes,-0.01,-0.06,-0.1,0,1.6,1212,0.2,6,good,yes,0.24,1.44,1.8,0,2.2,172,4.9,5,standby,yes,0.84,5.04,6.3,0,1.1
2026-05-28,Thursday,May,1.173,0,low,33.1,0,1,20.46,1.72,7 PM,6 PM-8 PM,0.85,122.76,3682.8,3833.0,21.61,24.29,23.63,-3.83,decreased,AC health issue increased consumption,62,62,16.78,3.14,sick,94,High usage detected!,Your pet is suffering because heavy usage or a faulty appliance is stressing the home.,0,Recovery Mode,4,4,sudden_spike|pet_suffering|ac_fault|iron_fault,replace_ac_efficient_model|replace_iron_efficient_model|saving_mode_optimizations|shift_usage_to_morning,Highest usage is during 6 PM-8 PM. Shift ironing or cooling to morning to save cost.,Saving mode is active. Prioritize fans over AC and switch off standby loads.,Your appliance mix is stable today.,0.21,0.14,0.14,0.14,0.14,0.27,0.75,1.15,0.96,0.69,0.63,0.59,0.72,0.73,0.64,0.62,0.78,1.08,1.47,1.72,1.53,1.07,0.79,0.38,1471,7.4,5,good,yes,10.89,65.34,76.7,1,9.0,18,11.6,4,good,yes,0.21,1.26,1.5,0,1.6,1191,2.3,6,good,yes,2.74,16.44,19.3,1,2.2,61,5.7,5,good,yes,0.35,2.1,2.5,0,1.1
2026-05-29,Friday,May,1.172,0,high,33.2,5.9,0,23.82,1.88,7 PM,6 PM-8 PM,0.99,142.92,4287.6,4703.86,22.81,20.46,23.96,3.36,increased,AC health issue increased consumption,50,43,19.53,0,sick,94,High usage detected!,Your pet is suffering because heavy usage or a faulty appliance is stressing the home.,0,Recovery Mode,5,4,sudden_spike|pet_suffering|ac_fault|fan_fault|iron_fault,replace_ac_efficient_model|replace_fan_efficient_model|replace_iron_efficient_model|shift_usage_to_morning,Highest usage is during 6 PM-8 PM. Shift ironing or cooling to morning to save cost.,You can improve efficiency by cutting AC usage by 1 hour.,Your appliance mix is stable today.,0.26,0.23,0.28,0.22,0.34,0.4,0.83,1.25,1.17,0.77,0.74,0.77,0.95,0.79,0.75,0.79,0.92,1.2,1.6,1.88,1.58,1.12,0.83,0.58,1600,7.7,5,good,yes,12.32,73.92,75.9,1,9.0,16,12.1,4,slow,no,0.19,1.14,1.2,1,1.6,1295,2.3,6,good,yes,2.98,17.88,18.4,1,2.2,161,4.6,5,good,yes,0.74,4.44,4.6,0,1.1
2026-05-30,Saturday,May,1.171,1,high,34.2,4.0,0,24.24,1.79,7 PM,6 PM-8 PM,1.01,145.44,4363.2,4530.29,24.11,23.82,23.79,0.42,increased,AC health issue increased consumption,49,45,19.88,0,sick,94,High usage detected!,Your pet is suffering because heavy usage or a faulty appliance is stressing the home.,0,Recovery Mode,8,5,overall_limit_exceeded|sudden_spike|pet_suffering|ac_fault|fan_fault|iron_fault|tv_fault|phantom_load_tv,replace_ac_efficient_model|replace_fan_efficient_model|replace_iron_efficient_model|replace_tv_efficient_model|shift_usage_to_morning,Highest usage is during 6 PM-8 PM. Shift ironing or cooling to morning to save cost.,You can improve efficiency by cutting AC usage by 1 hour.,TV standby may be wasting power,0.28,0.19,0.25,0.24,0.27,0.45,0.88,1.2,1.13,0.81,0.79,0.81,0.94,0.78,0.75,0.77,0.92,1.28,1.64,1.79,1.61,1.16,0.9,0.58,1571,7.6,5,good,yes,11.94,71.64,68.7,1,9.0,159,13.7,4,good,yes,2.18,13.08,12.5,1,1.6,1290,1.9,6,good,yes,2.45,14.7,14.1,1,2.2,144,5.6,5,standby,no,0.81,4.86,4.7,1,1.1
2026-05-31,Sunday,May,1.17,1,low,27.3,3.0,0,24.91,1.88,7 PM,6 PM-8 PM,1.04,149.46,4483.8,4691.41,24.71,24.24,23.87,0.67,increased,AC health issue increased consumption,46,41,20.43,0,sick,94,High usage detected!,Your pet is suffering because heavy usage or a faulty appliance is stressing the home.,0,Recovery Mode,6,4,overall_limit_exceeded|sudden_spike|pet_suffering|ac_fault|fan_fault|iron_fault,replace_ac_efficient_model|replace_fan_efficient_model|replace_iron_efficient_model|shift_usage_to_morning,Highest usage is during 6 PM-8 PM. Shift ironing or cooling to morning to save cost.,You can improve efficiency by cutting AC usage by 1 hour.,Your appliance mix is stable today.,0.33,0.22,0.22,0.26,0.3,0.46,0.9,1.31,1.19,0.82,0.76,0.8,0.9,0.85,0.8,0.84,1.02,1.27,1.62,1.88,1.71,1.24,0.85,0.57,1516,8.1,5,overheat,no,12.28,73.68,71.3,1,9.0,175,11.6,4,good,yes,2.03,12.18,11.8,1,1.6,1199,2.2,6,good,yes,2.64,15.84,15.3,1,2.2,48,5.8,5,good,yes,0.28,1.68,1.6,0,1.1
2026-06-01,Monday,June,1.169,0,low,30.8,7.4,0,23.4,1.8,7 PM,6 PM-8 PM,0.97,140.4,4212.0,4360.06,23.85,24.91,23.65,-1.51,decreased,AC health issue increased consumption,52,50,19.19,1.24,tired,64,"Usage rising, reduce load",Your pet is tired. A little saving today will help it recover.,0,Recovery Mode,3,2,sudden_spike|ac_fault|phantom_load_tv,replace_ac_efficient_model|shift_usage_to_morning,Highest usage is during 6 PM-8 PM. Shift ironing or cooling to morning to save cost.,You can improve efficiency by cutting AC usage by 1 hour.,TV standby may be wasting power,0.3,0.24,0.23,0.27,0.3,0.43,0.92,1.22,1.08,0.73,0.77,0.76,0.92,0.77,0.81,0.78,0.9,1.21,1.63,1.8,1.64,1.13,0.89,0.55,1596,7.1,5,good,yes,11.33,67.98,79.8,1,9.0,81,11.6,4,good,yes,0.94,5.64,6.6,0,1.6,1129,1.0,6,good,yes,1.13,6.78,8.0,0,2.2,165,4.8,5,standby,yes,0.79,4.74,5.6,0,1.1
2026-06-02,Tuesday,June,1.168,0,low,31.6,4.2,0,23.91,1.79,7 PM,6 PM-8 PM,1.0,143.46,4303.8,4408.68,23.76,23.4,23.58,0.51,increased,AC health issue increased consumption,50,45,19.61,0,sick,94,High usage detected!,Your pet is suffering because heavy usage or a faulty appliance is stressing the home.,0,Recovery Mode,5,4,sudden_spike|pet_suffering|ac_fault|fan_fault|iron_fault,replace_ac_efficient_model|replace_fan_efficient_model|replace_iron_efficient_model|shift_usage_to_morning,Highest usage is during 6 PM-8 PM. Shift ironing or cooling to morning to save cost.,You can improve efficiency by cutting AC usage by 1 hour.,Your appliance mix is stable today.,0.33,0.2,0.25,0.2,0.29,0.48,0.84,1.26,1.12,0.78,0.73,0.82,0.93,0.86,0.77,0.77,0.9,1.29,1.63,1.79,1.65,1.11,0.91,0.49,1506,7.6,5,good,yes,11.45,68.7,71.8,1,9.0,130,12.4,4,good,no,1.61,9.66,10.1,1,1.6,1286,1.9,6,good,yes,2.44,14.64,15.3,1,2.2,96,4.6,5,good,yes,0.44,2.64,2.8,0,1.1
2026-06-03,Wednesday,June,1.166,0,high,32.0,2.7,0,24.41,1.8,7 PM,6 PM-8 PM,1.02,146.46,4393.8,4544.36,24.26,23.91,23.59,0.5,increased,AC health issue increased consumption,48,44,20.02,0,sick,94,High usage detected!,Your pet is suffering because heavy usage or a faulty appliance is stressing the home.,0,Recovery Mode,5,3,overall_limit_exceeded|sudden_spike|pet_suffering|ac_fault|tv_fault,replace_ac_efficient_model|replace_tv_efficient_model|shift_usage_to_morning,Highest usage is during 6 PM-8 PM. Shift ironing or cooling to morning to save cost.,You can improve efficiency by cutting AC usage by 1 hour.,Your appliance mix is stable today.,0.29,0.22,0.28,0.29,0.32,0.44,0.94,1.3,1.16,0.87,0.76,0.82,0.95,0.84,0.8,0.84,0.98,1.24,1.63,1.8,1.67,1.17,0.89,0.55,1436,8.5,5,good,yes,12.21,73.26,80.0,1,9.0,63,13.3,4,good,yes,0.84,5.04,5.5,0,1.6,1185,1.6,6,good,yes,1.9,11.4,12.5,0,2.2,81,3.8,5,slow,no,0.31,1.86,2.0,1,1.1
2026-06-04,Thursday,June,1.165,0,low,32.1,0.3,1,20.91,1.73,7 PM,6 PM-8 PM,0.87,125.46,3763.8,4061.27,21.96,24.41,23.66,-3.5,decreased,AC health issue increased consumption,61,60,17.15,2.87,sick,94,High usage detected!,Your pet is suffering because heavy usage or a faulty appliance is stressing the home.,0,Recovery Mode,5,5,sudden_spike|pet_suffering|ac_fault|fan_fault|iron_fault,replace_ac_efficient_model|replace_fan_efficient_model|replace_iron_efficient_model|saving_mode_optimizations|shift_usage_to_morning,Highest usage is during 6 PM-8 PM. Shift ironing or cooling to morning to save cost.,Saving mode is active. Prioritize fans over AC and switch off standby loads.,Your appliance mix is stable today.,0.14,0.14,0.14,0.14,0.16,0.34,0.67,1.14,1.04,0.6,0.64,0.62,0.74,0.64,0.69,0.71,0.84,1.14,1.5,1.73,1.53,1.0,0.75,0.41,1450,8.3,5,good,yes,12.04,72.24,76.6,1,9.0,193,13.6,4,good,yes,2.62,15.72,16.7,1,1.6,1143,0.4,6,good,no,0.46,2.76,2.9,1,2.2,104,5.7,5,good,yes,0.59,3.54,3.8,0,1.1
2026-06-05,Friday,June,1.164,0,low,34.4,1.6,1,20.74,1.7,7 PM,6 PM-8 PM,0.86,124.44,3733.2,4168.04,20.79,20.91,23.22,-0.17,decreased,AC health issue increased consumption,61,57,17.01,0.14,tired,64,"Usage rising, reduce load",Your pet is tired. A little saving today will help it recover.,0,Recovery Mode,2,3,sudden_spike|ac_fault,replace_ac_efficient_model|saving_mode_optimizations|shift_usage_to_morning,Highest usage is during 6 PM-8 PM. Shift ironing or cooling to morning to save cost.,Saving mode is active. Prioritize fans over AC and switch off standby loads.,Your appliance mix is stable today.,0.14,0.18,0.14,0.14,0.16,0.32,0.71,1.16,0.98,0.65,0.62,0.7,0.81,0.74,0.62,0.69,0.86,1.04,1.56,1.7,1.53,1.05,0.79,0.43,1591,7.5,5,good,yes,11.93,71.58,86.8,1,9.0,74,12.9,4,good,yes,0.95,5.7,6.9,0,1.6,1295,0.2,6,good,yes,0.26,1.56,1.9,0,2.2,133,4.5,5,good,yes,0.6,3.6,4.4,0,1.1
2026-06-06,Saturday,June,1.163,1,low,33.5,2.4,1,20.62,1.63,7 PM,6 PM-8 PM,0.86,123.72,3711.6,4066.11,20.66,20.74,22.7,-0.12,decreased,AC health issue increased consumption,62,58,16.91,0.1,sick,94,High usage detected!,Your pet is suffering because heavy usage or a faulty appliance is stressing the home.,0,Recovery Mode,6,5,sudden_spike|pet_suffering|ac_fault|fan_fault|tv_fault|phantom_load_tv,replace_ac_efficient_model|replace_fan_efficient_model|replace_tv_efficient_model|saving_mode_optimizations|shift_usage_to_morning,Highest usage is during 6 PM-8 PM. Shift ironing or cooling to morning to save cost.,Saving mode is active. Prioritize fans over AC and switch off standby loads.,TV standby may be wasting power,0.21,0.14,0.14,0.14,0.19,0.33,0.76,1.08,0.95,0.69,0.59,0.67,0.81,0.67,0.62,0.72,0.77,1.05,1.48,1.63,1.47,1.05,0.74,0.39,1597,7.0,5,good,no,11.18,67.08,73.8,1,9.0,156,12.3,4,good,yes,1.92,11.52,12.7,1,1.6,1120,1.3,6,good,yes,1.46,8.76,9.6,0,2.2,100,5.8,5,standby,no,0.58,3.48,3.8,1,1.1
2026-06-07,Sunday,June,1.161,1,medium,32.4,3.3,0,23.33,1.8,7 PM,6 PM-8 PM,0.97,139.98,4199.4,4224.91,22.52,20.62,22.47,2.71,increased,AC health issue increased consumption,52,45,19.13,0,sick,94,High usage detected!,Your pet is suffering because heavy usage or a faulty appliance is stressing the home.,0,Recovery Mode,5,4,sudden_spike|pet_suffering|ac_fault|iron_fault|tv_fault,replace_ac_efficient_model|replace_iron_efficient_model|replace_tv_efficient_model|shift_usage_to_morning,Highest usage is during 6 PM-8 PM. Shift ironing or cooling to morning to save cost.,You can improve efficiency by cutting AC usage by 1 hour.,Your appliance mix is stable today.,0.29,0.29,0.18,0.17,0.29,0.43,0.83,1.19,1.12,0.77,0.71,0.81,0.9,0.76,0.7,0.8,0.96,1.19,1.59,1.8,1.58,1.2,0.81,0.55,1573,7.6,5,noise,no,11.95,71.7,77.1,1,9.0,-2,13.1,4,good,yes,-0.03,-0.18,-0.2,0,1.6,1236,2.5,6,good,yes,3.09,18.54,19.9,1,2.2,77,6.2,5,good,no,0.48,2.88,3.1,1,1.1
2026-06-08,Monday,June,1.16,0,medium,33.7,1.3,0,25.11,1.85,7 PM,6 PM-8 PM,1.05,150.66,4519.8,5039.08,24.58,23.33,22.72,1.78,increased,AC health issue increased consumption,46,40,20.59,0,sick,94,High usage detected!,Your pet is suffering because heavy usage or a faulty appliance is stressing the home.,0,Recovery Mode,6,4,overall_limit_exceeded|sudden_spike|pet_suffering|ac_fault|fan_fault|iron_fault,replace_ac_efficient_model|replace_fan_efficient_model|replace_iron_efficient_model|shift_usage_to_morning,Highest usage is during 6 PM-8 PM. Shift ironing or cooling to morning to save cost.,You can improve efficiency by cutting AC usage by 1 hour.,Your appliance mix is stable today.,0.35,0.24,0.22,0.28,0.26,0.53,0.85,1.26,1.13,0.82,0.77,0.75,0.91,0.89,0.85,0.81,0.94,1.24,1.65,1.85,1.59,1.19,0.84,0.62,1540,9.2,5,good,yes,14.17,85.02,72.9,1,9.0,166,13.7,4,good,yes,2.27,13.62,11.7,1,1.6,1311,1.9,6,good,no,2.49,14.94,12.8,1,2.2,117,4.3,5,good,yes,0.5,3.0,2.6,0,1.1
2026-06-09,Tuesday,June,1.158,0,medium,31.3,2.4,0,24.32,1.84,7 PM,6 PM-8 PM,1.01,145.92,4377.6,4511.74,24.56,25.11,22.78,-0.79,decreased,AC health issue increased consumption,48,45,19.94,0.65,sick,94,High usage detected!,Your pet is suffering because heavy usage or a faulty appliance is stressing the home.,0,Recovery Mode,6,4,overall_limit_exceeded|sudden_spike|pet_suffering|ac_fault|fan_fault|tv_fault,replace_ac_efficient_model|replace_fan_efficient_model|replace_tv_efficient_model|shift_usage_to_morning,Highest usage is during 6 PM-8 PM. Shift ironing or cooling to morning to save cost.,You can improve efficiency by cutting AC usage by 1 hour.,Your appliance mix is stable today.,0.28,0.28,0.24,0.24,0.26,0.5,0.87,1.24,1.14,0.87,0.75,0.86,0.89,0.83,0.78,0.87,0.94,1.29,1.71,1.84,1.63,1.14,0.92,0.57,1458,8.3,5,good,yes,12.1,72.6,78.8,1,9.0,157,13.3,4,noise,no,2.09,12.54,13.6,1,1.6,1166,0.2,6,good,yes,0.23,1.38,1.5,0,2.2,200,4.7,5,good,no,0.94,5.64,6.1,1,1.1
2026-06-10,Wednesday,June,1.157,0,high,30.5,5.1,1,20.2,1.59,7 PM,6 PM-8 PM,0.84,121.2,3636.0,4072.22,21.44,24.32,22.18,-4.12,decreased,AC health issue increased consumption,63,63,16.56,3.38,tired,64,"Usage rising, reduce load",Your pet is tired. A little saving today will help it recover.,0,Recovery Mode,2,3,sudden_spike|ac_fault,replace_ac_efficient_model|saving_mode_optimizations|shift_usage_to_morning,Highest usage is during 6 PM-8 PM. Shift ironing or cooling to morning to save cost.,Saving mode is active. Prioritize fans over AC and switch off standby loads.,Your appliance mix is stable today.,0.18,0.14,0.14,0.14,0.14,0.24,0.69,1.05,1.02,0.63,0.57,0.66,0.73,0.66,0.59,0.58,0.81,1.08,1.52,1.59,1.47,1.01,0.69,0.39,1447,9.1,5,overheat,no,13.17,79.02,83.4,1,9.0,111,12.8,4,good,yes,1.42,8.52,9.0,0,1.6,1288,0.2,6,good,yes,0.26,1.56,1.6,0,2.2,187,5.1,5,good,yes,0.95,5.7,6.0,0,1.1
2026-06-11,Thursday,June,1.155,0,low,34.1,2.2,0,24.1,1.78,7 PM,6 PM-8 PM,1.0,144.6,4338.0,4727.37,22.93,20.2,22.63,3.9,increased,AC health issue increased consumption,49,41,19.76,0,tired,64,"Usage rising, reduce load",Your pet is tired. A little saving today will help it recover.,0,Recovery Mode,3,2,overall_limit_exceeded|sudden_spike|ac_fault,replace_ac_efficient_model|shift_usage_to_morning,Highest usage is during 6 PM-8 PM. Shift ironing or cooling to morning to save cost.,You can improve efficiency by cutting AC usage by 1 hour.,Your appliance mix is stable today.,0.29,0.22,0.27,0.22,0.26,0.42,0.93,1.25,1.15,0.77,0.81,0.84,0.86,0.89,0.75,0.85,0.94,1.28,1.68,1.78,1.63,1.17,0.93,0.54,1595,8.4,5,good,yes,13.4,80.4,87.4,1,9.0,19,13.3,4,good,yes,0.25,1.5,1.6,0,1.6,1245,1.0,6,good,yes,1.25,7.5,8.1,0,2.2,88,5.0,5,good,yes,0.44,2.64,2.9,0,1.1
2026-06-12,Friday,June,1.154,0,medium,30.2,0.7,1,20.49,1.72,7 PM,6 PM-8 PM,0.85,122.94,3688.2,3786.31,21.57,24.1,22.6,-3.61,decreased,AC health issue increased consumption,62,62,16.8,2.96,tired,64,"Usage rising, reduce load",Your pet is tired. A little saving today will help it recover.,0,Recovery Mode,3,3,sudden_spike|ac_fault|phantom_load_tv,replace_ac_efficient_model|saving_mode_optimizations|shift_usage_to_morning,Highest usage is during 6 PM-8 PM. Shift ironing or cooling to morning to save cost.,Saving mode is active. Prioritize fans over AC and switch off standby loads.,TV standby may be wasting power,0.22,0.14,0.14,0.14,0.2,0.32,0.73,1.05,0.99,0.6,0.63,0.61,0.81,0.7,0.6,0.63,0.8,1.09,1.5,1.72,1.47,1.02,0.72,0.4,1604,8.4,5,good,yes,13.47,80.82,91.0,1,9.0,60,12.7,4,good,yes,0.76,4.56,5.1,0,1.6,1124,0.2,6,good,yes,0.22,1.32,1.5,0,2.2,65,5.5,5,standby,yes,0.36,2.16,2.4,0,1.1
2026-06-13,Saturday,June,1.152,1,high,32.4,0.9,1,21.05,1.72,7 PM,6 PM-8 PM,0.88,126.3,3789.0,4030.66,20.88,20.49,22.66,0.56,increased,AC health issue increased consumption,60,55,17.26,0,sick,94,High usage detected!,Your pet is suffering because heavy usage or a faulty appliance is stressing the home.,0,Recovery Mode,6,6,sudden_spike|pet_suffering|ac_fault|fan_fault|iron_fault|tv_fault,replace_ac_efficient_model|replace_fan_efficient_model|replace_iron_efficient_model|replace_tv_efficient_model|saving_mode_optimizations|shift_usage_to_morning,Highest usage is during 6 PM-8 PM. Shift ironing or cooling to morning to save cost.,Saving mode is active. Prioritize fans over AC and switch off standby loads.,Your appliance mix is stable today.,0.16,0.14,0.14,0.14,0.21,0.36,0.68,1.06,1.02,0.66,0.63,0.59,0.75,0.62,0.58,0.62,0.81,1.11,1.54,1.72,1.48,1.01,0.74,0.46,1512,8.7,5,good,yes,13.15,78.9,75.8,1,9.0,167,12.2,4,good,yes,2.04,12.24,11.8,1,1.6,1152,0.7,6,good,no,0.81,4.86,4.7,1,2.2,198,6.8,5,good,yes,1.35,8.1,7.8,1,1.1
2026-06-14,Sunday,June,1.15,1,low,31.7,1.1,0,24.04,1.81,7 PM,6 PM-8 PM,1.0,144.24,4327.2,4481.83,23.14,21.05,22.76,2.99,increased,AC health issue increased consumption,49,42,19.71,0,sick,94,High usage detected!,Your pet is suffering because heavy usage or a faulty appliance is stressing the home.,0,Recovery Mode,6,4,overall_limit_exceeded|sudden_spike|pet_suffering|ac_fault|fan_fault|iron_fault,replace_ac_efficient_model|replace_fan_efficient_model|replace_iron_efficient_model|shift_usage_to_morning,Highest usage is during 6 PM-8 PM. Shift ironing or cooling to morning to save cost.,You can improve efficiency by cutting AC usage by 1 hour.,Your appliance mix is stable today.,0.27,0.31,0.21,0.23,0.26,0.52,0.9,1.25,1.15,0.75,0.74,0.76,0.88,0.88,0.77,0.8,0.92,1.28,1.64,1.81,1.63,1.18,0.91,0.62,1429,8.1,5,good,yes,11.57,69.42,75.5,1,9.0,146,13.1,4,good,yes,1.91,11.46,12.5,1,1.6,1244,0.9,6,overheat,no,1.12,6.72,7.3,1,2.2,161,4.5,5,good,yes,0.72,4.32,4.7,0,1.1
2026-06-15,Monday,June,1.149,0,medium,30.6,0.6,0,24.78,1.8,7 PM,6 PM-8 PM,1.03,148.68,4460.4,4536.79,24.56,24.04,22.71,0.74,increased,AC health issue increased consumption,47,42,20.32,0,sick,94,High usage detected!,Your pet is suffering because heavy usage or a faulty appliance is stressing the home.,0,Recovery Mode,7,5,overall_limit_exceeded|sudden_spike|pet_suffering|ac_fault|fan_fault|iron_fault|tv_fault,replace_ac_efficient_model|replace_fan_efficient_model|replace_iron_efficient_model|replace_tv_efficient_model|shift_usage_to_morning,Highest usage is during 6 PM-8 PM. Shift ironing or cooling to morning to save cost.,You can improve efficiency by cutting AC usage by 1 hour.,Your appliance mix is stable today.,0.32,0.27,0.21,0.27,0.31,0.46,0.87,1.27,1.17,0.85,0.79,0.82,0.9,0.88,0.81,0.8,0.95,1.29,1.67,1.8,1.62,1.23,0.84,0.53,1596,8.8,5,good,yes,14.04,84.24,80.2,1,9.0,28,11.6,4,good,no,0.32,1.92,1.8,1,1.6,1226,2.3,6,good,yes,2.82,16.92,16.1,1,2.2,80,4.0,5,slow,no,0.32,1.92,1.8,1,1.1
2026-06-16,Tuesday,June,1.147,0,low,33.8,4.5,1,20.31,1.66,7 PM,6 PM-8 PM,0.85,121.86,3655.8,3581.5,21.65,24.78,22.14,-4.47,decreased,AC health issue increased consumption,63,63,16.65,3.67,sick,94,High usage detected!,Your pet is suffering because heavy usage or a faulty appliance is stressing the home.,0,Recovery Mode,4,4,sudden_spike|pet_suffering|ac_fault|fan_fault,replace_ac_efficient_model|replace_fan_efficient_model|saving_mode_optimizations|shift_usage_to_morning,Highest usage is during 6 PM-8 PM. Shift ironing or cooling to morning to save cost.,Saving mode is active. Prioritize fans over AC and switch off standby loads.,Your appliance mix is stable today.,0.14,0.14,0.14,0.14,0.14,0.34,0.72,1.1,0.99,0.62,0.6,0.64,0.76,0.66,0.54,0.57,0.83,1.08,1.51,1.66,1.49,1.01,0.71,0.42,1446,9.0,5,noise,no,13.01,78.06,85.2,1,9.0,47,13.5,4,slow,no,0.63,3.78,4.1,1,1.6,1315,1.1,6,good,yes,1.45,8.7,9.5,0,2.2,45,3.9,5,good,yes,0.18,1.08,1.2,0,1.1
2026-06-17,Wednesday,June,1.145,0,low,28.2,5.7,0,23.41,1.77,7 PM,6 PM-8 PM,0.98,140.46,4213.8,4701.02,22.48,20.31,22.6,3.1,increased,AC health issue increased consumption,52,45,19.2,0,sick,94,High usage detected!,Your pet is suffering because heavy usage or a faulty appliance is stressing the home.,0,Recovery Mode,5,4,sudden_spike|pet_suffering|ac_fault|fan_fault|iron_fault,replace_ac_efficient_model|replace_fan_efficient_model|replace_iron_efficient_model|shift_usage_to_morning,Highest usage is during 6 PM-8 PM. Shift ironing or cooling to morning to save cost.,You can improve efficiency by cutting AC usage by 1 hour.,Your appliance mix is stable today.,0.26,0.28,0.2,0.21,0.23,0.42,0.87,1.2,1.14,0.73,0.74,0.75,0.84,0.84,0.74,0.77,0.93,1.25,1.65,1.77,1.53,1.1,0.79,0.57,1437,7.1,5,good,yes,10.2,61.2,62.3,1,9.0,192,11.6,4,good,no,2.23,13.38,13.6,1,1.6,1289,2.2,6,good,no,2.84,17.04,17.4,1,2.2,181,6.0,5,good,yes,1.09,6.54,6.7,0,1.1
2026-06-18,Thursday,June,1.143,0,high,32.2,0,0,23.62,1.79,7 PM,6 PM-8 PM,0.98,141.72,4251.6,4575.75,23.56,23.41,22.53,0.21,increased,AC health issue increased consumption,51,47,19.37,0,tired,64,"Usage rising, reduce load",Your pet is tired. A little saving today will help it recover.,0,Recovery Mode,2,2,sudden_spike|ac_fault,replace_ac_efficient_model|shift_usage_to_morning,Highest usage is during 6 PM-8 PM. Shift ironing or cooling to morning to save cost.,You can improve efficiency by cutting AC usage by 1 hour.,Your appliance mix is stable today.,0.35,0.32,0.19,0.21,0.31,0.52,0.89,1.24,1.11,0.81,0.78,0.81,0.93,0.88,0.81,0.8,0.92,1.21,1.59,1.79,1.64,1.19,0.84,0.62,1492,7.4,5,good,yes,11.04,66.24,85.0,1,9.0,74,12.5,4,good,yes,0.93,5.58,7.2,0,1.6,1160,0.2,6,good,yes,0.23,1.38,1.8,0,2.2,158,5.0,5,good,yes,0.79,4.74,6.1,0,1.1
2026-06-19,Friday,June,1.141,0,low,34.4,4.5,1,19.61,1.64,7 PM,6 PM-8 PM,0.82,117.66,3529.8,3640.59,20.81,23.62,22.4,-4.01,decreased,AC health issue increased consumption,65,65,16.08,3.29,sick,94,High usage detected!,Your pet is suffering because heavy usage or a faulty appliance is stressing the home.,0,Recovery Mode,5,5,sudden_spike|pet_suffering|ac_fault|fan_fault|tv_fault,replace_ac_efficient_model|replace_fan_efficient_model|replace_tv_efficient_model|saving_mode_optimizations|shift_usage_to_morning,Highest usage is during 6 PM-8 PM. Shift ironing or cooling to morning to save cost.,Saving mode is active. Prioritize fans over AC and switch off standby loads.,Your appliance mix is stable today.,0.17,0.14,0.14,0.14,0.15,0.33,0.67,1.07,0.89,0.59,0.52,0.63,0.72,0.67,0.64,0.64,0.81,1.01,1.42,1.64,1.46,0.98,0.65,0.35,1608,7.5,5,good,yes,12.06,72.36,83.5,1,9.0,144,11.7,4,good,yes,1.68,10.08,11.6,1,1.6,1236,0.2,6,good,yes,0.25,1.5,1.7,0,2.2,125,3.7,5,good,no,0.46,2.76,3.2,1,1.1
2026-06-20,Saturday,June,1.139,1,medium,31.2,0.7,0,23.96,1.81,7 PM,6 PM-8 PM,1.0,143.76,4312.8,4289.05,22.65,19.61,22.82,4.35,increased,AC health issue increased consumption,50,42,19.65,0,sick,94,High usage detected!,Your pet is suffering because heavy usage or a faulty appliance is stressing the home.,0,Recovery Mode,4,3,sudden_spike|pet_suffering|ac_fault|iron_fault,replace_ac_efficient_model|replace_iron_efficient_model|shift_usage_to_morning,Highest usage is during 6 PM-8 PM. Shift ironing or cooling to morning to save cost.,You can improve efficiency by cutting AC usage by 1 hour.,Your appliance mix is stable today.,0.36,0.28,0.27,0.3,0.33,0.52,0.89,1.24,1.1,0.8,0.74,0.78,0.96,0.83,0.78,0.83,0.95,1.17,1.59,1.81,1.66,1.12,0.92,0.51,1514,8.3,5,overheat,no,12.57,75.42,85.9,1,9.0,73,13.7,4,good,yes,1.0,6.0,6.8,0,1.6,1244,0.4,6,good,no,0.5,3.0,3.4,1,2.2,127,4.4,5,good,yes,0.56,3.36,3.8,0,1.1
2026-06-21,Sunday,June,1.137,1,low,33.0,4.3,0,23.9,1.79,7 PM,6 PM-8 PM,1.0,143.4,4302.0,4166.31,23.92,23.96,22.8,-0.06,decreased,AC health issue increased consumption,50,46,19.6,0.05,sick,94,High usage detected!,Your pet is suffering because heavy usage or a faulty appliance is stressing the home.,0,Recovery Mode,5,4,sudden_spike|pet_suffering|ac_fault|fan_fault|iron_fault,replace_ac_efficient_model|replace_fan_efficient_model|replace_iron_efficient_model|shift_usage_to_morning,Highest usage is during 6 PM-8 PM. Shift ironing or cooling to morning to save cost.,You can improve efficiency by cutting AC usage by 1 hour.,Your appliance mix is stable today.,0.29,0.19,0.17,0.21,0.25,0.43,0.82,1.2,1.15,0.81,0.67,0.71,0.89,0.83,0.76,0.74,0.95,1.15,1.62,1.79,1.57,1.18,0.83,0.47,1591,9.2,5,good,yes,14.64,87.84,76.3,1,9.0,160,11.4,4,slow,no,1.82,10.92,9.5,1,1.6,1263,2.0,6,good,yes,2.53,15.18,13.2,1,2.2,41,4.8,5,good,yes,0.2,1.2,1.0,0,1.1
2026-06-22,Monday,June,1.135,0,low,30.2,1.2,0,23.38,1.75,7 PM,6 PM-8 PM,0.97,140.28,4208.4,4597.42,23.54,23.9,22.6,-0.52,decreased,AC health issue increased consumption,52,49,19.17,0.43,sick,94,High usage detected!,Your pet is suffering because heavy usage or a faulty appliance is stressing the home.,0,Recovery Mode,5,4,sudden_spike|pet_suffering|ac_fault|fan_fault|iron_fault,replace_ac_efficient_model|replace_fan_efficient_model|replace_iron_efficient_model|shift_usage_to_morning,Highest usage is during 6 PM-8 PM. Shift ironing or cooling to morning to save cost.,You can improve efficiency by cutting AC usage by 1 hour.,Your appliance mix is stable today.,0.34,0.28,0.31,0.21,0.27,0.51,0.9,1.25,1.09,0.8,0.72,0.79,0.9,0.88,0.75,0.77,0.9,1.23,1.62,1.75,1.67,1.16,0.85,0.52,1616,7.1,5,good,yes,11.47,68.82,86.6,1,9.0,99,12.9,4,good,no,1.28,7.68,9.7,1,1.6,1166,0.2,6,overheat,no,0.23,1.38,1.7,1,2.2,56,4.6,5,good,yes,0.26,1.56,2.0,0,1.1
2026-06-23,Tuesday,June,1.133,0,high,27.4,1.8,1,20.01,1.63,7 PM,6 PM-8 PM,0.83,120.06,3601.8,3602.31,21.02,23.38,22.56,-3.37,decreased,AC health issue increased consumption,64,63,16.41,2.76,sick,94,High usage detected!,Your pet is suffering because heavy usage or a faulty appliance is stressing the home.,0,Recovery Mode,4,4,sudden_spike|pet_suffering|ac_fault|fan_fault,replace_ac_efficient_model|replace_fan_efficient_model|saving_mode_optimizations|shift_usage_to_morning,Highest usage is during 6 PM-8 PM. Shift ironing or cooling to morning to save cost.,Saving mode is active. Prioritize fans over AC and switch off standby loads.,Your appliance mix is stable today.,0.17,0.14,0.14,0.14,0.14,0.25,0.7,1.07,0.97,0.62,0.54,0.67,0.71,0.72,0.63,0.61,0.8,1.1,1.44,1.63,1.39,1.01,0.68,0.45,1515,8.2,5,overheat,no,12.42,74.52,83.1,1,9.0,137,12.3,4,good,no,1.69,10.14,11.3,1,1.6,1278,0.6,6,good,yes,0.77,4.62,5.2,0,2.2,20,3.7,5,good,yes,0.07,0.42,0.5,0,1.1
2026-06-24,Wednesday,June,1.131,0,high,33.1,0,1,20.35,1.65,7 PM,6 PM-8 PM,0.85,122.1,3663.0,3977.9,20.25,20.01,22.12,0.34,increased,AC health issue increased consumption,63,59,16.69,0,sick,94,High usage detected!,Your pet is suffering because heavy usage or a faulty appliance is stressing the home.,0,Recovery Mode,4,4,sudden_spike|pet_suffering|ac_fault|fan_fault,replace_ac_efficient_model|replace_fan_efficient_model|saving_mode_optimizations|shift_usage_to_morning,Highest usage is during 6 PM-8 PM. Shift ironing or cooling to morning to save cost.,Saving mode is active. Prioritize fans over AC and switch off standby loads.,Your appliance mix is stable today.,0.14,0.14,0.14,0.14,0.14,0.33,0.74,1.1,1.03,0.68,0.54,0.62,0.77,0.71,0.66,0.66,0.85,1.09,1.44,1.65,1.42,0.96,0.77,0.37,1597,7.2,5,good,yes,11.5,69.0,77.7,1,9.0,150,12.4,4,good,yes,1.86,11.16,12.6,1,1.6,1292,0.3,6,good,yes,0.39,2.34,2.6,0,2.2,198,5.3,5,good,yes,1.05,6.3,7.1,0,1.1
2026-06-25,Thursday,June,1.129,0,low,31.5,0,1,21.24,1.59,7 PM,6 PM-8 PM,0.88,127.44,3823.2,4039.12,20.97,20.35,21.78,0.89,increased,AC health issue increased consumption,60,55,17.42,0,sick,94,High usage detected!,Your pet is suffering because heavy usage or a faulty appliance is stressing the home.,0,Recovery Mode,6,6,sudden_spike|pet_suffering|ac_fault|fan_fault|iron_fault|tv_fault,replace_ac_efficient_model|replace_fan_efficient_model|replace_iron_efficient_model|replace_tv_efficient_model|saving_mode_optimizations|shift_usage_to_morning,Highest usage is during 6 PM-8 PM. Shift ironing or cooling to morning to save cost.,Saving mode is active. Prioritize fans over AC and switch off standby loads.,Your appliance mix is stable today.,0.2,0.15,0.14,0.14,0.2,0.29,0.71,1.06,1.01,0.67,0.63,0.57,0.72,0.63,0.55,0.67,0.82,1.08,1.49,1.59,1.48,1.01,0.75,0.36,1546,9.3,5,good,no,14.38,86.28,73.3,1,9.0,175,13.0,4,slow,no,2.27,13.62,11.6,1,1.6,1148,2.1,6,good,yes,2.41,14.46,12.3,1,2.2,146,3.9,5,good,no,0.57,3.42,2.9,1,1.1
2026-06-26,Friday,June,1.127,0,high,32.3,3.7,1,19.16,1.55,7 PM,6 PM-8 PM,0.8,114.96,3448.8,3839.36,19.78,21.24,21.71,-2.08,decreased,AC health issue increased consumption,67,65,15.71,1.71,sick,94,High usage detected!,Your pet is suffering because heavy usage or a faulty appliance is stressing the home.,0,Recovery Mode,4,4,sudden_spike|pet_suffering|ac_fault|iron_fault,replace_ac_efficient_model|replace_iron_efficient_model|saving_mode_optimizations|shift_usage_to_morning,Highest usage is during 6 PM-8 PM. Shift ironing or cooling to morning to save cost.,Saving mode is active. Prioritize fans over AC and switch off standby loads.,Your appliance mix is stable today.,0.17,0.14,0.14,0.14,0.16,0.21,0.72,1.06,0.95,0.62,0.59,0.53,0.69,0.65,0.59,0.65,0.74,1.07,1.42,1.55,1.41,0.96,0.68,0.31,1604,7.4,5,good,yes,11.87,71.22,86.8,1,9.0,102,12.5,4,good,yes,1.27,7.62,9.3,0,1.6,1220,0.3,6,good,no,0.37,2.22,2.7,1,2.2,26,6.1,5,good,yes,0.16,0.96,1.2,0,1.1
2026-06-27,Saturday,June,1.125,1,medium,33.6,4.9,1,19.64,1.61,7 PM,6 PM-8 PM,0.82,117.84,3535.2,3560.61,19.5,19.16,21.1,0.48,increased,AC health issue increased consumption,65,61,16.1,0,sick,94,High usage detected!,Your pet is suffering because heavy usage or a faulty appliance is stressing the home.,0,Recovery Mode,4,4,sudden_spike|pet_suffering|ac_fault|fan_fault,replace_ac_efficient_model|replace_fan_efficient_model|saving_mode_optimizations|shift_usage_to_morning,Highest usage is during 6 PM-8 PM. Shift ironing or cooling to morning to save cost.,Saving mode is active. Prioritize fans over AC and switch off standby loads.,Your appliance mix is stable today.,0.14,0.14,0.14,0.14,0.15,0.28,0.68,1.02,0.91,0.55,0.51,0.57,0.65,0.61,0.61,0.66,0.79,1.04,1.46,1.61,1.41,0.91,0.62,0.31,1500,9.1,5,good,yes,13.65,81.9,80.5,1,9.0,195,11.5,4,good,yes,2.24,13.44,13.2,1,1.6,1233,0.4,6,good,yes,0.49,2.94,2.9,0,2.2,130,4.5,5,good,yes,0.58,3.48,3.4,0,1.1
2026-06-28,Sunday,June,1.123,1,high,32.2,1.7,1,20.29,1.62,7 PM,6 PM-8 PM,0.85,121.74,3652.2,3721.64,20.09,19.64,20.58,0.65,increased,AC health issue increased consumption,63,58,16.64,0,sick,94,High usage detected!,Your pet is suffering because heavy usage or a faulty appliance is stressing the home.,0,Recovery Mode,4,4,sudden_spike|pet_suffering|ac_fault|fan_fault,replace_ac_efficient_model|replace_fan_efficient_model|saving_mode_optimizations|shift_usage_to_morning,Highest usage is during 6 PM-8 PM. Shift ironing or cooling to morning to save cost.,Saving mode is active. Prioritize fans over AC and switch off standby loads.,Your appliance mix is stable today.,0.19,0.14,0.14,0.14,0.14,0.31,0.65,1.09,0.99,0.57,0.57,0.63,0.68,0.6,0.63,0.65,0.82,1.1,1.41,1.62,1.41,0.98,0.72,0.35,1455,8.9,5,overheat,no,12.95,77.7,75.8,1,9.0,126,13.6,4,good,yes,1.71,10.26,10.0,1,1.6,1199,1.8,6,good,yes,2.16,12.96,12.6,0,2.2,57,4.7,5,good,yes,0.27,1.62,1.6,0,1.1
2026-06-29,Monday,June,1.12,0,high,26.2,3.0,0,23.87,1.76,7 PM,6 PM-8 PM,0.99,143.22,4296.6,4129.36,22.8,20.29,20.65,3.58,increased,AC health issue increased consumption,50,42,19.57,0,sick,94,High usage detected!,Your pet is suffering because heavy usage or a faulty appliance is stressing the home.,0,Recovery Mode,4,3,sudden_spike|pet_suffering|ac_fault|iron_fault,replace_ac_efficient_model|replace_iron_efficient_model|shift_usage_to_morning,Highest usage is during 6 PM-8 PM. Shift ironing or cooling to morning to save cost.,You can improve efficiency by cutting AC usage by 1 hour.,Your appliance mix is stable today.,0.27,0.24,0.28,0.24,0.25,0.44,0.91,1.24,1.09,0.73,0.69,0.77,0.91,0.81,0.78,0.84,0.95,1.19,1.59,1.76,1.54,1.19,0.91,0.55,1420,8.5,5,good,yes,12.07,72.42,71.8,1,9.0,114,12.8,4,good,yes,1.46,8.76,8.7,0,1.6,1308,1.8,6,good,yes,2.35,14.1,14.0,1,2.2,209,4.5,5,good,yes,0.94,5.64,5.6,0,1.1
2026-06-30,Tuesday,June,1.118,0,medium,30.6,4.4,1,19.01,1.54,7 PM,6 PM-8 PM,0.79,114.06,3421.8,3459.0,20.47,23.87,20.51,-4.86,decreased,AC health issue increased consumption,68,69,15.59,3.99,sick,94,High usage detected!,Your pet is suffering because heavy usage or a faulty appliance is stressing the home.,0,Recovery Mode,5,5,sudden_spike|pet_suffering|ac_fault|fan_fault|tv_fault,replace_ac_efficient_model|replace_fan_efficient_model|replace_tv_efficient_model|saving_mode_optimizations|shift_usage_to_morning,Highest usage is during 6 PM-8 PM. Shift ironing or cooling to morning to save cost.,Saving mode is active. Prioritize fans over AC and switch off standby loads.,Your appliance mix is stable today.,0.14,0.14,0.14,0.14,0.14,0.23,0.62,1.08,0.96,0.57,0.54,0.54,0.64,0.67,0.62,0.55,0.77,1.0,1.45,1.54,1.45,0.93,0.64,0.39,1589,7.3,5,good,yes,11.6,69.6,81.7,1,9.0,154,13.4,4,good,yes,2.06,12.36,14.5,1,1.6,1136,0.2,6,good,yes,0.23,1.38,1.6,0,2.2,53,5.6,5,slow,no,0.3,1.8,2.1,1,1.1
2026-07-01,Wednesday,July,1.116,0,low,29.5,2.5,0,24.14,1.8,7 PM,6 PM-8 PM,1.01,144.84,4345.2,4334.34,22.6,19.01,21.05,5.13,increased,AC health issue increased consumption,49,40,19.79,0,sick,94,High usage detected!,Your pet is suffering because heavy usage or a faulty appliance is stressing the home.,0,Recovery Mode,5,3,overall_limit_exceeded|sudden_spike|pet_suffering|ac_fault|iron_fault,replace_ac_efficient_model|replace_iron_efficient_model|shift_usage_to_morning,Highest usage is during 6 PM-8 PM. Shift ironing or cooling to morning to save cost.,You can improve efficiency by cutting AC usage by 1 hour.,Your appliance mix is stable today.,0.34,0.28,0.29,0.21,0.26,0.43,0.86,1.19,1.07,0.78,0.74,0.77,0.91,0.85,0.79,0.81,0.9,1.19,1.65,1.8,1.57,1.14,0.82,0.57,1554,8.6,5,good,yes,13.36,80.16,75.1,1,9.0,121,12.4,4,good,yes,1.5,9.0,8.4,0,1.6,1283,2.2,6,good,yes,2.82,16.92,15.8,1,2.2,29,4.0,5,good,yes,0.12,0.72,0.7,0,1.1
2026-07-02,Thursday,July,1.113,0,medium,29.1,2.8,1,19.12,1.58,7 PM,6 PM-8 PM,0.8,114.72,3441.6,3774.75,20.63,24.14,20.75,-5.02,decreased,AC health issue increased consumption,67,68,15.68,4.12,tired,64,"Usage rising, reduce load",Your pet is tired. A little saving today will help it recover.,0,Recovery Mode,3,3,sudden_spike|ac_fault|phantom_load_tv,replace_ac_efficient_model|saving_mode_optimizations|shift_usage_to_morning,Highest usage is during 6 PM-8 PM. Shift ironing or cooling to morning to save cost.,Saving mode is active. Prioritize fans over AC and switch off standby loads.,TV standby may be wasting power,0.14,0.14,0.14,0.14,0.14,0.26,0.63,1.06,0.94,0.61,0.56,0.59,0.72,0.63,0.54,0.62,0.75,0.99,1.49,1.58,1.42,0.98,0.65,0.36,1478,7.1,5,noise,no,10.49,62.94,76.0,1,9.0,80,11.6,4,good,yes,0.93,5.58,6.7,0,1.6,1197,1.7,6,good,yes,2.03,12.18,14.7,0,2.2,90,4.0,5,standby,yes,0.36,2.16,2.6,0,1.1
2026-07-03,Friday,July,1.111,0,medium,31.7,4.6,0,23.13,1.76,7 PM,6 PM-8 PM,0.96,138.78,4163.4,4223.23,21.93,19.12,21.31,4.01,increased,AC health issue increased consumption,53,45,18.97,0,sick,94,High usage detected!,Your pet is suffering because heavy usage or a faulty appliance is stressing the home.,0,Recovery Mode,4,3,sudden_spike|pet_suffering|ac_fault|tv_fault,replace_ac_efficient_model|replace_tv_efficient_model|shift_usage_to_morning,Highest usage is during 6 PM-8 PM. Shift ironing or cooling to morning to save cost.,You can improve efficiency by cutting AC usage by 1 hour.,Your appliance mix is stable today.,0.22,0.21,0.25,0.24,0.26,0.41,0.82,1.2,1.08,0.75,0.72,0.69,0.84,0.75,0.76,0.76,0.9,1.2,1.6,1.76,1.54,1.14,0.8,0.48,1617,9.2,5,good,yes,14.88,89.28,87.4,1,9.0,107,12.3,4,good,yes,1.32,7.92,7.8,0,1.6,1215,0.2,6,good,yes,0.24,1.44,1.4,0,2.2,98,6.0,5,good,no,0.59,3.54,3.5,1,1.1
2026-07-04,Saturday,July,1.108,1,high,29.2,0,0,23.42,1.78,7 PM,6 PM-8 PM,0.98,140.52,4215.6,4714.45,23.33,23.13,21.85,0.29,increased,AC health issue increased consumption,52,48,19.2,0,sick,94,High usage detected!,Your pet is suffering because heavy usage or a faulty appliance is stressing the home.,0,Recovery Mode,4,3,sudden_spike|pet_suffering|ac_fault|iron_fault,replace_ac_efficient_model|replace_iron_efficient_model|shift_usage_to_morning,Highest usage is during 6 PM-8 PM. Shift ironing or cooling to morning to save cost.,You can improve efficiency by cutting AC usage by 1 hour.,Your appliance mix is stable today.,0.29,0.28,0.25,0.18,0.26,0.51,0.9,1.22,1.15,0.83,0.73,0.75,0.86,0.86,0.7,0.77,0.93,1.18,1.65,1.78,1.55,1.09,0.87,0.5,1596,8.4,5,overheat,no,13.41,80.46,88.6,1,9.0,67,11.7,4,good,yes,0.78,4.68,5.2,0,1.6,1254,0.5,6,good,no,0.63,3.78,4.2,1,2.2,63,5.1,5,good,yes,0.32,1.92,2.1,0,1.1
2026-07-05,Sunday,July,1.106,1,high,26.9,4.0,0,22.51,1.73,7 PM,6 PM-8 PM,0.94,135.06,4051.8,4139.1,22.78,23.42,22.17,-0.91,decreased,AC health issue increased consumption,55,52,18.46,0.75,sick,94,High usage detected!,Your pet is suffering because heavy usage or a faulty appliance is stressing the home.,0,Recovery Mode,4,3,sudden_spike|pet_suffering|ac_fault|tv_fault,replace_ac_efficient_model|replace_tv_efficient_model|shift_usage_to_morning,Highest usage is during 6 PM-8 PM. Shift ironing or cooling to morning to save cost.,You can improve efficiency by cutting AC usage by 1 hour.,Your appliance mix is stable today.,0.23,0.29,0.26,0.16,0.23,0.42,0.84,1.18,1.09,0.8,0.7,0.73,0.87,0.75,0.66,0.71,0.85,1.15,1.6,1.73,1.59,1.14,0.82,0.52,1608,7.0,5,good,yes,11.26,67.56,77.7,1,9.0,111,12.0,4,good,yes,1.33,7.98,9.2,0,1.6,1196,1.3,6,good,yes,1.55,9.3,10.7,0,2.2,64,5.4,5,good,no,0.35,2.1,2.4,1,1.1
2026-07-06,Monday,July,1.103,0,low,26.6,0.6,0,23.19,1.75,7 PM,6 PM-8 PM,0.97,139.14,4174.2,4641.72,22.99,22.51,22.07,0.68,increased,AC health issue increased consumption,53,48,19.02,0,sick,94,High usage detected!,Your pet is suffering because heavy usage or a faulty appliance is stressing the home.,0,Recovery Mode,4,3,sudden_spike|pet_suffering|ac_fault|fan_fault,replace_ac_efficient_model|replace_fan_efficient_model|shift_usage_to_morning,Highest usage is during 6 PM-8 PM. Shift ironing or cooling to morning to save cost.,You can improve efficiency by cutting AC usage by 1 hour.,Your appliance mix is stable today.,0.28,0.31,0.22,0.25,0.27,0.5,0.86,1.23,1.07,0.77,0.78,0.77,0.93,0.75,0.7,0.82,0.91,1.19,1.56,1.75,1.56,1.07,0.87,0.57,1517,7.7,5,good,yes,11.68,70.08,80.4,1,9.0,44,12.2,4,noise,no,0.54,3.24,3.7,1,1.6,1203,1.5,6,good,yes,1.8,10.8,12.4,0,2.2,138,3.7,5,good,yes,0.51,3.06,3.5,0,1.1
2026-07-07,Tuesday,July,1.101,0,low,26.9,0,0,22.19,1.78,7 PM,6 PM-8 PM,0.92,133.14,3994.2,4447.14,22.49,23.19,22.53,-1.0,decreased,AC health issue increased consumption,56,53,18.2,0.82,sick,94,High usage detected!,Your pet is suffering because heavy usage or a faulty appliance is stressing the home.,0,Recovery Mode,5,3,sudden_spike|pet_suffering|ac_fault|iron_fault|phantom_load_tv,replace_ac_efficient_model|replace_iron_efficient_model|shift_usage_to_morning,Highest usage is during 6 PM-8 PM. Shift ironing or cooling to morning to save cost.,You can improve efficiency by cutting AC usage by 1 hour.,TV standby may be wasting power,0.27,0.21,0.19,0.21,0.3,0.44,0.79,1.24,1.13,0.73,0.7,0.73,0.81,0.82,0.71,0.81,0.96,1.23,1.6,1.78,1.61,1.11,0.82,0.49,1421,6.9,5,good,yes,9.8,58.8,86.3,1,9.0,46,13.5,4,good,yes,0.62,3.72,5.5,0,1.6,1181,0.3,6,slow,no,0.35,2.1,3.1,1,2.2,106,5.6,5,standby,yes,0.59,3.54,5.2,0,1.1
2026-07-08,Wednesday,July,1.098,0,low,31.1,5.7,0,22.17,1.7,7 PM,6 PM-8 PM,0.92,133.02,3990.6,4042.99,22.18,22.19,22.25,-0.02,decreased,AC health issue increased consumption,56,52,18.18,0.02,sick,94,High usage detected!,Your pet is suffering because heavy usage or a faulty appliance is stressing the home.,0,Recovery Mode,4,3,sudden_spike|pet_suffering|ac_fault|fan_fault,replace_ac_efficient_model|replace_fan_efficient_model|shift_usage_to_morning,Highest usage is during 6 PM-8 PM. Shift ironing or cooling to morning to save cost.,You can improve efficiency by cutting AC usage by 1 hour.,Your appliance mix is stable today.,0.27,0.19,0.19,0.21,0.23,0.39,0.81,1.22,1.03,0.7,0.67,0.69,0.83,0.75,0.7,0.74,0.84,1.19,1.57,1.7,1.48,1.06,0.79,0.52,1446,8.6,5,good,yes,12.44,74.64,80.5,1,9.0,140,11.6,4,good,yes,1.62,9.72,10.5,1,1.6,1273,0.6,6,good,yes,0.76,4.56,4.9,0,2.2,119,5.3,5,good,yes,0.63,3.78,4.1,0,1.1
2026-07-09,Thursday,July,1.096,0,medium,30.8,4.7,0,22.89,1.71,7 PM,6 PM-8 PM,0.95,137.34,4120.2,4181.33,22.67,22.17,22.79,0.72,increased,AC health issue increased consumption,54,49,18.77,0,sick,94,High usage detected!,Your pet is suffering because heavy usage or a faulty appliance is stressing the home.,0,Recovery Mode,5,4,sudden_spike|pet_suffering|ac_fault|fan_fault|iron_fault,replace_ac_efficient_model|replace_fan_efficient_model|replace_iron_efficient_model|shift_usage_to_morning,Highest usage is during 6 PM-8 PM. Shift ironing or cooling to morning to save cost.,You can improve efficiency by cutting AC usage by 1 hour.,Your appliance mix is stable today.,0.33,0.25,0.16,0.14,0.32,0.41,0.8,1.2,1.07,0.76,0.62,0.67,0.87,0.72,0.68,0.74,0.86,1.1,1.5,1.71,1.49,1.07,0.83,0.48,1605,8.3,5,good,yes,13.32,79.92,71.3,1,9.0,184,13.4,4,noise,no,2.47,14.82,13.2,1,1.6,1253,1.9,6,good,yes,2.38,14.28,12.7,1,2.2,93,5.5,5,good,yes,0.51,3.06,2.7,0,1.1
2026-07-10,Friday,July,1.093,0,high,33.0,2.6,0,22.72,1.73,7 PM,6 PM-8 PM,0.95,136.32,4089.6,4324.76,22.77,22.89,22.73,-0.17,decreased,AC health issue increased consumption,54,50,18.63,0.14,sick,94,High usage detected!,Your pet is suffering because heavy usage or a faulty appliance is stressing the home.,0,Recovery Mode,4,3,sudden_spike|pet_suffering|ac_fault|fan_fault,replace_ac_efficient_model|replace_fan_efficient_model|shift_usage_to_morning,Highest usage is during 6 PM-8 PM. Shift ironing or cooling to morning to save cost.,You can improve efficiency by cutting AC usage by 1 hour.,Your appliance mix is stable today.,0.33,0.23,0.29,0.23,0.26,0.46,0.78,1.2,1.15,0.71,0.77,0.81,0.82,0.76,0.75,0.81,0.88,1.18,1.56,1.73,1.51,1.08,0.83,0.55,1497,7.5,5,good,yes,11.23,67.38,81.1,1,9.0,157,11.6,4,good,yes,1.82,10.92,13.2,1,1.6,1243,0.2,6,good,yes,0.25,1.5,1.8,0,2.2,121,4.5,5,good,yes,0.54,3.24,3.9,0,1.1
2026-07-11,Saturday,July,1.09,1,medium,29.1,3.1,1,18.97,1.54,7 PM,6 PM-8 PM,0.79,113.82,3414.6,3688.63,20.09,22.72,22.09,-3.75,decreased,AC health issue increased consumption,68,68,15.56,3.07,sick,94,High usage detected!,Your pet is suffering because heavy usage or a faulty appliance is stressing the home.,0,Recovery Mode,4,4,sudden_spike|pet_suffering|ac_fault|fan_fault,replace_ac_efficient_model|replace_fan_efficient_model|saving_mode_optimizations|shift_usage_to_morning,Highest usage is during 6 PM-8 PM. Shift ironing or cooling to morning to save cost.,Saving mode is active. Prioritize fans over AC and switch off standby loads.,Your appliance mix is stable today.,0.14,0.14,0.14,0.14,0.15,0.27,0.6,1.03,0.88,0.57,0.51,0.55,0.68,0.55,0.51,0.58,0.68,0.95,1.32,1.54,1.39,0.92,0.7,0.4,1610,7.7,5,good,yes,12.4,74.4,75.1,1,9.0,159,13.7,4,good,no,2.18,13.08,13.2,1,1.6,1151,1.3,6,good,yes,1.5,9.0,9.1,0,2.2,69,6.3,5,good,yes,0.43,2.58,2.6,0,1.1
2026-07-12,Sunday,July,1.088,1,low,30.7,0.5,0,23.75,1.75,7 PM,6 PM-8 PM,0.99,142.5,4275.0,4736.24,22.32,18.97,22.27,4.78,increased,AC health issue increased consumption,50,41,19.47,0,tired,64,"Usage rising, reduce load",Your pet is tired. A little saving today will help it recover.,0,Recovery Mode,2,2,sudden_spike|ac_fault,replace_ac_efficient_model|shift_usage_to_morning,Highest usage is during 6 PM-8 PM. Shift ironing or cooling to morning to save cost.,You can improve efficiency by cutting AC usage by 1 hour.,Your appliance mix is stable today.,0.32,0.31,0.27,0.2,0.24,0.48,0.84,1.21,1.12,0.78,0.68,0.75,0.88,0.76,0.75,0.83,0.95,1.12,1.6,1.75,1.59,1.1,0.85,0.58,1552,9.1,5,good,yes,14.12,84.72,82.0,1,9.0,37,13.3,4,good,yes,0.49,2.94,2.8,0,1.6,1197,1.6,6,good,yes,1.92,11.52,11.2,0,2.2,117,5.8,5,good,yes,0.68,4.08,4.0,0,1.1
2026-07-13,Monday,July,1.085,0,high,32.5,5.1,1,18.54,1.5,7 PM,6 PM-8 PM,0.77,111.24,3337.2,3270.29,20.1,23.75,21.6,-5.21,decreased,AC health issue increased consumption,69,70,15.2,4.27,sick,94,High usage detected!,Your pet is suffering because heavy usage or a faulty appliance is stressing the home.,0,Recovery Mode,4,4,sudden_spike|pet_suffering|ac_fault|tv_fault,replace_ac_efficient_model|replace_tv_efficient_model|saving_mode_optimizations|shift_usage_to_morning,Highest usage is during 6 PM-8 PM. Shift ironing or cooling to morning to save cost.,Saving mode is active. Prioritize fans over AC and switch off standby loads.,Your appliance mix is stable today.,0.15,0.14,0.14,0.14,0.15,0.24,0.61,1.06,0.94,0.51,0.46,0.58,0.67,0.62,0.58,0.54,0.71,1.01,1.34,1.5,1.4,0.91,0.68,0.3,1435,8.7,5,good,yes,12.48,74.88,86.8,1,9.0,44,11.8,4,good,yes,0.52,3.12,3.6,0,1.6,1224,0.9,6,good,yes,1.1,6.6,7.7,0,2.2,47,5.8,5,slow,no,0.27,1.62,1.9,1,1.1
2026-07-14,Tuesday,July,1.082,0,low,27.4,2.9,0,23.06,1.69,7 PM,6 PM-8 PM,0.96,138.36,4150.8,4440.48,21.7,18.54,21.73,4.52,increased,AC health issue increased consumption,53,44,18.91,0,sick,94,High usage detected!,Your pet is suffering because heavy usage or a faulty appliance is stressing the home.,0,Recovery Mode,4,3,sudden_spike|pet_suffering|ac_fault|iron_fault,replace_ac_efficient_model|replace_iron_efficient_model|shift_usage_to_morning,Highest usage is during 6 PM-8 PM. Shift ironing or cooling to morning to save cost.,You can improve efficiency by cutting AC usage by 1 hour.,Your appliance mix is stable today.,0.24,0.23,0.29,0.25,0.33,0.39,0.79,1.22,1.07,0.76,0.76,0.72,0.85,0.82,0.75,0.75,0.93,1.15,1.54,1.69,1.52,1.09,0.85,0.59,1504,8.8,5,good,no,13.24,79.44,83.7,1,9.0,97,13.0,4,good,yes,1.26,7.56,8.0,0,1.6,1155,0.2,6,good,no,0.23,1.38,1.5,1,2.2,199,5.5,5,good,yes,1.09,6.54,6.9,0,1.1
2026-07-15,Wednesday,July,1.079,0,high,32.4,2.6,0,23.87,1.77,7 PM,6 PM-8 PM,0.99,143.22,4296.6,4580.27,23.63,23.06,21.97,0.81,increased,AC health issue increased consumption,50,45,19.57,0,sick,94,High usage detected!,Your pet is suffering because heavy usage or a faulty appliance is stressing the home.,0,Recovery Mode,6,4,sudden_spike|pet_suffering|ac_fault|fan_fault|iron_fault|phantom_load_tv,replace_ac_efficient_model|replace_fan_efficient_model|replace_iron_efficient_model|shift_usage_to_morning,Highest usage is during 6 PM-8 PM. Shift ironing or cooling to morning to save cost.,You can improve efficiency by cutting AC usage by 1 hour.,TV standby may be wasting power,0.26,0.32,0.29,0.26,0.23,0.43,0.77,1.22,1.06,0.75,0.71,0.73,0.87,0.74,0.73,0.82,0.96,1.22,1.6,1.77,1.56,1.08,0.79,0.49,1553,9.0,5,good,yes,13.98,83.88,73.1,1,9.0,178,12.4,4,good,no,2.21,13.26,11.6,1,1.6,1197,2.0,6,good,yes,2.39,14.34,12.5,1,2.2,139,3.9,5,standby,yes,0.54,3.24,2.8,0,1.1
2026-07-16,Thursday,July,1.077,0,low,31.4,2.5,0,23.04,1.76,7 PM,6 PM-8 PM,0.96,138.24,4147.2,4058.35,23.29,23.87,21.99,-0.83,decreased,AC health issue increased consumption,53,50,18.89,0.68,sick,94,High usage detected!,Your pet is suffering because heavy usage or a faulty appliance is stressing the home.,0,Recovery Mode,5,4,sudden_spike|pet_suffering|ac_fault|fan_fault|iron_fault,replace_ac_efficient_model|replace_fan_efficient_model|replace_iron_efficient_model|shift_usage_to_morning,Highest usage is during 6 PM-8 PM. Shift ironing or cooling to morning to save cost.,You can improve efficiency by cutting AC usage by 1 hour.,Your appliance mix is stable today.,0.25,0.32,0.18,0.28,0.27,0.43,0.79,1.21,1.1,0.81,0.72,0.76,0.9,0.8,0.73,0.8,0.88,1.13,1.56,1.76,1.48,1.08,0.88,0.56,1605,7.7,5,good,yes,12.36,74.16,80.8,1,9.0,138,13.6,4,good,yes,1.88,11.28,12.3,1,1.6,1179,0.4,6,slow,no,0.47,2.82,3.1,1,2.2,107,5.4,5,good,yes,0.58,3.48,3.8,0,1.1
2026-07-17,Friday,July,1.074,0,medium,28.3,3.8,0,21.93,1.68,7 PM,6 PM-8 PM,0.91,131.58,3947.4,4409.18,22.26,23.04,21.88,-1.11,decreased,AC health issue increased consumption,57,54,17.98,0.91,sick,94,High usage detected!,Your pet is suffering because heavy usage or a faulty appliance is stressing the home.,0,Recovery Mode,4,3,sudden_spike|pet_suffering|ac_fault|fan_fault,replace_ac_efficient_model|replace_fan_efficient_model|shift_usage_to_morning,Highest usage is during 6 PM-8 PM. Shift ironing or cooling to morning to save cost.,You can improve efficiency by cutting AC usage by 1 hour.,Your appliance mix is stable today.,0.28,0.17,0.15,0.2,0.3,0.47,0.76,1.13,1.07,0.76,0.67,0.72,0.78,0.74,0.7,0.73,0.83,1.18,1.56,1.68,1.49,1.08,0.75,0.52,1599,6.8,5,good,yes,10.87,65.22,74.4,1,9.0,123,13.7,4,good,no,1.69,10.14,11.6,1,1.6,1300,1.3,6,good,yes,1.69,10.14,11.6,0,2.2,75,4.8,5,good,yes,0.36,2.16,2.5,0,1.1
2026-07-18,Saturday,July,1.071,1,low,27.0,0.4,0,23.67,1.67,7 PM,6 PM-8 PM,0.99,142.02,4260.6,4552.58,23.15,21.93,22.55,1.74,increased,AC health issue increased consumption,51,45,19.41,0,sick,94,High usage detected!,Your pet is suffering because heavy usage or a faulty appliance is stressing the home.,0,Recovery Mode,6,5,sudden_spike|pet_suffering|ac_fault|fan_fault|iron_fault|tv_fault,replace_ac_efficient_model|replace_fan_efficient_model|replace_iron_efficient_model|replace_tv_efficient_model|shift_usage_to_morning,Highest usage is during 6 PM-8 PM. Shift ironing or cooling to morning to save cost.,You can improve efficiency by cutting AC usage by 1 hour.,Your appliance mix is stable today.,0.32,0.2,0.28,0.19,0.29,0.43,0.87,1.19,1.12,0.81,0.7,0.72,0.87,0.84,0.76,0.75,0.9,1.13,1.57,1.67,1.57,1.08,0.78,0.55,1568,9.0,5,good,no,14.11,84.66,76.1,1,9.0,72,12.3,4,slow,no,0.89,5.34,4.8,1,1.6,1194,2.6,6,good,no,3.1,18.6,16.7,1,2.2,70,6.2,5,good,no,0.43,2.58,2.3,1,1.1
2026-07-19,Sunday,July,1.068,1,medium,33.1,5.8,1,18.58,1.54,7 PM,6 PM-8 PM,0.77,111.48,3344.4,3581.84,20.11,23.67,21.81,-5.09,decreased,AC health issue increased consumption,69,70,15.24,4.17,sick,94,High usage detected!,Your pet is suffering because heavy usage or a faulty appliance is stressing the home.,0,Recovery Mode,5,5,sudden_spike|pet_suffering|ac_fault|fan_fault|iron_fault,replace_ac_efficient_model|replace_fan_efficient_model|replace_iron_efficient_model|saving_mode_optimizations|shift_usage_to_morning,Highest usage is during 6 PM-8 PM. Shift ironing or cooling to morning to save cost.,Saving mode is active. Prioritize fans over AC and switch off standby loads.,Your appliance mix is stable today.,0.14,0.14,0.14,0.14,0.14,0.3,0.58,0.98,0.87,0.55,0.46,0.57,0.62,0.54,0.52,0.54,0.72,0.92,1.38,1.54,1.39,0.92,0.58,0.33,1586,7.7,5,good,yes,12.21,73.26,75.3,1,9.0,108,12.0,4,slow,no,1.3,7.8,8.0,1,1.6,1284,2.0,6,good,yes,2.57,15.42,15.8,1,2.2,25,5.8,5,good,yes,0.14,0.84,0.9,0,1.1
2026-07-20,Monday,July,1.065,0,high,28.2,4.7,0,21.55,1.72,7 PM,6 PM-8 PM,0.9,129.3,3879.0,4330.27,20.66,18.58,22.24,2.97,increased,AC health issue increased consumption,58,51,17.67,0,sick,94,High usage detected!,Your pet is suffering because heavy usage or a faulty appliance is stressing the home.,0,Recovery Mode,5,3,sudden_spike|pet_suffering|ac_fault|fan_fault|phantom_load_tv,replace_ac_efficient_model|replace_fan_efficient_model|shift_usage_to_morning,Highest usage is during 6 PM-8 PM. Shift ironing or cooling to morning to save cost.,You can improve efficiency by cutting AC usage by 1 hour.,TV standby may be wasting power,0.26,0.23,0.16,0.14,0.31,0.44,0.74,1.18,0.98,0.72,0.67,0.74,0.81,0.75,0.7,0.75,0.9,1.08,1.54,1.72,1.53,1.02,0.8,0.45,1562,7.9,5,good,yes,12.34,74.04,92.8,1,9.0,5,11.4,4,slow,no,0.06,0.36,0.5,1,1.6,1312,0.2,6,good,yes,0.26,1.56,2.0,0,2.2,149,4.3,5,standby,yes,0.64,3.84,4.8,0,1.1
2026-07-21,Tuesday,July,1.062,0,low,30.4,4.0,1,18.82,1.51,7 PM,6 PM-8 PM,0.78,112.92,3387.6,3595.26,19.64,21.55,21.64,-2.73,decreased,AC health issue increased consumption,68,67,15.43,2.24,sick,94,High usage detected!,Your pet is suffering because heavy usage or a faulty appliance is stressing the home.,0,Recovery Mode,6,6,sudden_spike|pet_suffering|ac_fault|fan_fault|iron_fault|tv_fault,replace_ac_efficient_model|replace_fan_efficient_model|replace_iron_efficient_model|replace_tv_efficient_model|saving_mode_optimizations|shift_usage_to_morning,Highest usage is during 6 PM-8 PM. Shift ironing or cooling to morning to save cost.,Saving mode is active. Prioritize fans over AC and switch off standby loads.,Your appliance mix is stable today.,0.16,0.14,0.14,0.14,0.14,0.25,0.64,0.98,0.94,0.54,0.51,0.51,0.6,0.62,0.5,0.53,0.68,1.0,1.4,1.51,1.29,0.88,0.58,0.35,1439,8.1,5,good,yes,11.66,69.96,67.8,1,9.0,161,13.4,4,good,yes,2.16,12.96,12.6,1,1.6,1141,2.3,6,good,yes,2.62,15.72,15.2,1,2.2,197,3.9,5,good,no,0.77,4.62,4.5,1,1.1
2026-07-22,Wednesday,July,1.059,0,high,29.6,0.4,0,22.19,1.67,7 PM,6 PM-8 PM,0.92,133.14,3994.2,3943.55,21.18,18.82,21.4,3.37,increased,AC health issue increased consumption,56,49,18.2,0,sick,94,High usage detected!,Your pet is suffering because heavy usage or a faulty appliance is stressing the home.,0,Recovery Mode,4,3,sudden_spike|pet_suffering|ac_fault|fan_fault,replace_ac_efficient_model|replace_fan_efficient_model|shift_usage_to_morning,Highest usage is during 6 PM-8 PM. Shift ironing or cooling to morning to save cost.,You can improve efficiency by cutting AC usage by 1 hour.,Your appliance mix is stable today.,0.31,0.24,0.19,0.28,0.28,0.38,0.82,1.11,1.02,0.69,0.69,0.68,0.85,0.76,0.7,0.72,0.93,1.11,1.47,1.67,1.56,1.07,0.77,0.57,1464,8.1,5,good,yes,11.86,71.16,78.5,1,9.0,145,13.2,4,good,yes,1.91,11.46,12.6,1,1.6,1255,0.7,6,good,yes,0.88,5.28,5.8,0,2.2,92,4.9,5,good,yes,0.45,2.7,3.0,0,1.1
2026-07-23,Thursday,July,1.056,0,medium,32.6,0,0,22.71,1.67,7 PM,6 PM-8 PM,0.95,136.26,4087.8,4032.28,22.55,22.19,21.35,0.52,increased,AC health issue increased consumption,54,49,18.62,0,sick,94,High usage detected!,Your pet is suffering because heavy usage or a faulty appliance is stressing the home.,0,Recovery Mode,7,5,sudden_spike|pet_suffering|ac_fault|fan_fault|iron_fault|tv_fault|phantom_load_tv,replace_ac_efficient_model|replace_fan_efficient_model|replace_iron_efficient_model|replace_tv_efficient_model|shift_usage_to_morning,Highest usage is during 6 PM-8 PM. Shift ironing or cooling to morning to save cost.,You can improve efficiency by cutting AC usage by 1 hour.,TV standby may be wasting power,0.33,0.27,0.27,0.23,0.33,0.42,0.81,1.13,1.09,0.77,0.71,0.69,0.84,0.74,0.77,0.77,0.87,1.17,1.55,1.67,1.5,1.07,0.8,0.51,1493,7.4,5,good,yes,11.05,66.3,71.5,1,9.0,178,13.4,4,good,yes,2.39,14.34,15.5,1,1.6,1198,1.5,6,overheat,no,1.8,10.8,11.6,1,2.2,43,5.2,5,standby,no,0.22,1.32,1.4,1,1.1
2026-07-24,Friday,July,1.053,0,low,29.4,5.6,0,22.22,1.69,7 PM,6 PM-8 PM,0.93,133.32,3999.6,4184.62,22.37,22.71,21.39,-0.49,decreased,AC health issue increased consumption,56,52,18.22,0.4,sick,94,High usage detected!,Your pet is suffering because heavy usage or a faulty appliance is stressing the home.,0,Recovery Mode,6,5,sudden_spike|pet_suffering|ac_fault|fan_fault|iron_fault|tv_fault,replace_ac_efficient_model|replace_fan_efficient_model|replace_iron_efficient_model|replace_tv_efficient_model|shift_usage_to_morning,Highest usage is during 6 PM-8 PM. Shift ironing or cooling to morning to save cost.,You can improve efficiency by cutting AC usage by 1 hour.,Your appliance mix is stable today.,0.32,0.21,0.2,0.22,0.25,0.4,0.83,1.17,1.05,0.7,0.67,0.75,0.83,0.76,0.71,0.75,0.82,1.14,1.55,1.69,1.52,1.05,0.79,0.5,1463,8.4,5,good,yes,12.29,73.74,81.0,1,9.0,129,13.4,4,noise,no,1.73,10.38,11.4,1,1.6,1251,0.7,6,good,no,0.88,5.28,5.8,1,2.2,63,4.5,5,good,no,0.28,1.68,1.8,1,1.1
2026-07-25,Saturday,July,1.05,1,medium,31.0,3.6,1,18.13,1.51,7 PM,6 PM-8 PM,0.76,108.78,3263.4,3361.86,19.36,22.22,20.6,-4.09,decreased,AC health issue increased consumption,71,71,14.87,3.35,sick,94,High usage detected!,Your pet is suffering because heavy usage or a faulty appliance is stressing the home.,0,Steady Guardian,5,4,sudden_spike|pet_suffering|ac_fault|tv_fault|phantom_load_tv,replace_ac_efficient_model|replace_tv_efficient_model|saving_mode_optimizations|shift_usage_to_morning,Highest usage is during 6 PM-8 PM. Shift ironing or cooling to morning to save cost.,Saving mode is active. Prioritize fans over AC and switch off standby loads.,TV standby may be wasting power,0.14,0.14,0.14,0.14,0.14,0.29,0.66,1.02,0.87,0.59,0.55,0.58,0.68,0.52,0.47,0.55,0.67,0.9,1.31,1.51,1.29,0.82,0.61,0.29,1555,8.0,5,overheat,no,12.44,74.64,84.2,1,9.0,-4,11.5,4,good,yes,-0.05,-0.3,-0.3,0,1.6,1177,1.5,6,good,yes,1.77,10.62,12.0,0,2.2,113,5.4,5,standby,no,0.61,3.66,4.1,1,1.1
2026-07-26,Sunday,July,1.047,1,medium,27.7,3.1,0,22.58,1.63,7 PM,6 PM-8 PM,0.94,135.48,4064.4,4180.77,21.24,18.13,21.17,4.45,increased,AC health issue increased consumption,55,47,18.52,0,sick,94,High usage detected!,Your pet is suffering because heavy usage or a faulty appliance is stressing the home.,0,Recovery Mode,6,4,sudden_spike|pet_suffering|ac_fault|fan_fault|iron_fault|phantom_load_tv,replace_ac_efficient_model|replace_fan_efficient_model|replace_iron_efficient_model|shift_usage_to_morning,Highest usage is during 6 PM-8 PM. Shift ironing or cooling to morning to save cost.,You can improve efficiency by cutting AC usage by 1 hour.,TV standby may be wasting power,0.31,0.25,0.15,0.16,0.21,0.39,0.75,1.06,1.05,0.76,0.71,0.75,0.75,0.73,0.68,0.74,0.81,1.13,1.52,1.63,1.49,1.07,0.82,0.44,1447,8.7,5,noise,no,12.59,75.54,65.6,1,9.0,191,12.8,4,good,no,2.44,14.64,12.7,1,1.6,1229,2.8,6,good,yes,3.44,20.64,17.9,1,2.2,131,5.5,5,standby,yes,0.72,4.32,3.8,0,1.1
2026-07-27,Monday,July,1.044,0,low,29.7,1.3,0,22.19,1.72,7 PM,6 PM-8 PM,0.92,133.14,3994.2,4289.19,22.31,22.58,21.26,-0.39,decreased,AC health issue increased consumption,56,52,18.2,0.32,tired,64,"Usage rising, reduce load",Your pet is tired. A little saving today will help it recover.,0,Recovery Mode,2,2,sudden_spike|ac_fault,replace_ac_efficient_model|shift_usage_to_morning,Highest usage is during 6 PM-8 PM. Shift ironing or cooling to morning to save cost.,You can improve efficiency by cutting AC usage by 1 hour.,Your appliance mix is stable today.,0.26,0.28,0.27,0.28,0.25,0.47,0.76,1.17,1.09,0.76,0.68,0.68,0.88,0.77,0.73,0.71,0.83,1.07,1.57,1.72,1.48,1.08,0.76,0.46,1524,8.0,5,good,yes,12.19,73.14,84.4,1,9.0,54,11.6,4,good,yes,0.63,3.78,4.4,0,1.6,1135,1.1,6,good,yes,1.25,7.5,8.7,0,2.2,97,3.8,5,good,yes,0.37,2.22,2.6,0,1.1
2026-07-28,Tuesday,July,1.041,0,high,26.2,2.5,1,19.24,1.52,7 PM,6 PM-8 PM,0.8,115.44,3463.2,3724.06,20.12,22.19,21.32,-2.95,decreased,AC health issue increased consumption,67,66,15.78,2.42,sick,94,High usage detected!,Your pet is suffering because heavy usage or a faulty appliance is stressing the home.,0,Recovery Mode,5,5,sudden_spike|pet_suffering|ac_fault|fan_fault|iron_fault,replace_ac_efficient_model|replace_fan_efficient_model|replace_iron_efficient_model|saving_mode_optimizations|shift_usage_to_morning,Highest usage is during 6 PM-8 PM. Shift ironing or cooling to morning to save cost.,Saving mode is active. Prioritize fans over AC and switch off standby loads.,Your appliance mix is stable today.,0.16,0.14,0.14,0.14,0.14,0.23,0.69,0.97,0.87,0.52,0.46,0.56,0.71,0.58,0.58,0.56,0.75,0.97,1.33,1.52,1.29,0.89,0.69,0.31,1610,8.2,5,good,no,13.2,79.2,71.9,1,9.0,162,13.2,4,noise,no,2.14,12.84,11.6,1,1.6,1139,2.2,6,good,yes,2.51,15.06,13.7,1,2.2,97,5.4,5,good,yes,0.52,3.12,2.8,0,1.1
2026-07-29,Wednesday,July,1.038,0,high,25.0,6.9,1,18.4,1.41,7 PM,6 PM-8 PM,0.77,110.4,3312.0,3184.22,18.65,19.24,20.78,-0.84,decreased,AC health issue increased consumption,70,67,15.09,0.69,sick,94,High usage detected!,Your pet is suffering because heavy usage or a faulty appliance is stressing the home.,0,Steady Guardian,5,5,sudden_spike|pet_suffering|ac_fault|iron_fault|tv_fault,replace_ac_efficient_model|replace_iron_efficient_model|replace_tv_efficient_model|saving_mode_optimizations|shift_usage_to_morning,Highest usage is during 6 PM-8 PM. Shift ironing or cooling to morning to save cost.,Saving mode is active. Prioritize fans over AC and switch off standby loads.,Your appliance mix is stable today.,0.14,0.14,0.14,0.14,0.14,0.22,0.58,0.97,0.81,0.53,0.48,0.53,0.68,0.6,0.48,0.52,0.74,0.91,1.37,1.41,1.35,0.83,0.65,0.32,1556,8.9,5,good,yes,13.85,83.1,81.8,1,9.0,37,12.2,4,good,yes,0.45,2.7,2.7,0,1.6,1263,1.8,6,good,yes,2.27,13.62,13.4,1,2.2,89,4.0,5,good,no,0.36,2.16,2.1,1,1.1
2026-07-30,Thursday,July,1.035,0,medium,28.7,4.7,0,20.62,1.64,7 PM,6 PM-8 PM,0.86,123.72,3711.6,4120.78,19.95,18.4,20.48,2.22,increased,AC health issue increased consumption,62,56,16.91,0,sick,94,High usage detected!,Your pet is suffering because heavy usage or a faulty appliance is stressing the home.,0,Recovery Mode,5,4,sudden_spike|pet_suffering|ac_fault|fan_fault|tv_fault,replace_ac_efficient_model|replace_fan_efficient_model|replace_tv_efficient_model|shift_usage_to_morning,Highest usage is during 6 PM-8 PM. Shift ironing or cooling to morning to save cost.,You can improve efficiency by cutting AC usage by 1 hour.,Your appliance mix is stable today.,0.24,0.18,0.22,0.19,0.21,0.34,0.73,1.05,0.97,0.74,0.69,0.66,0.82,0.74,0.64,0.74,0.84,1.03,1.45,1.64,1.43,0.98,0.79,0.48,1604,7.0,5,good,yes,11.23,67.38,87.7,1,9.0,70,11.9,4,good,no,0.83,4.98,6.5,1,1.6,1211,0.4,6,good,yes,0.48,2.88,3.7,0,2.2,65,4.2,5,good,no,0.27,1.62,2.1,1,1.1
2026-07-31,Friday,July,1.032,0,high,29.2,1.3,0,21.71,1.69,7 PM,6 PM-8 PM,0.9,130.26,3907.8,4256.68,21.38,20.62,20.41,1.09,increased,AC health issue increased consumption,58,53,17.8,0,sick,94,High usage detected!,Your pet is suffering because heavy usage or a faulty appliance is stressing the home.,0,Recovery Mode,4,3,sudden_spike|pet_suffering|ac_fault|fan_fault,replace_ac_efficient_model|replace_fan_efficient_model|shift_usage_to_morning,Highest usage is during 6 PM-8 PM. Shift ironing or cooling to morning to save cost.,You can improve efficiency by cutting AC usage by 1 hour.,Your appliance mix is stable today.,0.27,0.27,0.27,0.23,0.28,0.46,0.75,1.11,1.05,0.76,0.7,0.67,0.78,0.78,0.69,0.78,0.82,1.08,1.46,1.69,1.44,1.05,0.82,0.52,1425,7.5,5,good,yes,10.69,64.14,78.8,1,9.0,95,12.8,4,slow,no,1.22,7.32,9.0,1,1.6,1182,1.0,6,good,yes,1.18,7.08,8.7,0,2.2,123,3.8,5,good,yes,0.47,2.82,3.5,0,1.1
2026-08-01,Saturday,August,1.029,1,high,24.7,0.8,0,22.06,1.61,7 PM,6 PM-8 PM,0.92,132.36,3970.8,4056.41,21.95,21.71,20.97,0.35,increased,AC health issue increased consumption,57,53,18.09,0,sick,94,High usage detected!,Your pet is suffering because heavy usage or a faulty appliance is stressing the home.,0,Recovery Mode,5,4,sudden_spike|pet_suffering|ac_fault|fan_fault|iron_fault,replace_ac_efficient_model|replace_fan_efficient_model|replace_iron_efficient_model|shift_usage_to_morning,Highest usage is during 6 PM-8 PM. Shift ironing or cooling to morning to save cost.,You can improve efficiency by cutting AC usage by 1 hour.,Your appliance mix is stable today.,0.34,0.2,0.26,0.19,0.33,0.43,0.82,1.07,1.07,0.73,0.71,0.75,0.76,0.71,0.73,0.78,0.9,1.09,1.49,1.61,1.47,1.02,0.8,0.45,1431,6.9,5,good,yes,9.87,59.22,64.9,1,9.0,125,13.3,4,good,yes,1.66,9.96,10.9,1,1.6,1120,2.7,6,slow,no,3.02,18.12,19.9,1,2.2,110,6.0,5,good,yes,0.66,3.96,4.3,0,1.1
2026-08-02,Sunday,August,1.026,1,low,31.5,1.2,0,22.25,1.61,7 PM,6 PM-8 PM,0.93,133.5,4005.0,3917.32,22.19,22.06,20.92,0.19,increased,AC health issue increased consumption,56,52,18.24,0,sick,94,High usage detected!,Your pet is suffering because heavy usage or a faulty appliance is stressing the home.,0,Recovery Mode,5,4,sudden_spike|pet_suffering|ac_fault|iron_fault|tv_fault,replace_ac_efficient_model|replace_iron_efficient_model|replace_tv_efficient_model|shift_usage_to_morning,Highest usage is during 6 PM-8 PM. Shift ironing or cooling to morning to save cost.,You can improve efficiency by cutting AC usage by 1 hour.,Your appliance mix is stable today.,0.29,0.31,0.19,0.27,0.25,0.37,0.76,1.11,1.09,0.67,0.61,0.67,0.8,0.73,0.66,0.72,0.91,1.13,1.5,1.61,1.51,1.02,0.79,0.49,1487,8.8,5,good,yes,13.09,78.54,75.9,1,9.0,14,13.1,4,good,yes,0.18,1.08,1.0,0,1.6,1158,2.3,6,overheat,no,2.66,15.96,15.4,1,2.2,204,6.4,5,good,yes,1.31,7.86,7.6,1,1.1
2026-08-03,Monday,August,1.023,0,low,25.6,0,0,21.38,1.64,7 PM,6 PM-8 PM,0.89,128.28,3848.4,4219.89,21.64,22.25,20.81,-0.87,decreased,AC health issue increased consumption,59,56,17.53,0.71,sick,94,High usage detected!,Your pet is suffering because heavy usage or a faulty appliance is stressing the home.,0,Recovery Mode,5,3,sudden_spike|pet_suffering|ac_fault|tv_fault|phantom_load_tv,replace_ac_efficient_model|replace_tv_efficient_model|shift_usage_to_morning,Highest usage is during 6 PM-8 PM. Shift ironing or cooling to morning to save cost.,You can improve efficiency by cutting AC usage by 1 hour.,TV standby may be wasting power,0.25,0.23,0.2,0.21,0.3,0.41,0.81,1.1,1.07,0.73,0.63,0.7,0.81,0.75,0.7,0.77,0.85,1.11,1.47,1.64,1.48,1.07,0.81,0.47,1420,7.2,5,good,yes,10.22,61.32,80.0,1,9.0,87,12.5,4,good,yes,1.09,6.54,8.5,0,1.6,1148,0.2,6,good,yes,0.23,1.38,1.8,0,2.2,219,5.6,5,standby,yes,1.23,7.38,9.6,1,1.1
2026-08-04,Tuesday,August,1.02,0,low,32.1,3.9,0,21.1,1.64,7 PM,6 PM-8 PM,0.88,126.6,3798.0,3751.56,21.18,21.38,21.07,-0.28,decreased,AC health issue increased consumption,60,56,17.3,0.23,tired,64,"Usage rising, reduce load",Your pet is tired. A little saving today will help it recover.,0,Recovery Mode,2,2,sudden_spike|ac_fault,replace_ac_efficient_model|shift_usage_to_morning,Highest usage is during 6 PM-8 PM. Shift ironing or cooling to morning to save cost.,You can improve efficiency by cutting AC usage by 1 hour.,Your appliance mix is stable today.,0.22,0.18,0.22,0.14,0.27,0.35,0.77,1.11,0.99,0.63,0.59,0.68,0.77,0.73,0.62,0.65,0.78,1.04,1.39,1.64,1.42,1.04,0.75,0.43,1555,8.5,5,good,yes,13.22,79.32,78.7,1,9.0,100,12.9,4,good,yes,1.29,7.74,7.7,0,1.6,1285,1.6,6,good,yes,2.06,12.36,12.3,0,2.2,59,3.7,5,good,yes,0.22,1.32,1.3,0,1.1
2026-08-05,Wednesday,August,1.017,0,medium,27.7,3.5,0,21.09,1.59,7 PM,6 PM-8 PM,0.88,126.54,3796.2,3766.88,21.09,21.1,21.46,-0.01,decreased,AC health issue increased consumption,60,56,17.29,0.01,sick,94,High usage detected!,Your pet is suffering because heavy usage or a faulty appliance is stressing the home.,0,Recovery Mode,4,3,sudden_spike|pet_suffering|ac_fault|iron_fault,replace_ac_efficient_model|replace_iron_efficient_model|shift_usage_to_morning,Highest usage is during 6 PM-8 PM. Shift ironing or cooling to morning to save cost.,You can improve efficiency by cutting AC usage by 1 hour.,Your appliance mix is stable today.,0.26,0.25,0.24,0.18,0.27,0.38,0.7,1.14,1.0,0.74,0.59,0.64,0.79,0.68,0.62,0.72,0.83,1.11,1.48,1.59,1.4,1.02,0.79,0.43,1515,8.3,5,noise,no,12.57,75.42,85.4,1,9.0,87,12.6,4,good,yes,1.1,6.6,7.5,0,1.6,1127,0.4,6,slow,no,0.45,2.7,3.1,1,2.2,172,3.5,5,good,yes,0.6,3.6,4.1,0,1.1
2026-08-06,Thursday,August,1.014,0,low,31.7,4.2,1,18.03,1.38,7 PM,6 PM-8 PM,0.75,108.18,3245.4,3630.84,18.95,21.09,21.09,-3.06,decreased,AC health issue increased consumption,71,70,14.78,2.51,sick,94,High usage detected!,Your pet is suffering because heavy usage or a faulty appliance is stressing the home.,0,Steady Guardian,6,6,sudden_spike|pet_suffering|ac_fault|fan_fault|iron_fault|tv_fault,replace_ac_efficient_model|replace_fan_efficient_model|replace_iron_efficient_model|replace_tv_efficient_model|saving_mode_optimizations|shift_usage_to_morning,Highest usage is during 6 PM-8 PM. Shift ironing or cooling to morning to save cost.,Saving mode is active. Prioritize fans over AC and switch off standby loads.,Your appliance mix is stable today.,0.15,0.14,0.14,0.14,0.14,0.2,0.63,0.87,0.82,0.49,0.46,0.47,0.64,0.58,0.56,0.55,0.61,0.89,1.31,1.38,1.3,0.8,0.6,0.29,1570,8.9,5,overheat,no,13.97,83.82,79.5,1,9.0,15,13.3,4,good,no,0.2,1.2,1.1,1,1.6,1175,1.9,6,good,yes,2.23,13.38,12.7,1,2.2,216,5.4,5,good,yes,1.17,7.02,6.7,1,1.1
2026-08-07,Friday,August,1.011,0,low,30.3,0.4,0,21.9,1.57,7 PM,6 PM-8 PM,0.91,131.4,3942.0,3862.51,20.74,18.03,21.12,3.87,increased,AC health issue increased consumption,57,49,17.96,0,sick,94,High usage detected!,Your pet is suffering because heavy usage or a faulty appliance is stressing the home.,0,Recovery Mode,6,4,sudden_spike|pet_suffering|ac_fault|iron_fault|tv_fault|phantom_load_tv,replace_ac_efficient_model|replace_iron_efficient_model|replace_tv_efficient_model|shift_usage_to_morning,Highest usage is during 6 PM-8 PM. Shift ironing or cooling to morning to save cost.,You can improve efficiency by cutting AC usage by 1 hour.,TV standby may be wasting power,0.26,0.23,0.27,0.2,0.32,0.45,0.75,1.08,1.03,0.66,0.62,0.71,0.8,0.77,0.64,0.76,0.85,1.15,1.5,1.57,1.4,1.01,0.83,0.45,1491,8.1,5,good,yes,12.08,72.48,74.0,1,9.0,13,11.5,4,good,yes,0.15,0.9,0.9,0,1.6,1186,2.4,6,good,yes,2.85,17.1,17.5,1,2.2,215,5.8,5,standby,yes,1.25,7.5,7.7,1,1.1
2026-08-08,Saturday,August,1.008,1,medium,28.7,0.8,1,18.38,1.49,7 PM,6 PM-8 PM,0.77,110.28,3308.4,3357.32,19.44,21.9,20.59,-3.52,decreased,AC health issue increased consumption,70,70,15.07,2.89,sick,94,High usage detected!,Your pet is suffering because heavy usage or a faulty appliance is stressing the home.,0,Steady Guardian,6,5,sudden_spike|pet_suffering|ac_fault|iron_fault|tv_fault|phantom_load_tv,replace_ac_efficient_model|replace_iron_efficient_model|replace_tv_efficient_model|saving_mode_optimizations|shift_usage_to_morning,Highest usage is during 6 PM-8 PM. Shift ironing or cooling to morning to save cost.,Saving mode is active. Prioritize fans over AC and switch off standby loads.,TV standby may be wasting power,0.14,0.14,0.14,0.14,0.14,0.29,0.66,0.93,0.88,0.55,0.47,0.58,0.66,0.59,0.54,0.58,0.66,0.97,1.24,1.49,1.26,0.83,0.6,0.28,1519,8.9,5,good,yes,13.52,81.12,82.2,1,9.0,84,12.2,4,good,yes,1.02,6.12,6.2,0,1.6,1239,0.6,6,overheat,no,0.74,4.44,4.5,1,2.2,216,5.4,5,standby,yes,1.17,7.02,7.1,1,1.1
2026-08-09,Sunday,August,1.005,1,medium,30.0,1.2,1,18.04,1.4,7 PM,6 PM-8 PM,0.75,108.24,3247.2,3475.2,18.14,18.38,19.99,-0.34,decreased,AC health issue increased consumption,71,67,14.79,0.28,sick,94,High usage detected!,Your pet is suffering because heavy usage or a faulty appliance is stressing the home.,0,Steady Guardian,5,5,sudden_spike|pet_suffering|ac_fault|fan_fault|iron_fault,replace_ac_efficient_model|replace_fan_efficient_model|replace_iron_efficient_model|saving_mode_optimizations|shift_usage_to_morning,Highest usage is during 6 PM-8 PM. Shift ironing or cooling to morning to save cost.,Saving mode is active. Prioritize fans over AC and switch off standby loads.,Your appliance mix is stable today.,0.14,0.14,0.14,0.14,0.14,0.2,0.62,0.93,0.91,0.53,0.48,0.53,0.58,0.62,0.58,0.58,0.66,0.94,1.25,1.4,1.26,0.84,0.64,0.38,1554,7.2,5,good,yes,11.19,67.14,72.3,1,9.0,42,13.2,4,good,no,0.55,3.3,3.6,1,1.6,1207,2.8,6,good,yes,3.38,20.28,21.8,1,2.2,70,5.2,5,good,yes,0.36,2.16,2.3,0,1.1
2026-08-10,Monday,August,1.002,0,medium,25.3,1.5,0,22.16,1.64,7 PM,6 PM-8 PM,0.92,132.96,3988.8,4449.42,20.92,18.04,20.1,4.12,increased,AC health issue increased consumption,56,48,18.17,0,sick,94,High usage detected!,Your pet is suffering because heavy usage or a faulty appliance is stressing the home.,0,Recovery Mode,4,3,sudden_spike|pet_suffering|ac_fault|fan_fault,replace_ac_efficient_model|replace_fan_efficient_model|shift_usage_to_morning,Highest usage is during 6 PM-8 PM. Shift ironing or cooling to morning to save cost.,You can improve efficiency by cutting AC usage by 1 hour.,Your appliance mix is stable today.,0.33,0.25,0.26,0.22,0.32,0.37,0.79,1.11,0.97,0.72,0.69,0.72,0.83,0.76,0.62,0.76,0.89,1.08,1.43,1.64,1.45,0.99,0.8,0.55,1452,8.3,5,good,yes,12.05,72.3,73.4,1,9.0,143,11.3,4,good,no,1.62,9.72,9.9,1,1.6,1227,1.6,6,good,yes,1.96,11.76,11.9,0,2.2,173,4.5,5,good,yes,0.78,4.68,4.8,0,1.1
2026-08-11,Tuesday,August,0.998,0,medium,30.5,2.1,1,18.55,1.43,7 PM,6 PM-8 PM,0.77,111.3,3339.0,3448.32,19.63,22.16,19.74,-3.61,decreased,AC health issue increased consumption,69,69,15.21,2.96,sick,94,High usage detected!,Your pet is suffering because heavy usage or a faulty appliance is stressing the home.,0,Recovery Mode,5,5,sudden_spike|pet_suffering|ac_fault|fan_fault|iron_fault,replace_ac_efficient_model|replace_fan_efficient_model|replace_iron_efficient_model|saving_mode_optimizations|shift_usage_to_morning,Highest usage is during 6 PM-8 PM. Shift ironing or cooling to morning to save cost.,Saving mode is active. Prioritize fans over AC and switch off standby loads.,Your appliance mix is stable today.,0.14,0.14,0.14,0.14,0.14,0.24,0.58,0.94,0.85,0.57,0.44,0.49,0.62,0.53,0.53,0.55,0.66,0.96,1.31,1.43,1.24,0.87,0.66,0.37,1442,8.7,5,good,no,12.55,75.3,68.9,1,9.0,152,13.4,4,good,no,2.04,12.24,11.2,1,1.6,1279,2.2,6,slow,no,2.81,16.86,15.4,1,2.2,190,4.3,5,good,yes,0.82,4.92,4.5,0,1.1
2026-08-12,Wednesday,August,0.995,0,medium,27.0,2.2,1,18.19,1.38,7 PM,6 PM-8 PM,0.76,109.14,3274.2,3476.56,18.3,18.55,19.32,-0.36,decreased,AC health issue increased consumption,71,67,14.92,0.3,sick,94,High usage detected!,Your pet is suffering because heavy usage or a faulty appliance is stressing the home.,0,Steady Guardian,5,4,sudden_spike|pet_suffering|ac_fault|fan_fault|phantom_load_tv,replace_ac_efficient_model|replace_fan_efficient_model|saving_mode_optimizations|shift_usage_to_morning,Highest usage is during 6 PM-8 PM. Shift ironing or cooling to morning to save cost.,Saving mode is active. Prioritize fans over AC and switch off standby loads.,TV standby may be wasting power,0.17,0.14,0.14,0.14,0.16,0.27,0.63,0.92,0.9,0.57,0.49,0.5,0.65,0.54,0.57,0.6,0.7,0.86,1.33,1.38,1.21,0.89,0.65,0.33,1609,8.2,5,good,yes,13.19,79.14,84.2,1,9.0,141,13.6,4,good,yes,1.92,11.52,12.3,1,1.6,1220,0.3,6,good,yes,0.37,2.22,2.4,0,2.2,33,5.6,5,standby,yes,0.18,1.08,1.1,0,1.1
2026-08-13,Thursday,August,0.992,0,medium,31.1,3.7,0,20.59,1.57,7 PM,6 PM-8 PM,0.86,123.54,3706.2,4112.39,19.87,18.19,19.69,2.4,increased,AC health issue increased consumption,62,56,16.88,0,tired,64,"Usage rising, reduce load",Your pet is tired. A little saving today will help it recover.,0,Recovery Mode,2,2,sudden_spike|ac_fault,replace_ac_efficient_model|shift_usage_to_morning,Highest usage is during 6 PM-8 PM. Shift ironing or cooling to morning to save cost.,You can improve efficiency by cutting AC usage by 1 hour.,Your appliance mix is stable today.,0.22,0.23,0.14,0.14,0.25,0.36,0.76,1.11,1.01,0.62,0.59,0.61,0.7,0.64,0.68,0.63,0.82,1.05,1.47,1.57,1.33,1.01,0.79,0.47,1619,7.5,5,good,yes,12.14,72.84,78.9,1,9.0,51,11.8,4,good,yes,0.6,3.6,3.9,0,1.6,1182,1.7,6,good,yes,2.01,12.06,13.1,0,2.2,116,5.5,5,good,yes,0.64,3.84,4.2,0,1.1
2026-08-14,Friday,August,0.989,0,high,28.8,2.2,0,21.07,1.6,7 PM,6 PM-8 PM,0.88,126.42,3792.6,3714.68,20.93,20.59,19.57,0.48,increased,AC health issue increased consumption,60,56,17.28,0,tired,64,"Usage rising, reduce load",Your pet is tired. A little saving today will help it recover.,0,Recovery Mode,2,2,sudden_spike|ac_fault,replace_ac_efficient_model|shift_usage_to_morning,Highest usage is during 6 PM-8 PM. Shift ironing or cooling to morning to save cost.,You can improve efficiency by cutting AC usage by 1 hour.,Your appliance mix is stable today.,0.32,0.19,0.27,0.16,0.22,0.38,0.71,1.04,1.04,0.74,0.61,0.63,0.82,0.71,0.67,0.72,0.8,1.06,1.48,1.6,1.41,0.97,0.74,0.53,1588,8.1,5,good,yes,12.86,77.16,87.0,1,9.0,3,11.3,4,good,yes,0.03,0.18,0.2,0,1.6,1208,1.1,6,good,yes,1.33,7.98,9.0,0,2.2,159,3.5,5,good,yes,0.56,3.36,3.8,0,1.1
2026-08-15,Saturday,August,0.986,1,low,27.9,0.4,0,21.37,1.6,7 PM,6 PM-8 PM,0.89,128.22,3846.6,3922.89,21.28,21.07,20.0,0.3,increased,AC health issue increased consumption,59,55,17.52,0,tired,64,"Usage rising, reduce load",Your pet is tired. A little saving today will help it recover.,0,Recovery Mode,2,2,sudden_spike|ac_fault,replace_ac_efficient_model|shift_usage_to_morning,Highest usage is during 6 PM-8 PM. Shift ironing or cooling to morning to save cost.,You can improve efficiency by cutting AC usage by 1 hour.,Your appliance mix is stable today.,0.32,0.19,0.18,0.19,0.23,0.43,0.8,1.06,0.99,0.74,0.62,0.69,0.75,0.75,0.67,0.7,0.82,1.03,1.39,1.6,1.46,0.98,0.75,0.49,1616,8.1,5,overheat,no,13.09,78.54,81.4,1,9.0,105,13.3,4,good,yes,1.4,8.4,8.7,0,1.6,1311,1.0,6,good,yes,1.31,7.86,8.1,0,2.2,47,5.9,5,good,yes,0.28,1.68,1.7,0,1.1
2026-08-16,Sunday,August,0.983,1,low,28.8,0.8,1,17.85,1.44,7 PM,6 PM-8 PM,0.74,107.1,3213.0,3473.23,18.91,21.37,19.97,-3.52,decreased,AC health issue increased consumption,72,72,14.64,2.89,sick,94,High usage detected!,Your pet is suffering because heavy usage or a faulty appliance is stressing the home.,0,Steady Guardian,5,5,sudden_spike|pet_suffering|ac_fault|fan_fault|iron_fault,replace_ac_efficient_model|replace_fan_efficient_model|replace_iron_efficient_model|saving_mode_optimizations|shift_usage_to_morning,Highest usage is during 6 PM-8 PM. Shift ironing or cooling to morning to save cost.,Saving mode is active. Prioritize fans over AC and switch off standby loads.,Your appliance mix is stable today.,0.16,0.14,0.14,0.14,0.14,0.29,0.64,0.93,0.82,0.48,0.52,0.51,0.58,0.53,0.47,0.52,0.62,0.88,1.21,1.44,1.27,0.81,0.6,0.3,1479,8.0,5,good,yes,11.83,70.98,70.1,1,9.0,149,11.5,4,good,no,1.71,10.26,10.1,1,1.6,1303,1.9,6,good,yes,2.48,14.88,14.7,1,2.2,191,4.5,5,good,yes,0.86,5.16,5.1,0,1.1
2026-08-17,Monday,August,0.98,0,medium,25.2,1.6,0,20.92,1.51,7 PM,6 PM-8 PM,0.87,125.52,3765.6,4122.93,20.0,17.85,19.79,3.07,increased,AC health issue increased consumption,61,54,17.15,0,sick,94,High usage detected!,Your pet is suffering because heavy usage or a faulty appliance is stressing the home.,0,Recovery Mode,4,3,sudden_spike|pet_suffering|ac_fault|fan_fault,replace_ac_efficient_model|replace_fan_efficient_model|shift_usage_to_morning,Highest usage is during 6 PM-8 PM. Shift ironing or cooling to morning to save cost.,You can improve efficiency by cutting AC usage by 1 hour.,Your appliance mix is stable today.,0.22,0.21,0.17,0.2,0.28,0.41,0.71,1.02,0.93,0.72,0.65,0.62,0.77,0.67,0.72,0.64,0.83,1.06,1.4,1.51,1.4,1.04,0.74,0.46,1501,8.5,5,good,yes,12.76,76.56,79.3,1,9.0,137,13.0,4,good,yes,1.78,10.68,11.1,1,1.6,1132,0.8,6,good,yes,0.91,5.46,5.7,0,2.2,136,4.8,5,good,yes,0.65,3.9,4.0,0,1.1
2026-08-18,Tuesday,August,0.977,0,low,31.1,4.1,1,17.37,1.36,7 PM,6 PM-8 PM,0.72,104.22,3126.6,3489.96,18.44,20.92,19.62,-3.55,decreased,AC health issue increased consumption,73,73,14.24,2.91,sick,94,High usage detected!,Your pet is suffering because heavy usage or a faulty appliance is stressing the home.,0,Steady Guardian,4,4,sudden_spike|pet_suffering|ac_fault|fan_fault,replace_ac_efficient_model|replace_fan_efficient_model|saving_mode_optimizations|shift_usage_to_morning,Highest usage is during 6 PM-8 PM. Shift ironing or cooling to morning to save cost.,Saving mode is active. Prioritize fans over AC and switch off standby loads.,Your appliance mix is stable today.,0.14,0.14,0.14,0.14,0.14,0.2,0.51,0.85,0.85,0.48,0.49,0.54,0.63,0.57,0.45,0.54,0.58,0.92,1.18,1.36,1.22,0.84,0.53,0.25,1455,8.1,5,noise,no,11.79,70.74,70.5,1,9.0,187,12.5,4,good,yes,2.34,14.04,14.0,1,1.6,1225,1.5,6,good,yes,1.84,11.04,11.0,0,2.2,153,4.9,5,good,yes,0.75,4.5,4.5,0,1.1
2026-08-19,Wednesday,August,0.974,0,medium,25.3,0.9,1,17.23,1.45,7 PM,6 PM-8 PM,0.72,103.38,3101.4,3096.72,17.27,17.37,19.49,-0.14,decreased,AC health issue increased consumption,74,70,14.13,0.11,sick,94,High usage detected!,Your pet is suffering because heavy usage or a faulty appliance is stressing the home.,0,Steady Guardian,5,5,sudden_spike|pet_suffering|ac_fault|iron_fault|tv_fault,replace_ac_efficient_model|replace_iron_efficient_model|replace_tv_efficient_model|saving_mode_optimizations|shift_usage_to_morning,Highest usage is during 6 PM-8 PM. Shift ironing or cooling to morning to save cost.,Saving mode is active. Prioritize fans over AC and switch off standby loads.,Your appliance mix is stable today.,0.14,0.14,0.14,0.14,0.14,0.28,0.6,0.86,0.82,0.49,0.49,0.51,0.6,0.55,0.48,0.57,0.69,0.89,1.23,1.45,1.26,0.85,0.63,0.27,1453,7.1,5,good,yes,10.32,61.92,75.3,1,9.0,110,13.2,4,good,yes,1.45,8.7,10.6,0,1.6,1319,0.8,6,overheat,no,1.06,6.36,7.7,1,2.2,167,5.2,5,good,no,0.87,5.22,6.4,1,1.1
2026-08-20,Thursday,August,0.971,0,low,30.6,5.5,1,15.9,1.38,7 PM,6 PM-8 PM,0.66,95.4,2862.0,2879.4,16.3,17.23,18.82,-1.33,decreased,AC health issue increased consumption,79,76,13.04,1.09,sick,94,High usage detected!,Your pet is suffering because heavy usage or a faulty appliance is stressing the home.,0,Steady Guardian,6,6,sudden_spike|pet_suffering|ac_fault|fan_fault|iron_fault|tv_fault,replace_ac_efficient_model|replace_fan_efficient_model|replace_iron_efficient_model|replace_tv_efficient_model|saving_mode_optimizations|shift_usage_to_morning,Highest usage is during 6 PM-8 PM. Shift ironing or cooling to morning to save cost.,Saving mode is active. Prioritize fans over AC and switch off standby loads.,Your appliance mix is stable today.,0.14,0.14,0.14,0.14,0.14,0.19,0.51,0.87,0.78,0.47,0.43,0.46,0.52,0.5,0.52,0.46,0.59,0.82,1.19,1.38,1.2,0.75,0.5,0.26,1448,7.1,5,overheat,no,10.28,61.68,80.9,1,9.0,56,11.1,4,slow,no,0.62,3.72,4.9,1,1.6,1220,0.8,6,good,no,0.98,5.88,7.7,1,2.2,197,4.2,5,good,no,0.83,4.98,6.5,1,1.1
2026-08-21,Friday,August,0.968,0,high,24.2,0,0,20.49,1.55,7 PM,6 PM-8 PM,0.85,122.94,3688.2,3932.16,19.11,15.9,18.73,4.59,increased,AC health issue increased consumption,62,53,16.8,0,sick,94,High usage detected!,Your pet is suffering because heavy usage or a faulty appliance is stressing the home.,0,Recovery Mode,4,3,sudden_spike|pet_suffering|ac_fault|fan_fault,replace_ac_efficient_model|replace_fan_efficient_model|shift_usage_to_morning,Highest usage is during 6 PM-8 PM. Shift ironing or cooling to morning to save cost.,You can improve efficiency by cutting AC usage by 1 hour.,Your appliance mix is stable today.,0.29,0.26,0.26,0.23,0.22,0.42,0.7,1.05,0.97,0.73,0.65,0.66,0.71,0.76,0.7,0.65,0.84,0.99,1.39,1.55,1.33,1.03,0.74,0.42,1424,8.0,5,good,yes,11.39,68.34,85.1,1,9.0,53,12.3,4,noise,no,0.65,3.9,4.9,1,1.6,1145,0.6,6,good,yes,0.69,4.14,5.2,0,2.2,135,4.8,5,good,yes,0.65,3.9,4.9,0,1.1
2026-08-22,Saturday,August,0.965,1,medium,25.4,0.5,0,20.96,1.51,7 PM,6 PM-8 PM,0.87,125.76,3772.8,3808.61,20.82,20.49,18.67,0.47,increased,AC health issue increased consumption,61,57,17.19,0,tired,64,"Usage rising, reduce load",Your pet is tired. A little saving today will help it recover.,0,Recovery Mode,2,2,sudden_spike|ac_fault,replace_ac_efficient_model|shift_usage_to_morning,Highest usage is during 6 PM-8 PM. Shift ironing or cooling to morning to save cost.,You can improve efficiency by cutting AC usage by 1 hour.,Your appliance mix is stable today.,0.25,0.21,0.21,0.22,0.3,0.44,0.73,1.04,0.98,0.69,0.58,0.65,0.73,0.76,0.64,0.63,0.82,1.07,1.39,1.51,1.33,1.03,0.73,0.43,1490,8.8,5,good,yes,13.11,78.66,80.4,1,9.0,110,13.5,4,good,yes,1.49,8.94,9.1,0,1.6,1164,1.0,6,good,yes,1.16,6.96,7.1,0,2.2,104,5.3,5,good,yes,0.55,3.3,3.4,0,1.1
2026-08-23,Sunday,August,0.962,1,medium,26.1,4.9,0,19.7,1.47,7 PM,6 PM-8 PM,0.82,118.2,3546.0,3736.19,20.08,20.96,18.94,-1.26,decreased,AC health issue increased consumption,65,62,16.15,1.03,sick,94,High usage detected!,Your pet is suffering because heavy usage or a faulty appliance is stressing the home.,0,Recovery Mode,4,3,sudden_spike|pet_suffering|ac_fault|iron_fault,replace_ac_efficient_model|replace_iron_efficient_model|shift_usage_to_morning,Highest usage is during 6 PM-8 PM. Shift ironing or cooling to morning to save cost.,You can improve efficiency by cutting AC usage by 1 hour.,Your appliance mix is stable today.,0.27,0.21,0.22,0.15,0.18,0.31,0.75,0.99,0.97,0.65,0.57,0.64,0.69,0.67,0.57,0.63,0.77,0.97,1.41,1.47,1.35,0.89,0.69,0.48,1432,7.2,5,good,yes,10.31,61.86,70.8,1,9.0,67,13.0,4,good,yes,0.87,5.22,6.0,0,1.6,1316,1.8,6,good,yes,2.37,14.22,16.3,1,2.2,202,5.0,5,good,yes,1.01,6.06,6.9,0,1.1
2026-08-24,Monday,August,0.959,0,medium,23.9,3.0,1,17.09,1.35,7 PM,6 PM-8 PM,0.71,102.54,3076.2,3228.24,17.87,19.7,18.39,-2.61,decreased,AC health issue increased consumption,74,73,14.01,2.14,sick,94,High usage detected!,Your pet is suffering because heavy usage or a faulty appliance is stressing the home.,0,Steady Guardian,5,4,sudden_spike|pet_suffering|ac_fault|fan_fault|phantom_load_tv,replace_ac_efficient_model|replace_fan_efficient_model|saving_mode_optimizations|shift_usage_to_morning,Highest usage is during 6 PM-8 PM. Shift ironing or cooling to morning to save cost.,Saving mode is active. Prioritize fans over AC and switch off standby loads.,TV standby may be wasting power,0.16,0.14,0.14,0.14,0.14,0.28,0.62,0.95,0.82,0.47,0.46,0.55,0.63,0.5,0.52,0.49,0.64,0.84,1.21,1.35,1.27,0.81,0.54,0.34,1531,6.8,5,good,yes,10.41,62.46,74.4,1,9.0,172,11.8,4,good,yes,2.03,12.18,14.5,1,1.6,1302,0.7,6,good,yes,0.91,5.46,6.5,0,2.2,139,4.6,5,standby,yes,0.64,3.84,4.6,0,1.1
2026-08-25,Tuesday,August,0.956,0,medium,29.2,4.5,0,20.27,1.54,7 PM,6 PM-8 PM,0.84,121.62,3648.6,3869.41,19.32,17.09,18.81,3.18,increased,AC health issue increased consumption,63,56,16.62,0,tired,64,"Usage rising, reduce load",Your pet is tired. A little saving today will help it recover.,0,Recovery Mode,3,2,sudden_spike|ac_fault|phantom_load_tv,replace_ac_efficient_model|shift_usage_to_morning,Highest usage is during 6 PM-8 PM. Shift ironing or cooling to morning to save cost.,You can improve efficiency by cutting AC usage by 1 hour.,TV standby may be wasting power,0.27,0.21,0.16,0.19,0.28,0.41,0.64,1.07,0.89,0.66,0.59,0.66,0.73,0.71,0.57,0.62,0.83,0.95,1.37,1.54,1.35,0.97,0.75,0.39,1569,8.3,5,good,yes,13.02,78.12,82.8,1,9.0,8,12.8,4,good,yes,0.1,0.6,0.6,0,1.6,1263,1.7,6,good,yes,2.15,12.9,13.7,0,2.2,77,5.8,5,standby,yes,0.45,2.7,2.9,0,1.1
2026-08-26,Wednesday,August,0.953,0,medium,28.9,1.8,0,20.19,1.52,7 PM,6 PM-8 PM,0.84,121.14,3634.2,3648.84,20.21,20.27,19.23,-0.08,decreased,AC health issue increased consumption,63,59,16.56,0.07,tired,64,"Usage rising, reduce load",Your pet is tired. A little saving today will help it recover.,0,Recovery Mode,2,2,sudden_spike|ac_fault,replace_ac_efficient_model|shift_usage_to_morning,Highest usage is during 6 PM-8 PM. Shift ironing or cooling to morning to save cost.,You can improve efficiency by cutting AC usage by 1 hour.,Your appliance mix is stable today.,0.28,0.19,0.16,0.16,0.3,0.39,0.69,1.0,0.91,0.67,0.61,0.71,0.73,0.69,0.61,0.64,0.84,1.0,1.4,1.52,1.39,0.93,0.69,0.41,1456,8.6,5,good,yes,12.52,75.12,84.1,1,9.0,38,12.3,4,good,yes,0.47,2.82,3.2,0,1.6,1171,1.0,6,good,yes,1.17,7.02,7.9,0,2.2,190,3.8,5,good,yes,0.72,4.32,4.8,0,1.1
2026-08-27,Thursday,August,0.95,0,low,26.8,0,0,20.88,1.55,7 PM,6 PM-8 PM,0.87,125.28,3758.4,3954.46,20.67,20.19,19.94,0.69,increased,AC health issue increased consumption,61,56,17.12,0,sick,94,High usage detected!,Your pet is suffering because heavy usage or a faulty appliance is stressing the home.,0,Recovery Mode,4,3,sudden_spike|pet_suffering|ac_fault|iron_fault,replace_ac_efficient_model|replace_iron_efficient_model|shift_usage_to_morning,Highest usage is during 6 PM-8 PM. Shift ironing or cooling to morning to save cost.,You can improve efficiency by cutting AC usage by 1 hour.,Your appliance mix is stable today.,0.21,0.22,0.22,0.14,0.23,0.41,0.77,1.06,0.91,0.71,0.67,0.65,0.78,0.67,0.7,0.66,0.84,1.03,1.36,1.55,1.35,0.92,0.75,0.45,1604,8.0,5,good,yes,12.83,76.98,78.0,1,9.0,30,11.7,4,good,yes,0.35,2.1,2.1,0,1.6,1197,2.2,6,good,no,2.63,15.78,16.0,1,2.2,143,4.5,5,good,yes,0.64,3.84,3.9,0,1.1
2026-08-28,Friday,August,0.947,0,high,30.5,4.9,0,19.91,1.54,7 PM,6 PM-8 PM,0.83,119.46,3583.8,3805.94,20.2,20.88,19.86,-0.97,decreased,AC health issue increased consumption,64,61,16.33,0.8,sick,94,High usage detected!,Your pet is suffering because heavy usage or a faulty appliance is stressing the home.,0,Recovery Mode,5,3,sudden_spike|pet_suffering|ac_fault|iron_fault|phantom_load_tv,replace_ac_efficient_model|replace_iron_efficient_model|shift_usage_to_morning,Highest usage is during 6 PM-8 PM. Shift ironing or cooling to morning to save cost.,You can improve efficiency by cutting AC usage by 1 hour.,TV standby may be wasting power,0.21,0.22,0.19,0.18,0.24,0.4,0.64,0.96,0.96,0.6,0.61,0.62,0.74,0.64,0.58,0.67,0.82,1.03,1.3,1.54,1.36,0.92,0.76,0.48,1435,8.1,5,good,no,11.62,69.72,78.9,1,9.0,13,12.1,4,good,yes,0.16,0.96,1.1,0,1.6,1281,2.0,6,good,yes,2.56,15.36,17.4,1,2.2,102,3.8,5,standby,yes,0.39,2.34,2.6,0,1.1
2026-08-29,Saturday,August,0.944,1,low,26.9,1.1,0,20.79,1.52,7 PM,6 PM-8 PM,0.87,124.74,3742.2,3790.65,20.53,19.91,19.83,0.88,increased,AC health issue increased consumption,61,56,17.05,0,sick,94,High usage detected!,Your pet is suffering because heavy usage or a faulty appliance is stressing the home.,0,Recovery Mode,4,3,sudden_spike|pet_suffering|ac_fault|iron_fault,replace_ac_efficient_model|replace_iron_efficient_model|shift_usage_to_morning,Highest usage is during 6 PM-8 PM. Shift ironing or cooling to morning to save cost.,You can improve efficiency by cutting AC usage by 1 hour.,Your appliance mix is stable today.,0.23,0.19,0.25,0.24,0.22,0.4,0.73,1.06,0.92,0.7,0.66,0.63,0.73,0.69,0.59,0.63,0.82,1.07,1.39,1.52,1.4,0.97,0.72,0.44,1578,8.8,5,good,yes,13.89,83.34,85.2,1,9.0,12,12.1,4,good,yes,0.15,0.9,0.9,0,1.6,1138,1.8,6,good,no,2.05,12.3,12.6,1,2.2,45,4.6,5,good,yes,0.21,1.26,1.3,0,1.1
2026-08-30,Sunday,August,0.941,1,medium,24.7,1.9,0,20.71,1.48,7 PM,6 PM-8 PM,0.86,124.26,3727.8,4108.05,20.73,20.79,19.98,-0.08,decreased,AC health issue increased consumption,61,57,16.98,0.07,sick,94,High usage detected!,Your pet is suffering because heavy usage or a faulty appliance is stressing the home.,0,Recovery Mode,7,5,sudden_spike|pet_suffering|ac_fault|fan_fault|iron_fault|tv_fault|phantom_load_tv,replace_ac_efficient_model|replace_fan_efficient_model|replace_iron_efficient_model|replace_tv_efficient_model|shift_usage_to_morning,Highest usage is during 6 PM-8 PM. Shift ironing or cooling to morning to save cost.,You can improve efficiency by cutting AC usage by 1 hour.,TV standby may be wasting power,0.25,0.21,0.25,0.16,0.23,0.39,0.68,1.04,0.97,0.64,0.63,0.65,0.79,0.7,0.69,0.73,0.81,0.96,1.36,1.48,1.4,0.91,0.69,0.5,1504,8.9,5,good,yes,13.39,80.34,81.9,1,9.0,10,11.5,4,good,no,0.12,0.72,0.7,1,1.6,1276,2.1,6,good,yes,2.68,16.08,16.4,1,2.2,29,5.2,5,standby,no,0.15,0.9,0.9,1,1.1
2026-08-31,Monday,August,0.938,0,medium,28.7,1.3,1,16.88,1.34,7 PM,6 PM-8 PM,0.7,101.28,3038.4,3266.8,18.03,20.71,19.95,-3.83,decreased,AC health issue increased consumption,75,75,13.84,3.14,sick,94,High usage detected!,Your pet is suffering because heavy usage or a faulty appliance is stressing the home.,0,Steady Guardian,6,5,sudden_spike|pet_suffering|ac_fault|fan_fault|iron_fault|phantom_load_tv,replace_ac_efficient_model|replace_fan_efficient_model|replace_iron_efficient_model|saving_mode_optimizations|shift_usage_to_morning,Highest usage is during 6 PM-8 PM. Shift ironing or cooling to morning to save cost.,Saving mode is active. Prioritize fans over AC and switch off standby loads.,TV standby may be wasting power,0.14,0.14,0.14,0.14,0.14,0.28,0.5,0.82,0.82,0.53,0.45,0.53,0.6,0.55,0.48,0.45,0.66,0.88,1.2,1.34,1.15,0.79,0.61,0.36,1514,7.4,5,good,yes,11.2,67.2,77.5,1,9.0,9,11.5,4,slow,no,0.1,0.6,0.7,1,1.6,1311,1.8,6,good,yes,2.36,14.16,16.3,1,2.2,157,5.0,5,standby,yes,0.79,4.74,5.5,0,1.1
2026-09-01,Tuesday,September,0.935,0,low,29.3,2.5,1,16.9,1.33,7 PM,6 PM-8 PM,0.7,101.4,3042.0,3101.57,16.89,16.88,19.47,0.02,increased,AC health issue increased consumption,75,71,13.86,0,sick,94,High usage detected!,Your pet is suffering because heavy usage or a faulty appliance is stressing the home.,0,Steady Guardian,4,4,sudden_spike|pet_suffering|ac_fault|iron_fault,replace_ac_efficient_model|replace_iron_efficient_model|saving_mode_optimizations|shift_usage_to_morning,Highest usage is during 6 PM-8 PM. Shift ironing or cooling to morning to save cost.,Saving mode is active. Prioritize fans over AC and switch off standby loads.,Your appliance mix is stable today.,0.14,0.14,0.14,0.14,0.14,0.28,0.51,0.86,0.81,0.51,0.4,0.54,0.54,0.55,0.51,0.55,0.67,0.84,1.18,1.33,1.19,0.84,0.53,0.35,1501,8.3,5,good,yes,12.46,74.76,85.4,1,9.0,8,11.8,4,good,yes,0.09,0.54,0.6,0,1.6,1279,1.1,6,good,no,1.41,8.46,9.7,1,2.2,153,4.1,5,good,yes,0.63,3.78,4.3,0,1.1
2026-09-02,Wednesday,September,0.932,0,high,30.6,2.9,0,21.07,1.44,7 PM,6 PM-8 PM,0.88,126.42,3792.6,4130.84,19.82,16.9,19.59,4.17,increased,AC health issue increased consumption,60,52,17.28,0,sick,94,High usage detected!,Your pet is suffering because heavy usage or a faulty appliance is stressing the home.,0,Recovery Mode,3,3,pet_suffering|ac_fault|fan_fault,replace_ac_efficient_model|replace_fan_efficient_model|shift_usage_to_morning,Highest usage is during 6 PM-8 PM. Shift ironing or cooling to morning to save cost.,You can improve efficiency by cutting AC usage by 1 hour.,Your appliance mix is stable today.,0.29,0.28,0.15,0.24,0.22,0.39,0.68,1.09,0.89,0.69,0.59,0.59,0.72,0.67,0.6,0.65,0.8,1.01,1.38,1.44,1.37,1.0,0.77,0.49,1506,8.9,5,good,yes,13.4,80.4,72.4,1,9.0,187,12.5,4,good,yes,2.34,14.04,12.6,1,1.6,1207,1.7,6,good,yes,2.05,12.3,11.1,0,2.2,129,5.5,5,good,yes,0.71,4.26,3.8,0,1.1
2026-09-03,Thursday,September,0.929,0,high,27.2,1.3,0,20.46,1.44,7 PM,6 PM-8 PM,0.85,122.76,3682.8,3863.47,20.64,21.07,19.53,-0.61,decreased,AC health issue increased consumption,62,59,16.78,0.5,tired,64,"Usage rising, reduce load",Your pet is tired. A little saving today will help it recover.,0,Recovery Mode,2,2,sudden_spike|ac_fault,replace_ac_efficient_model|shift_usage_to_morning,Highest usage is during 6 PM-8 PM. Shift ironing or cooling to morning to save cost.,You can improve efficiency by cutting AC usage by 1 hour.,Your appliance mix is stable today.,0.23,0.28,0.21,0.19,0.28,0.41,0.68,1.08,0.94,0.71,0.57,0.69,0.71,0.7,0.6,0.72,0.81,0.98,1.36,1.44,1.31,0.92,0.69,0.47,1617,8.1,5,good,no,13.1,78.6,82.7,1,9.0,77,13.1,4,good,yes,1.01,6.06,6.4,0,1.6,1233,1.0,6,good,yes,1.23,7.38,7.8,0,2.2,139,3.6,5,good,yes,0.5,3.0,3.2,0,1.1
2026-09-04,Friday,September,0.926,0,high,23.3,0.1,0,19.79,1.52,7 PM,6 PM-8 PM,0.82,118.74,3562.2,3501.26,19.99,20.46,19.51,-0.67,decreased,AC health issue increased consumption,65,62,16.23,0.55,sick,94,High usage detected!,Your pet is suffering because heavy usage or a faulty appliance is stressing the home.,0,Recovery Mode,4,3,sudden_spike|pet_suffering|ac_fault|fan_fault,replace_ac_efficient_model|replace_fan_efficient_model|shift_usage_to_morning,Highest usage is during 6 PM-8 PM. Shift ironing or cooling to morning to save cost.,You can improve efficiency by cutting AC usage by 1 hour.,Your appliance mix is stable today.,0.24,0.17,0.17,0.23,0.22,0.42,0.66,1.04,0.9,0.66,0.55,0.59,0.68,0.7,0.67,0.67,0.72,1.03,1.3,1.52,1.3,0.92,0.73,0.5,1510,7.9,5,noise,no,11.93,71.58,82.0,1,9.0,14,12.2,4,noise,no,0.17,1.02,1.2,1,1.6,1203,1.3,6,good,yes,1.56,9.36,10.7,0,2.2,194,4.6,5,good,yes,0.89,5.34,6.1,0,1.1
2026-09-05,Saturday,September,0.923,1,medium,25.2,3.9,0,20.05,1.47,7 PM,6 PM-8 PM,0.84,120.3,3609.0,3737.38,19.97,19.79,19.41,0.26,increased,AC health issue increased consumption,64,60,16.44,0,sick,94,High usage detected!,Your pet is suffering because heavy usage or a faulty appliance is stressing the home.,0,Recovery Mode,6,4,sudden_spike|pet_suffering|ac_fault|fan_fault|iron_fault|phantom_load_tv,replace_ac_efficient_model|replace_fan_efficient_model|replace_iron_efficient_model|shift_usage_to_morning,Highest usage is during 6 PM-8 PM. Shift ironing or cooling to morning to save cost.,You can improve efficiency by cutting AC usage by 1 hour.,TV standby may be wasting power,0.29,0.24,0.16,0.22,0.19,0.29,0.66,0.97,0.87,0.63,0.52,0.57,0.68,0.67,0.63,0.66,0.77,1.02,1.3,1.47,1.32,0.87,0.71,0.44,1439,9.0,5,good,yes,12.95,77.7,73.0,1,9.0,139,12.2,4,good,yes,1.7,10.2,9.6,1,1.6,1260,2.2,6,good,yes,2.77,16.62,15.6,1,2.2,51,6.5,5,standby,yes,0.33,1.98,1.9,0,1.1
2026-09-06,Sunday,September,0.921,1,medium,24.7,0.2,0,20.5,1.52,7 PM,6 PM-8 PM,0.85,123.0,3690.0,3613.71,20.36,20.05,19.38,0.45,increased,AC health issue increased consumption,62,58,16.81,0,sick,94,High usage detected!,Your pet is suffering because heavy usage or a faulty appliance is stressing the home.,0,Recovery Mode,5,3,sudden_spike|pet_suffering|ac_fault|fan_fault|phantom_load_tv,replace_ac_efficient_model|replace_fan_efficient_model|shift_usage_to_morning,Highest usage is during 6 PM-8 PM. Shift ironing or cooling to morning to save cost.,You can improve efficiency by cutting AC usage by 1 hour.,TV standby may be wasting power,0.31,0.2,0.24,0.25,0.22,0.36,0.76,1.04,0.93,0.7,0.59,0.58,0.73,0.62,0.61,0.65,0.74,1.03,1.31,1.52,1.38,0.99,0.68,0.5,1592,8.0,5,overheat,no,12.74,76.44,78.7,1,9.0,82,11.7,4,noise,no,0.96,5.76,5.9,1,1.6,1267,1.6,6,good,yes,2.03,12.18,12.5,0,2.2,70,6.6,5,standby,yes,0.46,2.76,2.8,0,1.1
2026-09-07,Monday,September,0.918,0,medium,24.6,2.1,0,20.51,1.54,7 PM,6 PM-8 PM,0.85,123.06,3691.8,4073.15,20.51,20.5,19.9,0.01,increased,AC health issue increased consumption,62,58,16.82,0,tired,64,"Usage rising, reduce load",Your pet is tired. A little saving today will help it recover.,0,Recovery Mode,3,2,sudden_spike|ac_fault|phantom_load_tv,replace_ac_efficient_model|shift_usage_to_morning,Highest usage is during 6 PM-8 PM. Shift ironing or cooling to morning to save cost.,You can improve efficiency by cutting AC usage by 1 hour.,TV standby may be wasting power,0.29,0.18,0.15,0.18,0.27,0.44,0.65,1.06,0.98,0.69,0.58,0.62,0.73,0.7,0.58,0.7,0.82,1.0,1.35,1.54,1.27,0.96,0.69,0.44,1524,8.1,5,good,yes,12.34,74.04,74.6,1,9.0,106,11.7,4,good,yes,1.24,7.44,7.5,0,1.6,1154,1.7,6,good,yes,1.96,11.76,11.9,0,2.2,170,5.9,5,standby,yes,1.0,6.0,6.0,0,1.1
2026-09-08,Tuesday,September,0.915,0,medium,27.7,0.7,0,19.83,1.47,7 PM,6 PM-8 PM,0.83,118.98,3569.4,3442.24,20.03,20.51,20.32,-0.68,decreased,AC health issue increased consumption,65,62,16.26,0.56,sick,94,High usage detected!,Your pet is suffering because heavy usage or a faulty appliance is stressing the home.,0,Recovery Mode,7,5,sudden_spike|pet_suffering|ac_fault|fan_fault|iron_fault|tv_fault|phantom_load_tv,replace_ac_efficient_model|replace_fan_efficient_model|replace_iron_efficient_model|replace_tv_efficient_model|shift_usage_to_morning,Highest usage is during 6 PM-8 PM. Shift ironing or cooling to morning to save cost.,You can improve efficiency by cutting AC usage by 1 hour.,TV standby may be wasting power,0.22,0.25,0.17,0.22,0.21,0.37,0.64,1.01,0.93,0.64,0.65,0.61,0.71,0.7,0.68,0.59,0.82,1.03,1.36,1.47,1.29,0.98,0.68,0.43,1462,6.8,5,good,yes,9.94,59.64,68.9,1,9.0,107,11.5,4,good,no,1.23,7.38,8.5,1,1.6,1186,2.4,6,good,yes,2.85,17.1,19.8,1,2.2,79,5.2,5,standby,no,0.41,2.46,2.8,1,1.1
2026-09-09,Wednesday,September,0.912,0,high,29.6,1.3,0,20.27,1.44,7 PM,6 PM-8 PM,0.84,121.62,3648.6,3561.29,20.14,19.83,20.2,0.44,increased,AC health issue increased consumption,63,59,16.62,0,tired,64,"Usage rising, reduce load",Your pet is tired. A little saving today will help it recover.,0,Recovery Mode,3,2,sudden_spike|ac_fault|phantom_load_tv,replace_ac_efficient_model|shift_usage_to_morning,Highest usage is during 6 PM-8 PM. Shift ironing or cooling to morning to save cost.,You can improve efficiency by cutting AC usage by 1 hour.,TV standby may be wasting power,0.26,0.18,0.2,0.23,0.23,0.35,0.75,1.0,0.92,0.59,0.59,0.68,0.75,0.72,0.57,0.69,0.77,0.94,1.29,1.44,1.34,0.99,0.74,0.48,1476,8.3,5,good,yes,12.25,73.5,75.6,1,9.0,124,11.8,4,good,yes,1.46,8.76,9.0,0,1.6,1308,1.1,6,good,yes,1.44,8.64,8.9,0,2.2,200,5.3,5,standby,yes,1.06,6.36,6.5,0,1.1
2026-09-10,Thursday,September,0.91,0,high,23.9,1.7,0,19.9,1.47,7 PM,6 PM-8 PM,0.83,119.4,3582.0,3781.36,20.01,20.27,20.12,-0.37,decreased,AC health issue increased consumption,64,60,16.32,0.3,sick,94,High usage detected!,Your pet is suffering because heavy usage or a faulty appliance is stressing the home.,0,Recovery Mode,4,3,sudden_spike|pet_suffering|ac_fault|iron_fault,replace_ac_efficient_model|replace_iron_efficient_model|shift_usage_to_morning,Highest usage is during 6 PM-8 PM. Shift ironing or cooling to morning to save cost.,You can improve efficiency by cutting AC usage by 1 hour.,Your appliance mix is stable today.,0.2,0.23,0.14,0.15,0.23,0.43,0.71,0.98,0.88,0.67,0.62,0.6,0.68,0.71,0.67,0.69,0.79,0.92,1.28,1.47,1.28,0.89,0.69,0.42,1517,8.1,5,good,yes,12.29,73.74,75.6,1,9.0,84,12.2,4,good,yes,1.02,6.12,6.3,0,1.6,1166,2.1,6,good,yes,2.45,14.7,15.1,1,2.2,94,5.2,5,good,yes,0.49,2.94,3.0,0,1.1
2026-09-11,Friday,September,0.907,0,low,26.7,0,1,16.05,1.28,7 PM,6 PM-8 PM,0.67,96.3,2889.0,2962.87,17.2,19.9,19.59,-3.85,decreased,AC health issue increased consumption,78,78,13.16,3.16,sick,94,High usage detected!,Your pet is suffering because heavy usage or a faulty appliance is stressing the home.,0,Steady Guardian,4,4,sudden_spike|pet_suffering|ac_fault|iron_fault,replace_ac_efficient_model|replace_iron_efficient_model|saving_mode_optimizations|shift_usage_to_morning,Highest usage is during 6 PM-8 PM. Shift ironing or cooling to morning to save cost.,Saving mode is active. Prioritize fans over AC and switch off standby loads.,Your appliance mix is stable today.,0.14,0.14,0.14,0.14,0.14,0.19,0.55,0.8,0.76,0.45,0.38,0.49,0.58,0.54,0.45,0.52,0.6,0.81,1.13,1.28,1.15,0.81,0.57,0.23,1617,7.3,5,good,yes,11.8,70.8,84.7,1,9.0,100,11.9,4,good,yes,1.19,7.14,8.5,0,1.6,1222,0.5,6,good,no,0.61,3.66,4.4,1,2.2,76,4.4,5,good,yes,0.33,1.98,2.4,0,1.1
2026-09-12,Saturday,September,0.904,1,high,23.9,1.3,0,18.65,1.42,7 PM,6 PM-8 PM,0.78,111.9,3357.0,3625.51,17.87,16.05,19.39,2.6,increased,AC health issue increased consumption,69,62,15.29,0,tired,64,"Usage rising, reduce load",Your pet is tired. A little saving today will help it recover.,0,Recovery Mode,3,2,sudden_spike|ac_fault|phantom_load_tv,replace_ac_efficient_model|shift_usage_to_morning,Highest usage is during 6 PM-8 PM. Shift ironing or cooling to morning to save cost.,You can improve efficiency by cutting AC usage by 1 hour.,TV standby may be wasting power,0.27,0.17,0.2,0.24,0.19,0.36,0.72,0.98,0.9,0.67,0.54,0.57,0.68,0.66,0.67,0.68,0.75,1.0,1.3,1.42,1.29,0.91,0.7,0.41,1423,6.5,5,good,no,9.25,55.5,86.0,1,9.0,21,12.2,4,good,yes,0.26,1.56,2.4,0,1.6,1130,0.7,6,good,yes,0.79,4.74,7.3,0,2.2,78,5.9,5,standby,yes,0.46,2.76,4.3,0,1.1
2026-09-13,Sunday,September,0.902,1,medium,28.7,1.8,0,19.22,1.4,7 PM,6 PM-8 PM,0.8,115.32,3459.6,3527.54,19.05,18.65,19.2,0.57,increased,AC health issue increased consumption,67,62,15.76,0,sick,94,High usage detected!,Your pet is suffering because heavy usage or a faulty appliance is stressing the home.,0,Recovery Mode,4,3,sudden_spike|pet_suffering|ac_fault|tv_fault,replace_ac_efficient_model|replace_tv_efficient_model|shift_usage_to_morning,Highest usage is during 6 PM-8 PM. Shift ironing or cooling to morning to save cost.,You can improve efficiency by cutting AC usage by 1 hour.,Your appliance mix is stable today.,0.21,0.25,0.17,0.14,0.19,0.4,0.72,0.99,0.86,0.67,0.6,0.58,0.74,0.69,0.58,0.65,0.74,0.95,1.32,1.4,1.27,0.88,0.67,0.46,1540,7.4,5,good,yes,11.4,68.4,81.1,1,9.0,51,13.4,4,good,yes,0.68,4.08,4.8,0,1.6,1243,1.0,6,good,yes,1.24,7.44,8.8,0,2.2,149,4.9,5,good,no,0.73,4.38,5.2,1,1.1
2026-09-14,Monday,September,0.899,0,medium,24.0,1.4,0,19.53,1.45,7 PM,6 PM-8 PM,0.81,117.18,3515.4,3686.84,19.44,19.22,19.06,0.31,increased,AC health issue increased consumption,66,62,16.01,0,sick,94,High usage detected!,Your pet is suffering because heavy usage or a faulty appliance is stressing the home.,0,Recovery Mode,4,3,sudden_spike|pet_suffering|ac_fault|fan_fault,replace_ac_efficient_model|replace_fan_efficient_model|shift_usage_to_morning,Highest usage is during 6 PM-8 PM. Shift ironing or cooling to morning to save cost.,You can improve efficiency by cutting AC usage by 1 hour.,Your appliance mix is stable today.,0.28,0.21,0.2,0.14,0.22,0.33,0.7,0.95,0.92,0.59,0.64,0.63,0.66,0.64,0.65,0.64,0.8,1.0,1.26,1.45,1.29,0.95,0.73,0.39,1596,7.9,5,good,yes,12.61,75.66,85.1,1,9.0,-4,11.6,4,good,no,-0.05,-0.3,-0.3,1,1.6,1245,1.2,6,good,yes,1.49,8.94,10.1,0,2.2,186,4.1,5,good,yes,0.76,4.56,5.1,0,1.1
2026-09-15,Tuesday,September,0.897,0,low,28.1,2.1,0,19.49,1.47,7 PM,6 PM-8 PM,0.81,116.94,3508.2,3927.04,19.5,19.53,19.02,-0.04,decreased,AC health issue increased consumption,66,62,15.98,0.03,tired,64,"Usage rising, reduce load",Your pet is tired. A little saving today will help it recover.,0,Recovery Mode,2,2,sudden_spike|ac_fault,replace_ac_efficient_model|shift_usage_to_morning,Highest usage is during 6 PM-8 PM. Shift ironing or cooling to morning to save cost.,You can improve efficiency by cutting AC usage by 1 hour.,Your appliance mix is stable today.,0.24,0.16,0.15,0.14,0.24,0.32,0.65,1.04,0.87,0.67,0.58,0.63,0.71,0.61,0.65,0.63,0.69,0.92,1.37,1.47,1.34,0.89,0.67,0.49,1564,8.1,5,good,no,12.67,76.02,82.9,1,9.0,47,13.0,4,good,yes,0.61,3.66,4.0,0,1.6,1215,1.2,6,good,yes,1.46,8.76,9.5,0,2.2,138,4.0,5,good,yes,0.55,3.3,3.6,0,1.1
2026-09-16,Wednesday,September,0.894,0,medium,27.8,3.5,0,18.29,1.46,7 PM,6 PM-8 PM,0.76,109.74,3292.2,3334.42,18.65,19.49,18.73,-1.2,decreased,AC health issue increased consumption,70,67,15.0,0.98,sick,94,High usage detected!,Your pet is suffering because heavy usage or a faulty appliance is stressing the home.,0,Steady Guardian,4,3,sudden_spike|pet_suffering|ac_fault|fan_fault,replace_ac_efficient_model|replace_fan_efficient_model|shift_usage_to_morning,Highest usage is during 6 PM-8 PM. Shift ironing or cooling to morning to save cost.,You can improve efficiency by cutting AC usage by 1 hour.,Your appliance mix is stable today.,0.21,0.14,0.14,0.22,0.19,0.3,0.67,0.96,0.86,0.54,0.55,0.55,0.66,0.63,0.55,0.62,0.77,0.91,1.32,1.46,1.27,0.86,0.67,0.4,1485,7.9,5,good,yes,11.73,70.38,91.0,1,9.0,46,11.1,4,good,no,0.51,3.06,4.0,1,1.6,1191,0.3,6,good,yes,0.36,2.16,2.8,0,2.2,52,5.6,5,good,yes,0.29,1.74,2.2,0,1.1
2026-09-17,Thursday,September,0.892,0,medium,28.2,1.8,0,19.86,1.42,7 PM,6 PM-8 PM,0.83,119.16,3574.8,3712.13,19.39,18.29,18.73,1.57,increased,AC health issue increased consumption,65,59,16.29,0,sick,94,High usage detected!,Your pet is suffering because heavy usage or a faulty appliance is stressing the home.,0,Recovery Mode,5,4,sudden_spike|pet_suffering|ac_fault|fan_fault|iron_fault,replace_ac_efficient_model|replace_fan_efficient_model|replace_iron_efficient_model|shift_usage_to_morning,Highest usage is during 6 PM-8 PM. Shift ironing or cooling to morning to save cost.,You can improve efficiency by cutting AC usage by 1 hour.,Your appliance mix is stable today.,0.31,0.24,0.21,0.24,0.21,0.31,0.65,0.95,0.96,0.64,0.54,0.61,0.64,0.6,0.66,0.59,0.79,0.95,1.3,1.42,1.32,0.88,0.67,0.47,1600,7.6,6,good,yes,12.16,72.96,72.2,1,9.0,128,11.7,5,good,no,1.5,9.0,8.9,1,1.6,1174,2.3,7,good,yes,2.7,16.2,16.0,1,2.2,91,5.3,6,good,yes,0.48,2.88,2.9,0,1.1
2026-09-18,Friday,September,0.889,0,medium,26.5,3.2,0,19.12,1.46,7 PM,6 PM-8 PM,0.8,114.72,3441.6,3785.73,19.34,19.86,19.17,-0.74,decreased,AC health issue increased consumption,67,64,15.68,0.61,sick,94,High usage detected!,Your pet is suffering because heavy usage or a faulty appliance is stressing the home.,0,Recovery Mode,5,4,sudden_spike|pet_suffering|ac_fault|fan_fault|iron_fault,replace_ac_efficient_model|replace_fan_efficient_model|replace_iron_efficient_model|shift_usage_to_morning,Highest usage is during 6 PM-8 PM. Shift ironing or cooling to morning to save cost.,You can improve efficiency by cutting AC usage by 1 hour.,Your appliance mix is stable today.,0.18,0.23,0.21,0.19,0.19,0.33,0.66,1.0,0.93,0.56,0.53,0.64,0.73,0.58,0.56,0.56,0.73,0.91,1.32,1.46,1.26,0.82,0.63,0.42,1584,7.6,6,good,no,12.04,72.24,75.9,1,9.0,59,11.6,5,good,no,0.68,4.08,4.3,1,1.6,1127,2.0,7,good,yes,2.25,13.5,14.2,1,2.2,175,5.1,6,good,yes,0.89,5.34,5.6,0,1.1
2026-09-19,Saturday,September,0.887,1,low,28.0,0,0,19.46,1.48,7 PM,6 PM-8 PM,0.81,116.76,3502.8,3387.63,19.36,19.12,19.28,0.34,increased,AC health issue increased consumption,66,62,15.96,0,sick,94,High usage detected!,Your pet is suffering because heavy usage or a faulty appliance is stressing the home.,0,Recovery Mode,5,3,sudden_spike|pet_suffering|ac_fault|iron_fault|phantom_load_tv,replace_ac_efficient_model|replace_iron_efficient_model|shift_usage_to_morning,Highest usage is during 6 PM-8 PM. Shift ironing or cooling to morning to save cost.,You can improve efficiency by cutting AC usage by 1 hour.,TV standby may be wasting power,0.23,0.23,0.22,0.21,0.2,0.41,0.62,1.02,0.86,0.61,0.6,0.59,0.74,0.62,0.65,0.65,0.77,0.94,1.32,1.48,1.33,0.86,0.74,0.46,1513,7.7,6,good,yes,11.65,69.9,82.7,1,9.0,98,11.9,5,good,yes,1.17,7.02,8.3,0,1.6,1135,0.5,7,good,yes,0.57,3.42,4.0,1,2.2,148,4.7,6,standby,yes,0.7,4.2,5.0,0,1.1
2026-09-20,Sunday,September,0.884,1,low,25.2,0,0,19.43,1.48,7 PM,6 PM-8 PM,0.81,116.58,3497.4,3409.22,19.44,19.46,19.31,-0.03,decreased,AC health issue increased consumption,66,62,15.93,0.02,sick,94,High usage detected!,Your pet is suffering because heavy usage or a faulty appliance is stressing the home.,0,Recovery Mode,4,3,sudden_spike|pet_suffering|ac_fault|iron_fault,replace_ac_efficient_model|replace_iron_efficient_model|shift_usage_to_morning,Highest usage is during 6 PM-8 PM. Shift ironing or cooling to morning to save cost.,You can improve efficiency by cutting AC usage by 1 hour.,Your appliance mix is stable today.,0.22,0.22,0.15,0.18,0.28,0.31,0.72,0.93,0.95,0.58,0.53,0.59,0.71,0.59,0.56,0.57,0.76,0.95,1.34,1.48,1.26,0.92,0.73,0.48,1611,8.4,6,overheat,no,13.53,81.18,87.1,1,9.0,40,11.6,5,good,yes,0.46,2.76,3.0,0,1.6,1225,0.9,7,good,no,1.1,6.6,7.1,1,2.2,65,6.8,6,good,yes,0.44,2.64,2.8,0,1.1
2026-09-21,Monday,September,0.882,0,high,24.7,0.4,0,19.02,1.39,7 PM,6 PM-8 PM,0.79,114.12,3423.6,3341.55,19.14,19.43,19.24,-0.41,decreased,AC health issue increased consumption,68,64,15.6,0.34,sick,94,High usage detected!,Your pet is suffering because heavy usage or a faulty appliance is stressing the home.,0,Recovery Mode,4,3,sudden_spike|pet_suffering|ac_fault|iron_fault,replace_ac_efficient_model|replace_iron_efficient_model|shift_usage_to_morning,Highest usage is during 6 PM-8 PM. Shift ironing or cooling to morning to save cost.,You can improve efficiency by cutting AC usage by 1 hour.,Your appliance mix is stable today.,0.25,0.25,0.22,0.15,0.29,0.37,0.63,0.99,0.96,0.61,0.59,0.63,0.67,0.62,0.66,0.63,0.77,0.92,1.29,1.39,1.24,0.87,0.73,0.43,1581,6.9,6,good,no,10.91,65.46,84.1,1,9.0,90,12.3,5,good,yes,1.11,6.66,8.6,0,1.6,1128,0.6,7,slow,no,0.68,4.08,5.2,1,2.2,60,4.6,6,good,yes,0.28,1.68,2.2,0,1.1
2026-09-22,Tuesday,September,0.88,0,low,25.6,3.9,1,15.22,1.24,7 PM,6 PM-8 PM,0.63,91.32,2739.6,2981.34,16.36,19.02,18.63,-3.8,decreased,AC health issue increased consumption,81,81,12.48,3.12,sick,94,High usage detected!,Your pet is suffering because heavy usage or a faulty appliance is stressing the home.,0,Steady Guardian,4,4,sudden_spike|pet_suffering|ac_fault|iron_fault,replace_ac_efficient_model|replace_iron_efficient_model|saving_mode_optimizations|shift_usage_to_morning,Highest usage is during 6 PM-8 PM. Shift ironing or cooling to morning to save cost.,Saving mode is active. Prioritize fans over AC and switch off standby loads.,Your appliance mix is stable today.,0.14,0.14,0.14,0.14,0.14,0.17,0.45,0.81,0.72,0.42,0.37,0.36,0.56,0.42,0.46,0.49,0.5,0.75,1.07,1.24,1.09,0.67,0.45,0.22,1572,8.9,6,good,yes,13.99,83.94,93.1,1,9.0,45,13.3,5,good,yes,0.6,3.6,4.0,0,1.6,1155,0.2,7,good,yes,0.23,1.38,1.5,1,2.2,33,6.0,6,good,yes,0.2,1.2,1.3,0,1.1
2026-09-23,Wednesday,September,0.877,0,low,25.5,1.5,1,15.42,1.25,7 PM,6 PM-8 PM,0.64,92.52,2775.6,2763.03,15.36,15.22,18.22,0.2,increased,AC health issue increased consumption,80,76,12.64,0,sick,94,High usage detected!,Your pet is suffering because heavy usage or a faulty appliance is stressing the home.,0,Steady Guardian,4,4,sudden_spike|pet_suffering|ac_fault|iron_fault,replace_ac_efficient_model|replace_iron_efficient_model|saving_mode_optimizations|shift_usage_to_morning,Highest usage is during 6 PM-8 PM. Shift ironing or cooling to morning to save cost.,Saving mode is active. Prioritize fans over AC and switch off standby loads.,Your appliance mix is stable today.,0.14,0.14,0.14,0.14,0.14,0.24,0.5,0.84,0.69,0.46,0.44,0.39,0.49,0.43,0.44,0.45,0.54,0.78,1.11,1.25,1.08,0.79,0.5,0.25,1454,7.4,6,good,yes,10.76,64.56,77.6,1,9.0,67,13.0,5,good,yes,0.87,5.22,6.3,0,1.6,1228,1.4,7,good,yes,1.72,10.32,12.4,1,2.2,108,4.8,6,good,yes,0.52,3.12,3.7,0,1.1
2026-09-24,Thursday,September,0.875,0,low,24.7,0,0,19.46,1.46,7 PM,6 PM-8 PM,0.81,116.76,3502.8,3815.04,18.25,15.42,18.16,4.04,increased,AC health issue increased consumption,66,58,15.96,0,sick,94,High usage detected!,Your pet is suffering because heavy usage or a faulty appliance is stressing the home.,0,Recovery Mode,6,4,sudden_spike|pet_suffering|ac_fault|fan_fault|iron_fault|phantom_load_tv,replace_ac_efficient_model|replace_fan_efficient_model|replace_iron_efficient_model|shift_usage_to_morning,Highest usage is during 6 PM-8 PM. Shift ironing or cooling to morning to save cost.,You can improve efficiency by cutting AC usage by 1 hour.,TV standby may be wasting power,0.26,0.24,0.24,0.2,0.19,0.32,0.63,0.96,0.87,0.63,0.56,0.58,0.68,0.68,0.54,0.68,0.73,0.9,1.31,1.46,1.26,0.84,0.7,0.38,1523,8.5,6,overheat,no,12.95,77.7,78.6,1,9.0,170,12.0,5,good,yes,2.04,12.24,12.4,1,1.6,1291,0.8,7,good,yes,1.03,6.18,6.3,1,2.2,97,4.6,6,standby,yes,0.45,2.7,2.7,0,1.1
2026-09-25,Friday,September,0.873,0,medium,29.0,0.1,0,18.65,1.46,7 PM,6 PM-8 PM,0.78,111.9,3357.0,3435.53,18.89,19.46,18.09,-0.81,decreased,AC health issue increased consumption,69,66,15.29,0.66,sick,94,High usage detected!,Your pet is suffering because heavy usage or a faulty appliance is stressing the home.,0,Recovery Mode,5,4,sudden_spike|pet_suffering|ac_fault|fan_fault|iron_fault,replace_ac_efficient_model|replace_fan_efficient_model|replace_iron_efficient_model|shift_usage_to_morning,Highest usage is during 6 PM-8 PM. Shift ironing or cooling to morning to save cost.,You can improve efficiency by cutting AC usage by 1 hour.,Your appliance mix is stable today.,0.27,0.25,0.25,0.14,0.2,0.35,0.69,1.01,0.84,0.55,0.62,0.63,0.66,0.64,0.61,0.66,0.73,0.94,1.23,1.46,1.26,0.84,0.68,0.41,1528,7.2,6,good,yes,11.0,66.0,88.7,1,9.0,1,12.3,5,noise,no,0.01,0.06,0.1,1,1.6,1234,0.6,7,good,yes,0.74,4.44,6.0,1,2.2,172,3.8,6,good,yes,0.65,3.9,5.2,0,1.1
2026-09-26,Saturday,September,0.871,1,medium,22.7,3.6,1,15.52,1.27,7 PM,6 PM-8 PM,0.65,93.12,2793.6,2992.17,16.46,18.65,17.53,-3.13,decreased,AC health issue increased consumption,80,79,12.73,2.57,sick,94,High usage detected!,Your pet is suffering because heavy usage or a faulty appliance is stressing the home.,0,Steady Guardian,4,4,sudden_spike|pet_suffering|ac_fault|iron_fault,replace_ac_efficient_model|replace_iron_efficient_model|saving_mode_optimizations|shift_usage_to_morning,Highest usage is during 6 PM-8 PM. Shift ironing or cooling to morning to save cost.,Saving mode is active. Prioritize fans over AC and switch off standby loads.,Your appliance mix is stable today.,0.14,0.14,0.14,0.14,0.14,0.21,0.51,0.8,0.7,0.41,0.33,0.4,0.46,0.5,0.42,0.47,0.53,0.81,1.04,1.27,1.1,0.69,0.42,0.29,1485,8.2,6,good,yes,12.18,73.08,77.5,1,9.0,15,13.0,5,good,yes,0.2,1.2,1.3,0,1.6,1149,2.4,7,good,yes,2.76,16.56,17.6,1,2.2,97,5.9,6,good,yes,0.57,3.42,3.6,0,1.1
2026-09-27,Sunday,September,0.869,1,low,22.0,4.7,0,18.08,1.32,7 PM,6 PM-8 PM,0.75,108.48,3254.4,3401.36,17.31,15.52,17.34,2.56,increased,AC health issue increased consumption,71,64,14.83,0,sick,94,High usage detected!,Your pet is suffering because heavy usage or a faulty appliance is stressing the home.,0,Steady Guardian,5,4,sudden_spike|pet_suffering|ac_fault|iron_fault|tv_fault,replace_ac_efficient_model|replace_iron_efficient_model|replace_tv_efficient_model|shift_usage_to_morning,Highest usage is during 6 PM-8 PM. Shift ironing or cooling to morning to save cost.,You can improve efficiency by cutting AC usage by 1 hour.,Your appliance mix is stable today.,0.24,0.17,0.19,0.19,0.18,0.35,0.64,0.98,0.88,0.55,0.52,0.51,0.65,0.56,0.53,0.6,0.76,0.89,1.21,1.32,1.21,0.8,0.61,0.42,1537,7.9,6,good,yes,12.14,72.84,85.6,1,9.0,79,12.3,5,good,yes,0.97,5.82,6.8,0,1.6,1262,0.3,7,good,yes,0.38,2.28,2.7,1,2.2,108,6.4,6,good,no,0.69,4.14,4.9,1,1.1
2026-09-28,Monday,September,0.867,0,high,24.8,3.4,0,18.14,1.37,7 PM,6 PM-8 PM,0.76,108.84,3265.2,3605.02,18.12,18.08,17.21,0.06,increased,AC health issue increased consumption,71,67,14.87,0,sick,94,High usage detected!,Your pet is suffering because heavy usage or a faulty appliance is stressing the home.,0,Steady Guardian,5,4,sudden_spike|pet_suffering|ac_fault|fan_fault|iron_fault,replace_ac_efficient_model|replace_fan_efficient_model|replace_iron_efficient_model|shift_usage_to_morning,Highest usage is during 6 PM-8 PM. Shift ironing or cooling to morning to save cost.,You can improve efficiency by cutting AC usage by 1 hour.,Your appliance mix is stable today.,0.27,0.19,0.17,0.14,0.17,0.38,0.61,0.91,0.83,0.6,0.48,0.58,0.61,0.58,0.55,0.64,0.64,0.96,1.25,1.37,1.19,0.9,0.59,0.41,1451,6.6,6,good,no,9.58,57.48,67.5,1,9.0,141,11.6,5,good,yes,1.64,9.84,11.6,1,1.6,1316,1.8,7,good,yes,2.37,14.22,16.7,1,2.2,122,4.9,6,good,yes,0.6,3.6,4.2,0,1.1
2026-09-29,Tuesday,September,0.865,0,high,23.8,4.2,0,18.18,1.42,7 PM,6 PM-8 PM,0.76,109.08,3272.4,3388.59,18.17,18.14,17.64,0.04,increased,AC health issue increased consumption,71,67,14.91,0,sick,94,High usage detected!,Your pet is suffering because heavy usage or a faulty appliance is stressing the home.,0,Steady Guardian,5,4,sudden_spike|pet_suffering|ac_fault|fan_fault|iron_fault,replace_ac_efficient_model|replace_fan_efficient_model|replace_iron_efficient_model|shift_usage_to_morning,Highest usage is during 6 PM-8 PM. Shift ironing or cooling to morning to save cost.,You can improve efficiency by cutting AC usage by 1 hour.,Your appliance mix is stable today.,0.16,0.22,0.22,0.18,0.18,0.33,0.61,0.97,0.85,0.57,0.57,0.56,0.7,0.56,0.53,0.59,0.68,0.9,1.2,1.42,1.21,0.87,0.69,0.38,1582,6.4,6,good,yes,10.12,60.72,73.6,1,9.0,151,12.4,5,good,yes,1.87,11.22,13.6,1,1.6,1273,1.3,7,good,yes,1.65,9.9,12.0,1,2.2,25,4.3,6,good,yes,0.11,0.66,0.8,0,1.1
2026-09-30,Wednesday,September,0.863,0,high,27.5,4.1,0,17.9,1.36,7 PM,6 PM-8 PM,0.75,107.4,3222.0,3370.13,17.98,18.18,17.99,-0.28,decreased,AC health issue increased consumption,72,68,14.68,0.23,sick,94,High usage detected!,Your pet is suffering because heavy usage or a faulty appliance is stressing the home.,0,Steady Guardian,5,4,sudden_spike|pet_suffering|ac_fault|fan_fault|iron_fault,replace_ac_efficient_model|replace_fan_efficient_model|replace_iron_efficient_model|shift_usage_to_morning,Highest usage is during 6 PM-8 PM. Shift ironing or cooling to morning to save cost.,You can improve efficiency by cutting AC usage by 1 hour.,Your appliance mix is stable today.,0.2,0.18,0.14,0.2,0.2,0.35,0.59,0.92,0.87,0.54,0.49,0.51,0.6,0.61,0.55,0.6,0.69,0.87,1.2,1.36,1.24,0.89,0.67,0.44,1460,7.0,6,good,yes,10.22,61.32,75.3,1,9.0,12,10.9,5,good,no,0.13,0.78,1.0,1,1.6,1253,2.4,7,good,yes,3.01,18.06,22.2,1,2.2,38,5.5,6,good,yes,0.21,1.26,1.5,0,1.1
2026-10-01,Thursday,October,0.861,0,high,27.2,3.5,0,17.56,1.35,7 PM,6 PM-8 PM,0.73,105.36,3160.8,3164.81,17.66,17.9,17.72,-0.34,decreased,AC health issue increased consumption,73,69,14.4,0.28,sick,94,High usage detected!,Your pet is suffering because heavy usage or a faulty appliance is stressing the home.,0,Steady Guardian,4,3,sudden_spike|pet_suffering|ac_fault|iron_fault,replace_ac_efficient_model|replace_iron_efficient_model|shift_usage_to_morning,Highest usage is during 6 PM-8 PM. Shift ironing or cooling to morning to save cost.,You can improve efficiency by cutting AC usage by 1 hour.,Your appliance mix is stable today.,0.24,0.17,0.2,0.14,0.24,0.36,0.65,0.87,0.84,0.62,0.54,0.56,0.68,0.55,0.6,0.61,0.7,0.93,1.26,1.35,1.24,0.8,0.6,0.39,1487,6.6,6,good,yes,9.81,58.86,89.3,1,9.0,13,12.0,5,good,yes,0.16,0.96,1.5,0,1.6,1312,0.4,7,good,yes,0.52,3.12,4.7,1,2.2,95,5.3,6,good,yes,0.5,3.0,4.5,0,1.1
2026-10-02,Friday,October,0.859,0,low,22.6,2.3,0,18.63,1.4,7 PM,6 PM-8 PM,0.78,111.78,3353.4,3478.95,18.31,17.56,17.72,1.07,increased,AC health issue increased consumption,69,64,15.28,0,sick,94,High usage detected!,Your pet is suffering because heavy usage or a faulty appliance is stressing the home.,0,Recovery Mode,4,3,sudden_spike|pet_suffering|ac_fault|iron_fault,replace_ac_efficient_model|replace_iron_efficient_model|shift_usage_to_morning,Highest usage is during 6 PM-8 PM. Shift ironing or cooling to morning to save cost.,You can improve efficiency by cutting AC usage by 1 hour.,Your appliance mix is stable today.,0.21,0.19,0.17,0.16,0.29,0.31,0.67,0.95,0.87,0.58,0.59,0.62,0.64,0.6,0.57,0.63,0.66,0.89,1.24,1.4,1.22,0.9,0.69,0.48,1523,7.6,6,good,yes,11.57,69.42,82.0,1,9.0,83,12.5,5,good,yes,1.04,6.24,7.4,0,1.6,1248,0.6,7,good,yes,0.75,4.5,5.3,1,2.2,144,5.2,6,good,yes,0.75,4.5,5.3,0,1.1
2026-10-03,Saturday,October,0.857,1,low,24.5,3.0,0,19.34,1.34,7 PM,6 PM-8 PM,0.81,116.04,3481.2,3887.46,19.13,18.63,18.26,0.71,increased,AC health issue increased consumption,66,61,15.86,0,sick,94,High usage detected!,Your pet is suffering because heavy usage or a faulty appliance is stressing the home.,0,Recovery Mode,5,3,sudden_spike|pet_suffering|ac_fault|iron_fault|phantom_load_tv,replace_ac_efficient_model|replace_iron_efficient_model|shift_usage_to_morning,Highest usage is during 6 PM-8 PM. Shift ironing or cooling to morning to save cost.,You can improve efficiency by cutting AC usage by 1 hour.,TV standby may be wasting power,0.22,0.18,0.16,0.15,0.26,0.39,0.67,0.93,0.87,0.65,0.61,0.63,0.72,0.66,0.59,0.58,0.68,0.94,1.25,1.34,1.22,0.82,0.67,0.42,1609,7.7,6,good,no,12.39,74.34,73.0,1,9.0,109,12.3,5,good,yes,1.34,8.04,7.9,0,1.6,1185,2.4,7,good,no,2.84,17.04,16.7,1,2.2,82,4.9,6,standby,yes,0.4,2.4,2.4,0,1.1
2026-10-04,Sunday,October,0.855,1,low,27.3,2.2,0,18.96,1.33,7 PM,6 PM-8 PM,0.79,113.76,3412.8,3431.23,19.07,19.34,18.39,-0.38,decreased,AC health issue increased consumption,68,64,15.55,0.31,sick,94,High usage detected!,Your pet is suffering because heavy usage or a faulty appliance is stressing the home.,0,Recovery Mode,5,4,sudden_spike|pet_suffering|ac_fault|fan_fault|iron_fault,replace_ac_efficient_model|replace_fan_efficient_model|replace_iron_efficient_model|shift_usage_to_morning,Highest usage is during 6 PM-8 PM. Shift ironing or cooling to morning to save cost.,You can improve efficiency by cutting AC usage by 1 hour.,Your appliance mix is stable today.,0.29,0.16,0.16,0.14,0.2,0.38,0.65,0.9,0.92,0.54,0.59,0.54,0.67,0.62,0.58,0.56,0.73,0.94,1.23,1.33,1.23,0.92,0.68,0.41,1584,6.8,6,good,yes,10.77,64.62,66.1,1,9.0,152,12.8,5,good,yes,1.95,11.7,12.0,1,1.6,1184,2.3,7,good,yes,2.72,16.32,16.7,1,2.2,146,5.9,6,good,yes,0.86,5.16,5.3,0,1.1
2026-10-05,Monday,October,0.853,0,high,26.5,4.1,1,15.34,1.15,7 PM,6 PM-8 PM,0.64,92.04,2761.2,2920.3,16.43,18.96,17.99,-3.62,decreased,AC health issue increased consumption,81,81,12.58,2.97,sick,94,High usage detected!,Your pet is suffering because heavy usage or a faulty appliance is stressing the home.,0,Steady Guardian,5,5,sudden_spike|pet_suffering|ac_fault|fan_fault|iron_fault,replace_ac_efficient_model|replace_fan_efficient_model|replace_iron_efficient_model|saving_mode_optimizations|shift_usage_to_morning,Highest usage is during 6 PM-8 PM. Shift ironing or cooling to morning to save cost.,Saving mode is active. Prioritize fans over AC and switch off standby loads.,Your appliance mix is stable today.,0.14,0.14,0.14,0.14,0.14,0.22,0.51,0.76,0.66,0.46,0.36,0.36,0.43,0.42,0.37,0.47,0.52,0.75,1.07,1.15,1.08,0.71,0.43,0.23,1501,8.3,6,good,yes,12.46,74.76,74.6,1,9.0,170,11.6,5,good,yes,1.97,11.82,11.8,1,1.6,1266,1.5,7,good,yes,1.9,11.4,11.4,1,2.2,69,5.5,6,good,yes,0.38,2.28,2.3,0,1.1
2026-10-06,Tuesday,October,0.851,0,medium,29.2,5.3,0,17.8,1.41,7 PM,6 PM-8 PM,0.74,106.8,3204.0,3113.99,17.06,15.34,17.93,2.46,increased,AC health issue increased consumption,72,66,14.6,0,sick,94,High usage detected!,Your pet is suffering because heavy usage or a faulty appliance is stressing the home.,0,Steady Guardian,4,3,sudden_spike|pet_suffering|ac_fault|iron_fault,replace_ac_efficient_model|replace_iron_efficient_model|shift_usage_to_morning,Highest usage is during 6 PM-8 PM. Shift ironing or cooling to morning to save cost.,You can improve efficiency by cutting AC usage by 1 hour.,Your appliance mix is stable today.,0.24,0.15,0.21,0.15,0.24,0.3,0.57,0.9,0.82,0.6,0.52,0.55,0.63,0.58,0.58,0.56,0.74,0.87,1.26,1.41,1.24,0.78,0.65,0.35,1603,7.0,6,good,yes,11.22,67.32,85.2,1,9.0,1,11.7,5,good,yes,0.01,0.06,0.1,0,1.6,1203,1.3,7,good,yes,1.56,9.36,11.8,1,2.2,75,5.1,6,good,yes,0.38,2.28,2.9,0,1.1
2026-10-07,Wednesday,October,0.85,0,high,22.6,6.8,0,18.02,1.4,7 PM,6 PM-8 PM,0.75,108.12,3243.6,3583.58,17.95,17.8,17.95,0.22,increased,AC health issue increased consumption,71,67,14.78,0,sick,94,High usage detected!,Your pet is suffering because heavy usage or a faulty appliance is stressing the home.,0,Steady Guardian,5,4,sudden_spike|pet_suffering|ac_fault|fan_fault|iron_fault,replace_ac_efficient_model|replace_fan_efficient_model|replace_iron_efficient_model|shift_usage_to_morning,Highest usage is during 6 PM-8 PM. Shift ironing or cooling to morning to save cost.,You can improve efficiency by cutting AC usage by 1 hour.,Your appliance mix is stable today.,0.22,0.23,0.21,0.18,0.19,0.37,0.64,0.88,0.9,0.58,0.47,0.5,0.62,0.59,0.54,0.55,0.68,0.93,1.17,1.4,1.23,0.88,0.67,0.4,1566,6.8,6,overheat,no,10.65,63.9,78.3,1,9.0,137,12.2,5,good,yes,1.67,10.02,12.3,1,1.6,1125,0.2,7,good,yes,0.23,1.38,1.7,1,2.2,199,5.3,6,good,yes,1.05,6.3,7.7,0,1.1
2026-10-08,Thursday,October,0.848,0,medium,22.7,0,0,19.12,1.35,7 PM,6 PM-8 PM,0.8,114.72,3441.6,3541.24,18.79,18.02,18.17,1.1,increased,AC health issue increased consumption,67,62,15.68,0,sick,94,High usage detected!,Your pet is suffering because heavy usage or a faulty appliance is stressing the home.,0,Recovery Mode,6,5,sudden_spike|pet_suffering|ac_fault|fan_fault|iron_fault|tv_fault,replace_ac_efficient_model|replace_fan_efficient_model|replace_iron_efficient_model|replace_tv_efficient_model|shift_usage_to_morning,Highest usage is during 6 PM-8 PM. Shift ironing or cooling to morning to save cost.,You can improve efficiency by cutting AC usage by 1 hour.,Your appliance mix is stable today.,0.22,0.17,0.24,0.15,0.24,0.4,0.6,0.96,0.86,0.63,0.59,0.62,0.62,0.68,0.56,0.61,0.77,0.97,1.29,1.35,1.24,0.84,0.63,0.36,1439,7.8,6,good,yes,11.22,67.32,70.2,1,9.0,194,11.1,5,good,no,2.15,12.9,13.5,1,1.6,1142,1.3,7,good,yes,1.48,8.88,9.3,1,2.2,186,6.1,6,good,yes,1.13,6.78,7.1,1,1.1
2026-10-09,Friday,October,0.846,0,high,23.4,3.9,0,18.44,1.35,7 PM,6 PM-8 PM,0.77,110.64,3319.2,3297.32,18.64,19.12,18.15,-0.68,decreased,AC health issue increased consumption,70,67,15.12,0.56,sick,94,High usage detected!,Your pet is suffering because heavy usage or a faulty appliance is stressing the home.,0,Steady Guardian,5,4,sudden_spike|pet_suffering|ac_fault|fan_fault|iron_fault,replace_ac_efficient_model|replace_fan_efficient_model|replace_iron_efficient_model|shift_usage_to_morning,Highest usage is during 6 PM-8 PM. Shift ironing or cooling to morning to save cost.,You can improve efficiency by cutting AC usage by 1 hour.,Your appliance mix is stable today.,0.17,0.15,0.14,0.16,0.19,0.35,0.64,0.96,0.88,0.55,0.5,0.57,0.63,0.53,0.52,0.53,0.72,0.89,1.25,1.35,1.22,0.8,0.66,0.44,1603,8.6,6,good,no,13.79,82.74,83.4,1,9.0,47,11.6,5,good,no,0.55,3.3,3.3,1,1.6,1130,1.8,7,good,yes,2.03,12.18,12.3,1,2.2,37,4.4,6,good,yes,0.16,0.96,1.0,0,1.1
2026-10-10,Saturday,October,0.845,1,low,23.4,1.7,0,18.59,1.37,7 PM,6 PM-8 PM,0.77,111.54,3346.2,3265.93,18.55,18.44,18.04,0.15,increased,AC health issue increased consumption,69,65,15.24,0,sick,94,High usage detected!,Your pet is suffering because heavy usage or a faulty appliance is stressing the home.,0,Recovery Mode,5,4,sudden_spike|pet_suffering|ac_fault|fan_fault|iron_fault,replace_ac_efficient_model|replace_fan_efficient_model|replace_iron_efficient_model|shift_usage_to_morning,Highest usage is during 6 PM-8 PM. Shift ironing or cooling to morning to save cost.,You can improve efficiency by cutting AC usage by 1 hour.,Your appliance mix is stable today.,0.27,0.15,0.23,0.23,0.18,0.4,0.58,0.98,0.9,0.56,0.49,0.58,0.63,0.65,0.59,0.55,0.77,0.91,1.25,1.37,1.19,0.83,0.7,0.44,1511,8.3,6,good,yes,12.54,75.24,87.2,1,9.0,43,11.4,5,good,no,0.49,2.94,3.4,1,1.6,1242,1.0,7,good,no,1.24,7.44,8.6,1,2.2,21,5.3,6,good,yes,0.11,0.66,0.8,0,1.1
2026-10-11,Sunday,October,0.843,1,low,24.1,4.5,1,15.2,1.13,7 PM,6 PM-8 PM,0.63,91.2,2736.0,2715.9,16.22,18.59,17.5,-3.39,decreased,AC health issue increased consumption,81,80,12.46,2.78,sick,94,High usage detected!,Your pet is suffering because heavy usage or a faulty appliance is stressing the home.,0,Steady Guardian,5,5,sudden_spike|pet_suffering|ac_fault|iron_fault|tv_fault,replace_ac_efficient_model|replace_iron_efficient_model|replace_tv_efficient_model|saving_mode_optimizations|shift_usage_to_morning,Highest usage is during 6 PM-8 PM. Shift ironing or cooling to morning to save cost.,Saving mode is active. Prioritize fans over AC and switch off standby loads.,Your appliance mix is stable today.,0.14,0.14,0.14,0.14,0.14,0.17,0.44,0.74,0.73,0.37,0.38,0.37,0.43,0.4,0.39,0.36,0.48,0.74,1.08,1.13,1.07,0.71,0.48,0.21,1526,8.5,6,good,yes,12.97,77.82,74.7,1,9.0,39,13.2,5,good,yes,0.51,3.06,2.9,0,1.6,1309,2.4,7,good,yes,3.14,18.84,18.1,1,2.2,113,6.6,6,slow,no,0.75,4.5,4.3,1,1.1
2026-10-12,Monday,October,0.842,0,low,27.9,0.7,0,19.09,1.37,7 PM,6 PM-8 PM,0.8,114.54,3436.2,3422.76,17.92,15.2,18.04,3.89,increased,AC health issue increased consumption,67,59,15.65,0,sick,94,High usage detected!,Your pet is suffering because heavy usage or a faulty appliance is stressing the home.,0,Recovery Mode,6,4,sudden_spike|pet_suffering|ac_fault|iron_fault|tv_fault|phantom_load_tv,replace_ac_efficient_model|replace_iron_efficient_model|replace_tv_efficient_model|shift_usage_to_morning,Highest usage is during 6 PM-8 PM. Shift ironing or cooling to morning to save cost.,You can improve efficiency by cutting AC usage by 1 hour.,TV standby may be wasting power,0.27,0.18,0.23,0.14,0.27,0.39,0.59,0.92,0.87,0.59,0.51,0.52,0.71,0.57,0.63,0.55,0.7,0.97,1.28,1.37,1.18,0.87,0.66,0.39,1540,8.7,6,good,yes,13.4,80.4,79.1,1,9.0,77,12.5,5,good,yes,0.96,5.76,5.7,0,1.6,1277,1.5,7,good,no,1.92,11.52,11.3,1,2.2,166,4.0,6,standby,no,0.66,3.96,3.9,1,1.1
2026-10-13,Tuesday,October,0.84,0,medium,21.8,3.6,1,14.13,1.21,7 PM,6 PM-8 PM,0.59,84.78,2543.4,2548.61,15.62,19.09,17.51,-4.96,decreased,AC health issue increased consumption,85,86,11.59,4.07,sick,94,High usage detected!,Your pet is suffering because heavy usage or a faulty appliance is stressing the home.,0,Spark Saver,5,5,sudden_spike|pet_suffering|ac_fault|fan_fault|iron_fault,replace_ac_efficient_model|replace_fan_efficient_model|replace_iron_efficient_model|saving_mode_optimizations|shift_usage_to_morning,Highest usage is during 6 PM-8 PM. Shift ironing or cooling to morning to save cost.,Saving mode is active. Prioritize fans over AC and switch off standby loads.,Your appliance mix is stable today.,0.14,0.14,0.14,0.14,0.14,0.14,0.47,0.74,0.68,0.4,0.41,0.36,0.52,0.4,0.37,0.36,0.54,0.76,1.08,1.21,1.05,0.7,0.51,0.16,1582,6.4,6,good,yes,10.12,60.72,86.7,1,9.0,36,11.8,5,good,no,0.42,2.52,3.6,1,1.6,1208,0.3,7,good,yes,0.36,2.16,3.1,1,2.2,167,4.6,6,good,yes,0.77,4.62,6.6,0,1.1
2026-10-14,Wednesday,October,0.839,0,medium,26.3,0,0,18.35,1.34,7 PM,6 PM-8 PM,0.76,110.1,3303.0,3583.06,17.08,14.13,17.56,4.22,increased,AC health issue increased consumption,70,62,15.05,0,sick,94,High usage detected!,Your pet is suffering because heavy usage or a faulty appliance is stressing the home.,0,Steady Guardian,5,4,sudden_spike|pet_suffering|ac_fault|iron_fault|tv_fault,replace_ac_efficient_model|replace_iron_efficient_model|replace_tv_efficient_model|shift_usage_to_morning,Highest usage is during 6 PM-8 PM. Shift ironing or cooling to morning to save cost.,You can improve efficiency by cutting AC usage by 1 hour.,Your appliance mix is stable today.,0.22,0.25,0.16,0.21,0.22,0.35,0.66,0.95,0.84,0.59,0.49,0.56,0.68,0.67,0.53,0.56,0.7,0.86,1.24,1.34,1.26,0.83,0.64,0.47,1441,8.8,6,good,yes,12.68,76.08,90.8,1,9.0,41,11.8,5,good,yes,0.48,2.88,3.4,0,1.6,1250,0.3,7,good,yes,0.38,2.28,2.7,1,2.2,76,5.5,6,good,no,0.42,2.52,3.0,1,1.1
2026-10-15,Thursday,October,0.837,0,low,25.6,3.7,0,17.84,1.3,7 PM,6 PM-8 PM,0.74,107.04,3211.2,3329.85,17.99,18.35,17.38,-0.51,decreased,AC health issue increased consumption,72,69,14.63,0.42,sick,94,High usage detected!,Your pet is suffering because heavy usage or a faulty appliance is stressing the home.,0,Steady Guardian,6,4,sudden_spike|pet_suffering|ac_fault|iron_fault|tv_fault|phantom_load_tv,replace_ac_efficient_model|replace_iron_efficient_model|replace_tv_efficient_model|shift_usage_to_morning,Highest usage is during 6 PM-8 PM. Shift ironing or cooling to morning to save cost.,You can improve efficiency by cutting AC usage by 1 hour.,TV standby may be wasting power,0.24,0.15,0.14,0.2,0.2,0.3,0.56,0.86,0.84,0.57,0.56,0.58,0.59,0.63,0.55,0.61,0.65,0.93,1.26,1.3,1.24,0.88,0.66,0.38,1454,8.2,6,good,yes,11.92,71.52,88.5,1,9.0,14,11.5,5,good,yes,0.16,0.96,1.2,0,1.6,1199,0.3,7,good,yes,0.36,2.16,2.7,1,2.2,172,6.0,6,standby,no,1.03,6.18,7.6,1,1.1
2026-10-16,Friday,October,0.836,0,medium,28.9,5.4,0,17.25,1.28,7 PM,6 PM-8 PM,0.72,103.5,3105.0,3212.57,17.43,17.84,17.21,-0.59,decreased,AC health issue increased consumption,74,71,14.14,0.48,sick,94,High usage detected!,Your pet is suffering because heavy usage or a faulty appliance is stressing the home.,0,Steady Guardian,5,3,sudden_spike|pet_suffering|ac_fault|iron_fault|phantom_load_tv,replace_ac_efficient_model|replace_iron_efficient_model|shift_usage_to_morning,Highest usage is during 6 PM-8 PM. Shift ironing or cooling to morning to save cost.,You can improve efficiency by cutting AC usage by 1 hour.,TV standby may be wasting power,0.24,0.19,0.14,0.14,0.24,0.26,0.66,0.87,0.87,0.51,0.54,0.6,0.59,0.57,0.56,0.59,0.61,0.83,1.18,1.28,1.2,0.82,0.63,0.36,1451,7.7,6,good,yes,11.17,67.02,88.7,1,9.0,34,11.0,5,good,yes,0.37,2.22,2.9,0,1.6,1304,0.7,7,good,yes,0.91,5.46,7.2,1,2.2,30,4.5,6,standby,yes,0.14,0.84,1.1,0,1.1
2026-10-17,Saturday,October,0.835,1,high,25.7,7.1,0,17.66,1.34,7 PM,6 PM-8 PM,0.74,105.96,3178.8,3360.18,17.54,17.25,17.07,0.41,increased,AC health issue increased consumption,72,68,14.48,0,sick,94,High usage detected!,Your pet is suffering because heavy usage or a faulty appliance is stressing the home.,0,Steady Guardian,5,4,sudden_spike|pet_suffering|ac_fault|iron_fault|tv_fault,replace_ac_efficient_model|replace_iron_efficient_model|replace_tv_efficient_model|shift_usage_to_morning,Highest usage is during 6 PM-8 PM. Shift ironing or cooling to morning to save cost.,You can improve efficiency by cutting AC usage by 1 hour.,Your appliance mix is stable today.,0.25,0.17,0.14,0.15,0.15,0.34,0.66,0.94,0.79,0.6,0.51,0.57,0.62,0.53,0.49,0.6,0.71,0.9,1.25,1.34,1.16,0.84,0.58,0.36,1423,6.6,6,good,yes,9.39,56.34,68.6,1,9.0,57,12.3,5,good,yes,0.7,4.2,5.1,0,1.6,1231,2.0,7,good,no,2.46,14.76,18.0,1,2.2,201,5.6,6,good,yes,1.13,6.78,8.3,1,1.1
2026-10-18,Sunday,October,0.834,1,high,21.3,4.5,1,14.25,1.18,7 PM,6 PM-8 PM,0.59,85.5,2565.0,2482.02,15.27,17.66,16.94,-3.41,decreased,AC health issue increased consumption,85,84,11.68,2.8,sick,94,High usage detected!,Your pet is suffering because heavy usage or a faulty appliance is stressing the home.,0,Spark Saver,4,4,sudden_spike|pet_suffering|ac_fault|iron_fault,replace_ac_efficient_model|replace_iron_efficient_model|saving_mode_optimizations|shift_usage_to_morning,Highest usage is during 6 PM-8 PM. Shift ironing or cooling to morning to save cost.,Saving mode is active. Prioritize fans over AC and switch off standby loads.,Your appliance mix is stable today.,0.14,0.14,0.14,0.14,0.14,0.17,0.49,0.73,0.65,0.42,0.33,0.42,0.51,0.43,0.38,0.45,0.55,0.73,1.07,1.18,0.97,0.67,0.39,0.27,1445,7.1,6,good,yes,10.26,61.56,82.3,1,9.0,2,12.7,5,good,yes,0.03,0.18,0.2,0,1.6,1184,1.2,7,good,yes,1.42,8.52,11.4,1,2.2,110,6.8,6,good,yes,0.75,4.5,6.0,0,1.1
2026-10-19,Monday,October,0.832,0,medium,24.7,0.1,0,18.6,1.34,7 PM,6 PM-8 PM,0.78,111.6,3348.0,3502.41,17.29,14.25,16.87,4.35,increased,AC health issue increased consumption,69,61,15.25,0,sick,94,High usage detected!,Your pet is suffering because heavy usage or a faulty appliance is stressing the home.,0,Recovery Mode,4,3,sudden_spike|pet_suffering|ac_fault|iron_fault,replace_ac_efficient_model|replace_iron_efficient_model|shift_usage_to_morning,Highest usage is during 6 PM-8 PM. Shift ironing or cooling to morning to save cost.,You can improve efficiency by cutting AC usage by 1 hour.,Your appliance mix is stable today.,0.27,0.16,0.19,0.22,0.24,0.37,0.66,0.96,0.81,0.58,0.49,0.56,0.66,0.64,0.62,0.57,0.68,0.95,1.18,1.34,1.23,0.87,0.67,0.37,1601,7.6,6,good,yes,12.17,73.02,80.8,1,9.0,107,13.1,5,good,yes,1.4,8.4,9.3,0,1.6,1163,0.6,7,good,no,0.7,4.2,4.6,1,2.2,149,5.3,6,good,yes,0.79,4.74,5.2,0,1.1
2026-10-20,Tuesday,October,0.831,0,high,22.6,0,1,14.91,1.25,7 PM,6 PM-8 PM,0.62,89.46,2683.8,2753.5,16.02,18.6,16.98,-3.69,decreased,AC health issue increased consumption,82,82,12.23,3.03,sick,94,High usage detected!,Your pet is suffering because heavy usage or a faulty appliance is stressing the home.,0,Steady Guardian,4,4,sudden_spike|pet_suffering|ac_fault|iron_fault,replace_ac_efficient_model|replace_iron_efficient_model|saving_mode_optimizations|shift_usage_to_morning,Highest usage is during 6 PM-8 PM. Shift ironing or cooling to morning to save cost.,Saving mode is active. Prioritize fans over AC and switch off standby loads.,Your appliance mix is stable today.,0.14,0.14,0.14,0.14,0.14,0.16,0.43,0.75,0.73,0.45,0.43,0.45,0.51,0.5,0.38,0.4,0.58,0.71,1.02,1.25,0.99,0.65,0.5,0.21,1477,7.4,6,good,yes,10.93,65.58,77.3,1,9.0,32,10.8,5,good,yes,0.35,2.1,2.5,0,1.6,1125,2.0,7,good,yes,2.25,13.5,15.9,1,2.2,132,4.6,6,good,yes,0.61,3.66,4.3,0,1.1
2026-10-21,Wednesday,October,0.83,0,high,27.7,4.3,0,18.42,1.27,7 PM,6 PM-8 PM,0.77,110.52,3315.6,3414.37,17.37,14.91,16.99,3.51,increased,AC health issue increased consumption,70,62,15.1,0,sick,94,High usage detected!,Your pet is suffering because heavy usage or a faulty appliance is stressing the home.,0,Steady Guardian,5,5,pet_suffering|ac_fault|fan_fault|iron_fault|tv_fault,replace_ac_efficient_model|replace_fan_efficient_model|replace_iron_efficient_model|replace_tv_efficient_model|shift_usage_to_morning,Highest usage is during 6 PM-8 PM. Shift ironing or cooling to morning to save cost.,You can improve efficiency by cutting AC usage by 1 hour.,Your appliance mix is stable today.,0.21,0.22,0.14,0.14,0.23,0.29,0.64,0.89,0.8,0.6,0.48,0.55,0.58,0.6,0.51,0.6,0.69,0.9,1.2,1.27,1.23,0.88,0.63,0.38,1446,8.4,6,good,yes,12.15,72.9,71.1,1,9.0,179,11.7,5,good,yes,2.09,12.54,12.2,1,1.6,1261,1.9,7,good,yes,2.4,14.4,14.1,1,2.2,88,5.0,6,good,no,0.44,2.64,2.6,1,1.1
2026-10-22,Thursday,October,0.829,0,low,25.4,3.6,0,17.74,1.29,7 PM,6 PM-8 PM,0.74,106.44,3193.2,3164.91,17.94,18.42,16.98,-0.68,decreased,AC health issue increased consumption,72,69,14.55,0.56,sick,94,High usage detected!,Your pet is suffering because heavy usage or a faulty appliance is stressing the home.,0,Steady Guardian,6,4,sudden_spike|pet_suffering|ac_fault|fan_fault|iron_fault|phantom_load_tv,replace_ac_efficient_model|replace_fan_efficient_model|replace_iron_efficient_model|shift_usage_to_morning,Highest usage is during 6 PM-8 PM. Shift ironing or cooling to morning to save cost.,You can improve efficiency by cutting AC usage by 1 hour.,TV standby may be wasting power,0.25,0.17,0.18,0.14,0.18,0.36,0.57,0.86,0.87,0.49,0.52,0.53,0.66,0.53,0.52,0.58,0.64,0.89,1.17,1.29,1.21,0.82,0.6,0.41,1594,7.8,6,good,yes,12.43,74.58,83.0,1,9.0,151,10.9,5,good,yes,1.65,9.9,11.0,1,1.6,1270,0.2,7,good,yes,0.25,1.5,1.7,1,2.2,177,3.7,6,standby,yes,0.65,3.9,4.3,0,1.1
2026-10-23,Friday,October,0.828,0,low,28.7,2.0,0,18.02,1.32,7 PM,6 PM-8 PM,0.75,108.12,3243.6,3529.06,17.94,17.74,17.09,0.28,increased,AC health issue increased consumption,71,67,14.78,0,sick,94,High usage detected!,Your pet is suffering because heavy usage or a faulty appliance is stressing the home.,0,Steady Guardian,5,4,sudden_spike|pet_suffering|ac_fault|fan_fault|iron_fault,replace_ac_efficient_model|replace_fan_efficient_model|replace_iron_efficient_model|shift_usage_to_morning,Highest usage is during 6 PM-8 PM. Shift ironing or cooling to morning to save cost.,You can improve efficiency by cutting AC usage by 1 hour.,Your appliance mix is stable today.,0.27,0.14,0.23,0.2,0.2,0.29,0.62,0.95,0.87,0.62,0.52,0.57,0.7,0.57,0.54,0.55,0.69,0.86,1.17,1.32,1.17,0.83,0.66,0.36,1535,8.2,6,good,yes,12.59,75.54,88.8,1,9.0,0,13.1,5,good,no,0.0,0.0,0.0,1,1.6,1294,0.8,7,good,no,1.04,6.24,7.3,1,2.2,155,3.5,6,good,yes,0.54,3.24,3.8,0,1.1
2026-10-24,Saturday,October,0.827,1,high,21.4,0.5,1,15.21,1.22,7 PM,6 PM-8 PM,0.63,91.26,2737.8,2736.15,16.05,18.02,16.74,-2.81,decreased,AC health issue increased consumption,81,80,12.47,2.3,sick,94,High usage detected!,Your pet is suffering because heavy usage or a faulty appliance is stressing the home.,0,Steady Guardian,6,5,sudden_spike|pet_suffering|ac_fault|fan_fault|iron_fault|phantom_load_tv,replace_ac_efficient_model|replace_fan_efficient_model|replace_iron_efficient_model|saving_mode_optimizations|shift_usage_to_morning,Highest usage is during 6 PM-8 PM. Shift ironing or cooling to morning to save cost.,Saving mode is active. Prioritize fans over AC and switch off standby loads.,TV standby may be wasting power,0.14,0.14,0.14,0.14,0.14,0.23,0.48,0.77,0.73,0.44,0.42,0.37,0.45,0.48,0.35,0.37,0.54,0.79,1.11,1.22,1.02,0.66,0.46,0.21,1552,6.7,6,noise,no,10.4,62.4,67.1,1,9.0,151,13.2,5,good,yes,1.99,11.94,12.8,1,1.6,1288,1.7,7,good,yes,2.19,13.14,14.1,1,2.2,134,6.8,6,standby,yes,0.91,5.46,5.9,0,1.1
2026-10-25,Sunday,October,0.827,1,medium,22.0,1.6,0,18.52,1.32,7 PM,6 PM-8 PM,0.77,111.12,3333.6,3643.63,17.53,15.21,17.35,3.31,increased,AC health issue increased consumption,69,62,15.19,0,sick,94,High usage detected!,Your pet is suffering because heavy usage or a faulty appliance is stressing the home.,0,Recovery Mode,5,3,sudden_spike|pet_suffering|ac_fault|iron_fault|phantom_load_tv,replace_ac_efficient_model|replace_iron_efficient_model|shift_usage_to_morning,Highest usage is during 6 PM-8 PM. Shift ironing or cooling to morning to save cost.,You can improve efficiency by cutting AC usage by 1 hour.,TV standby may be wasting power,0.19,0.19,0.16,0.22,0.27,0.38,0.68,0.94,0.89,0.53,0.54,0.59,0.63,0.61,0.57,0.59,0.68,0.9,1.18,1.32,1.2,0.81,0.69,0.4,1531,7.3,6,good,yes,11.18,67.08,73.3,1,9.0,120,11.1,5,good,yes,1.33,7.98,8.7,0,1.6,1276,1.3,7,good,yes,1.66,9.96,10.9,1,2.2,217,5.0,6,standby,yes,1.08,6.48,7.1,0,1.1
2026-10-26,Monday,October,0.826,0,high,28.0,2.7,0,18.72,1.39,7 PM,6 PM-8 PM,0.78,112.32,3369.6,3311.2,18.66,18.52,17.36,0.2,increased,AC health issue increased consumption,69,65,15.35,0,sick,94,High usage detected!,Your pet is suffering because heavy usage or a faulty appliance is stressing the home.,0,Recovery Mode,5,3,sudden_spike|pet_suffering|ac_fault|iron_fault|phantom_load_tv,replace_ac_efficient_model|replace_iron_efficient_model|shift_usage_to_morning,Highest usage is during 6 PM-8 PM. Shift ironing or cooling to morning to save cost.,You can improve efficiency by cutting AC usage by 1 hour.,TV standby may be wasting power,0.24,0.22,0.21,0.18,0.17,0.31,0.59,0.97,0.79,0.62,0.58,0.6,0.66,0.56,0.55,0.61,0.74,0.84,1.27,1.39,1.23,0.79,0.6,0.37,1583,7.9,6,noise,no,12.51,75.06,75.8,1,9.0,69,10.8,5,good,yes,0.75,4.5,4.5,0,1.6,1204,2.4,7,good,yes,2.89,17.34,17.5,1,2.2,78,4.5,6,standby,yes,0.35,2.1,2.1,0,1.1
2026-10-27,Tuesday,October,0.825,0,medium,22.8,3.2,0,17.19,1.27,7 PM,6 PM-8 PM,0.72,103.14,3094.2,3024.14,17.65,18.72,17.69,-1.53,decreased,AC health issue increased consumption,74,72,14.1,1.25,sick,94,High usage detected!,Your pet is suffering because heavy usage or a faulty appliance is stressing the home.,0,Steady Guardian,4,3,sudden_spike|pet_suffering|ac_fault|iron_fault,replace_ac_efficient_model|replace_iron_efficient_model|shift_usage_to_morning,Highest usage is during 6 PM-8 PM. Shift ironing or cooling to morning to save cost.,You can improve efficiency by cutting AC usage by 1 hour.,Your appliance mix is stable today.,0.22,0.19,0.2,0.14,0.25,0.33,0.65,0.88,0.75,0.59,0.49,0.58,0.58,0.61,0.5,0.5,0.69,0.81,1.22,1.27,1.19,0.76,0.56,0.33,1545,6.5,6,good,yes,10.04,60.24,76.2,1,9.0,37,13.2,5,good,yes,0.49,2.94,3.7,0,1.6,1294,1.7,7,good,yes,2.2,13.2,16.7,1,2.2,92,4.9,6,good,yes,0.45,2.7,3.4,0,1.1
2026-10-28,Wednesday,October,0.824,0,high,27.9,5.3,0,17.18,1.34,7 PM,6 PM-8 PM,0.72,103.08,3092.4,3244.23,17.18,17.19,17.51,-0.01,decreased,AC health issue increased consumption,74,70,14.09,0.01,sick,94,High usage detected!,Your pet is suffering because heavy usage or a faulty appliance is stressing the home.,0,Steady Guardian,6,5,sudden_spike|pet_suffering|ac_fault|fan_fault|iron_fault|tv_fault,replace_ac_efficient_model|replace_fan_efficient_model|replace_iron_efficient_model|replace_tv_efficient_model|shift_usage_to_morning,Highest usage is during 6 PM-8 PM. Shift ironing or cooling to morning to save cost.,You can improve efficiency by cutting AC usage by 1 hour.,Your appliance mix is stable today.,0.24,0.14,0.15,0.14,0.19,0.26,0.54,0.87,0.76,0.57,0.45,0.53,0.61,0.6,0.52,0.59,0.68,0.86,1.24,1.34,1.2,0.76,0.55,0.33,1484,8.7,6,good,yes,12.91,77.46,92.8,1,9.0,46,13.1,5,slow,no,0.6,3.6,4.3,1,1.6,1249,0.2,7,overheat,no,0.25,1.5,1.8,1,2.2,26,5.8,6,slow,no,0.15,0.9,1.1,1,1.1
2026-10-29,Thursday,October,0.824,0,low,22.0,5.1,0,17.64,1.25,7 PM,6 PM-8 PM,0.73,105.84,3175.2,3494.98,17.5,17.18,17.5,0.46,increased,AC health issue increased consumption,72,68,14.46,0,sick,94,High usage detected!,Your pet is suffering because heavy usage or a faulty appliance is stressing the home.,0,Steady Guardian,5,4,sudden_spike|pet_suffering|ac_fault|fan_fault|iron_fault,replace_ac_efficient_model|replace_fan_efficient_model|replace_iron_efficient_model|shift_usage_to_morning,Highest usage is during 6 PM-8 PM. Shift ironing or cooling to morning to save cost.,You can improve efficiency by cutting AC usage by 1 hour.,Your appliance mix is stable today.,0.15,0.14,0.15,0.14,0.22,0.33,0.57,0.83,0.86,0.57,0.45,0.48,0.57,0.56,0.54,0.6,0.69,0.8,1.19,1.25,1.21,0.81,0.61,0.36,1595,7.9,6,good,yes,12.6,75.6,77.8,1,9.0,186,11.4,5,good,yes,2.12,12.72,13.1,1,1.6,1184,0.7,7,good,yes,0.83,4.98,5.1,1,2.2,136,4.7,6,good,yes,0.64,3.84,4.0,0,1.1
2026-10-30,Friday,October,0.823,0,medium,26.7,2.7,0,18.61,1.32,7 PM,6 PM-8 PM,0.78,111.66,3349.8,3467.84,18.32,17.64,17.58,0.97,increased,AC health issue increased consumption,69,64,15.26,0,sick,94,High usage detected!,Your pet is suffering because heavy usage or a faulty appliance is stressing the home.,0,Recovery Mode,5,4,sudden_spike|pet_suffering|ac_fault|fan_fault|iron_fault,replace_ac_efficient_model|replace_fan_efficient_model|replace_iron_efficient_model|shift_usage_to_morning,Highest usage is during 6 PM-8 PM. Shift ironing or cooling to morning to save cost.,You can improve efficiency by cutting AC usage by 1 hour.,Your appliance mix is stable today.,0.29,0.24,0.17,0.14,0.26,0.29,0.62,0.94,0.85,0.54,0.52,0.61,0.63,0.65,0.55,0.57,0.72,0.88,1.2,1.32,1.18,0.83,0.66,0.37,1475,8.1,6,good,yes,11.95,71.7,73.5,1,9.0,181,12.5,5,good,yes,2.26,13.56,13.9,1,1.6,1238,1.2,7,good,yes,1.49,8.94,9.2,1,2.2,124,4.5,6,good,yes,0.56,3.36,3.4,0,1.1
2026-10-31,Saturday,October,0.823,1,high,25.1,4.1,0,18.05,1.29,7 PM,6 PM-8 PM,0.75,108.3,3249.0,3505.58,18.22,18.61,17.99,-0.56,decreased,AC health issue increased consumption,71,68,14.8,0.46,sick,94,High usage detected!,Your pet is suffering because heavy usage or a faulty appliance is stressing the home.,0,Steady Guardian,6,5,sudden_spike|pet_suffering|ac_fault|fan_fault|iron_fault|tv_fault,replace_ac_efficient_model|replace_fan_efficient_model|replace_iron_efficient_model|replace_tv_efficient_model|shift_usage_to_morning,Highest usage is during 6 PM-8 PM. Shift ironing or cooling to morning to save cost.,You can improve efficiency by cutting AC usage by 1 hour.,Your appliance mix is stable today.,0.19,0.14,0.14,0.19,0.21,0.36,0.59,0.94,0.75,0.51,0.51,0.5,0.68,0.59,0.56,0.57,0.67,0.89,1.14,1.29,1.14,0.84,0.63,0.37,1576,8.7,6,good,yes,13.71,82.26,82.5,1,9.0,183,12.4,5,noise,no,2.27,13.62,13.7,1,1.6,1141,0.4,7,good,yes,0.46,2.76,2.8,1,2.2,33,5.2,6,good,no,0.17,1.02,1.0,1,1.1
2026-11-01,Sunday,November,0.822,1,medium,21.3,4.1,0,18.17,1.33,7 PM,6 PM-8 PM,0.76,109.02,3270.6,3319.7,18.13,18.05,17.94,0.12,increased,AC health issue increased consumption,71,67,14.9,0,sick,94,High usage detected!,Your pet is suffering because heavy usage or a faulty appliance is stressing the home.,0,Steady Guardian,6,5,sudden_spike|pet_suffering|ac_fault|fan_fault|iron_fault|tv_fault,replace_ac_efficient_model|replace_fan_efficient_model|replace_iron_efficient_model|replace_tv_efficient_model|shift_usage_to_morning,Highest usage is during 6 PM-8 PM. Shift ironing or cooling to morning to save cost.,You can improve efficiency by cutting AC usage by 1 hour.,Your appliance mix is stable today.,0.21,0.21,0.15,0.17,0.17,0.26,0.6,0.93,0.77,0.54,0.51,0.55,0.58,0.58,0.53,0.61,0.68,0.91,1.24,1.33,1.12,0.8,0.63,0.33,1517,7.5,6,good,yes,11.38,68.28,66.7,1,9.0,191,10.8,5,good,yes,2.06,12.36,12.1,1,1.6,1212,2.7,7,good,yes,3.27,19.62,19.2,1,2.2,66,5.5,6,good,no,0.36,2.16,2.1,1,1.1
2026-11-02,Monday,November,0.822,0,medium,23.5,1.9,1,15.13,1.22,7 PM,6 PM-8 PM,0.63,90.78,2723.4,2628.13,16.04,18.17,17.42,-3.04,decreased,AC health issue increased consumption,82,81,12.41,2.49,sick,94,High usage detected!,Your pet is suffering because heavy usage or a faulty appliance is stressing the home.,0,Steady Guardian,6,6,sudden_spike|pet_suffering|ac_fault|fan_fault|iron_fault|tv_fault,replace_ac_efficient_model|replace_fan_efficient_model|replace_iron_efficient_model|replace_tv_efficient_model|saving_mode_optimizations|shift_usage_to_morning,Highest usage is during 6 PM-8 PM. Shift ironing or cooling to morning to save cost.,Saving mode is active. Prioritize fans over AC and switch off standby loads.,Your appliance mix is stable today.,0.14,0.14,0.14,0.14,0.14,0.24,0.5,0.77,0.74,0.39,0.4,0.46,0.44,0.45,0.43,0.37,0.58,0.72,1.01,1.22,1.0,0.65,0.48,0.29,1545,7.1,6,good,no,10.97,65.82,73.3,1,9.0,174,11.6,5,good,yes,2.02,12.12,13.5,1,1.6,1230,0.7,7,good,yes,0.86,5.16,5.7,1,2.2,214,5.2,6,good,yes,1.11,6.66,7.4,1,1.1
2026-11-03,Tuesday,November,0.821,0,medium,20.9,5.7,0,17.47,1.26,7 PM,6 PM-8 PM,0.73,104.82,3144.6,3097.43,16.77,15.13,17.46,2.34,increased,AC health issue increased consumption,73,67,14.33,0,sick,94,High usage detected!,Your pet is suffering because heavy usage or a faulty appliance is stressing the home.,0,Steady Guardian,5,4,sudden_spike|pet_suffering|ac_fault|iron_fault|tv_fault,replace_ac_efficient_model|replace_iron_efficient_model|replace_tv_efficient_model|shift_usage_to_morning,Highest usage is during 6 PM-8 PM. Shift ironing or cooling to morning to save cost.,You can improve efficiency by cutting AC usage by 1 hour.,Your appliance mix is stable today.,0.19,0.22,0.14,0.14,0.21,0.33,0.57,0.92,0.85,0.58,0.49,0.52,0.67,0.6,0.53,0.55,0.63,0.91,1.23,1.26,1.19,0.79,0.6,0.33,1452,8.4,6,overheat,no,12.2,73.2,88.8,1,9.0,11,11.2,5,good,yes,0.12,0.72,0.9,0,1.6,1319,0.2,7,good,no,0.26,1.56,1.9,1,2.2,208,5.6,6,good,yes,1.16,6.96,8.4,1,1.1
2026-11-04,Wednesday,November,0.821,0,medium,25.8,0,0,18.09,1.36,7 PM,6 PM-8 PM,0.75,108.54,3256.2,3210.57,17.9,17.47,17.59,0.62,increased,AC health issue increased consumption,71,66,14.83,0,sick,94,High usage detected!,Your pet is suffering because heavy usage or a faulty appliance is stressing the home.,0,Steady Guardian,5,4,sudden_spike|pet_suffering|ac_fault|fan_fault|iron_fault,replace_ac_efficient_model|replace_fan_efficient_model|replace_iron_efficient_model|shift_usage_to_morning,Highest usage is during 6 PM-8 PM. Shift ironing or cooling to morning to save cost.,You can improve efficiency by cutting AC usage by 1 hour.,Your appliance mix is stable today.,0.25,0.18,0.2,0.19,0.17,0.29,0.67,0.96,0.8,0.6,0.48,0.56,0.67,0.56,0.58,0.57,0.7,0.85,1.25,1.36,1.19,0.86,0.63,0.43,1571,8.5,6,noise,no,13.35,80.1,95.0,1,9.0,15,11.2,5,noise,no,0.17,1.02,1.2,1,1.6,1299,0.2,7,good,yes,0.26,1.56,1.9,1,2.2,68,4.0,6,good,yes,0.27,1.62,1.9,0,1.1
2026-11-05,Thursday,November,0.821,0,medium,25.6,0.5,0,18.45,1.36,7 PM,6 PM-8 PM,0.77,110.7,3321.0,3278.79,18.34,18.09,17.71,0.36,increased,AC health issue increased consumption,70,66,15.13,0,sick,94,High usage detected!,Your pet is suffering because heavy usage or a faulty appliance is stressing the home.,0,Steady Guardian,4,3,sudden_spike|pet_suffering|ac_fault|iron_fault,replace_ac_efficient_model|replace_iron_efficient_model|shift_usage_to_morning,Highest usage is during 6 PM-8 PM. Shift ironing or cooling to morning to save cost.,You can improve efficiency by cutting AC usage by 1 hour.,Your appliance mix is stable today.,0.2,0.17,0.16,0.14,0.16,0.38,0.65,0.89,0.8,0.52,0.53,0.61,0.6,0.63,0.55,0.6,0.74,0.88,1.27,1.36,1.17,0.87,0.68,0.43,1575,8.0,6,overheat,no,12.6,75.6,80.2,1,9.0,110,11.7,5,good,yes,1.29,7.74,8.2,0,1.6,1214,1.1,7,good,yes,1.34,8.04,8.5,1,2.2,100,4.9,6,good,yes,0.49,2.94,3.1,0,1.1
2026-11-06,Friday,November,0.82,0,medium,26.3,0.3,0,18.13,1.29,7 PM,6 PM-8 PM,0.76,108.78,3263.4,3188.22,18.23,18.45,17.64,-0.32,decreased,AC health issue increased consumption,71,67,14.87,0.26,sick,94,High usage detected!,Your pet is suffering because heavy usage or a faulty appliance is stressing the home.,0,Steady Guardian,5,4,sudden_spike|pet_suffering|ac_fault|fan_fault|iron_fault,replace_ac_efficient_model|replace_fan_efficient_model|replace_iron_efficient_model|shift_usage_to_morning,Highest usage is during 6 PM-8 PM. Shift ironing or cooling to morning to save cost.,You can improve efficiency by cutting AC usage by 1 hour.,Your appliance mix is stable today.,0.21,0.23,0.23,0.16,0.27,0.33,0.58,0.94,0.83,0.63,0.58,0.6,0.63,0.64,0.52,0.57,0.68,0.92,1.26,1.29,1.25,0.8,0.57,0.4,1489,7.2,6,overheat,no,10.72,64.32,78.4,1,9.0,135,11.5,5,good,no,1.55,9.3,11.3,1,1.6,1247,0.9,7,good,yes,1.12,6.72,8.2,1,2.2,60,4.8,6,good,yes,0.29,1.74,2.1,0,1.1
2026-11-07,Saturday,November,0.82,1,high,25.6,5.5,1,14.68,1.13,7 PM,6 PM-8 PM,0.61,88.08,2642.4,2922.02,15.71,18.13,17.16,-3.45,decreased,AC health issue increased consumption,83,82,12.04,2.83,sick,94,High usage detected!,Your pet is suffering because heavy usage or a faulty appliance is stressing the home.,0,Steady Guardian,4,4,sudden_spike|pet_suffering|ac_fault|iron_fault,replace_ac_efficient_model|replace_iron_efficient_model|saving_mode_optimizations|shift_usage_to_morning,Highest usage is during 6 PM-8 PM. Shift ironing or cooling to morning to save cost.,Saving mode is active. Prioritize fans over AC and switch off standby loads.,Your appliance mix is stable today.,0.14,0.14,0.14,0.14,0.14,0.14,0.45,0.75,0.64,0.34,0.3,0.35,0.48,0.45,0.41,0.38,0.56,0.64,1.01,1.13,0.97,0.63,0.41,0.26,1500,7.9,6,good,yes,11.85,71.1,70.9,1,9.0,116,12.8,5,good,yes,1.48,8.88,8.9,0,1.6,1267,2.4,7,good,yes,3.04,18.24,18.2,1,2.2,52,6.8,6,good,yes,0.35,2.1,2.1,0,1.1
2026-11-08,Sunday,November,0.82,1,low,26.4,1.4,0,18.05,1.28,7 PM,6 PM-8 PM,0.75,108.3,3249.0,3500.3,17.04,14.68,17.14,3.37,increased,AC health issue increased consumption,71,64,14.8,0,sick,94,High usage detected!,Your pet is suffering because heavy usage or a faulty appliance is stressing the home.,0,Steady Guardian,5,3,sudden_spike|pet_suffering|ac_fault|iron_fault|phantom_load_tv,replace_ac_efficient_model|replace_iron_efficient_model|shift_usage_to_morning,Highest usage is during 6 PM-8 PM. Shift ironing or cooling to morning to save cost.,You can improve efficiency by cutting AC usage by 1 hour.,TV standby may be wasting power,0.23,0.19,0.14,0.17,0.17,0.37,0.64,0.86,0.84,0.59,0.58,0.62,0.62,0.59,0.59,0.62,0.66,0.84,1.25,1.28,1.16,0.85,0.61,0.44,1543,7.7,6,good,yes,11.88,71.28,83.3,1,9.0,76,12.0,5,good,yes,0.91,5.46,6.4,0,1.6,1257,0.8,7,good,yes,1.01,6.06,7.1,1,2.2,68,6.8,6,standby,yes,0.46,2.76,3.2,0,1.1
2026-11-09,Monday,November,0.82,0,medium,27.2,2.3,1,14.21,1.2,7 PM,6 PM-8 PM,0.59,85.26,2557.8,2718.89,15.36,18.05,17.01,-3.84,decreased,AC health issue increased consumption,85,85,11.65,3.15,sick,94,High usage detected!,Your pet is suffering because heavy usage or a faulty appliance is stressing the home.,0,Spark Saver,4,4,sudden_spike|pet_suffering|ac_fault|iron_fault,replace_ac_efficient_model|replace_iron_efficient_model|saving_mode_optimizations|shift_usage_to_morning,Highest usage is during 6 PM-8 PM. Shift ironing or cooling to morning to save cost.,Saving mode is active. Prioritize fans over AC and switch off standby loads.,Your appliance mix is stable today.,0.14,0.14,0.14,0.14,0.14,0.14,0.48,0.78,0.63,0.41,0.42,0.36,0.5,0.45,0.41,0.45,0.48,0.7,1.02,1.2,1.03,0.64,0.43,0.3,1451,6.4,6,good,yes,9.29,55.74,76.3,1,9.0,117,11.7,5,good,yes,1.37,8.22,11.2,0,1.6,1304,0.8,7,overheat,no,1.04,6.24,8.5,1,2.2,121,4.0,6,good,yes,0.48,2.88,3.9,0,1.1
2026-11-10,Tuesday,November,0.82,0,low,23.4,1.0,0,17.96,1.32,7 PM,6 PM-8 PM,0.75,107.76,3232.8,3594.86,16.84,14.21,17.08,3.75,increased,AC health issue increased consumption,71,63,14.73,0,sick,94,High usage detected!,Your pet is suffering because heavy usage or a faulty appliance is stressing the home.,0,Steady Guardian,6,4,sudden_spike|pet_suffering|ac_fault|iron_fault|tv_fault|phantom_load_tv,replace_ac_efficient_model|replace_iron_efficient_model|replace_tv_efficient_model|shift_usage_to_morning,Highest usage is during 6 PM-8 PM. Shift ironing or cooling to morning to save cost.,You can improve efficiency by cutting AC usage by 1 hour.,TV standby may be wasting power,0.28,0.14,0.21,0.14,0.17,0.28,0.58,0.92,0.89,0.54,0.56,0.62,0.63,0.59,0.59,0.58,0.69,0.89,1.23,1.32,1.15,0.88,0.67,0.4,1449,8.3,6,good,yes,12.03,72.18,87.9,1,9.0,53,11.4,5,good,yes,0.6,3.6,4.4,0,1.6,1262,0.2,7,good,yes,0.25,1.5,1.8,1,2.2,198,4.1,6,standby,no,0.81,4.86,5.9,1,1.1
2026-11-11,Wednesday,November,0.82,0,high,23.3,3.5,0,17.4,1.35,7 PM,6 PM-8 PM,0.72,104.4,3132.0,3263.2,17.57,17.96,16.98,-0.56,decreased,AC health issue increased consumption,73,70,14.27,0.46,sick,94,High usage detected!,Your pet is suffering because heavy usage or a faulty appliance is stressing the home.,0,Steady Guardian,4,3,sudden_spike|pet_suffering|ac_fault|iron_fault,replace_ac_efficient_model|replace_iron_efficient_model|shift_usage_to_morning,Highest usage is during 6 PM-8 PM. Shift ironing or cooling to morning to save cost.,You can improve efficiency by cutting AC usage by 1 hour.,Your appliance mix is stable today.,0.22,0.14,0.18,0.14,0.21,0.33,0.6,0.83,0.82,0.51,0.51,0.48,0.64,0.58,0.51,0.6,0.62,0.82,1.19,1.35,1.19,0.78,0.61,0.37,1460,8.4,6,good,yes,12.26,73.56,85.1,1,9.0,60,11.7,5,good,yes,0.7,4.2,4.9,0,1.6,1186,0.8,7,good,yes,0.95,5.7,6.6,1,2.2,135,3.6,6,good,yes,0.49,2.94,3.4,0,1.1
2026-11-12,Thursday,November,0.82,0,low,24.0,2.1,1,15.17,1.21,7 PM,6 PM-8 PM,0.63,91.02,2730.6,3007.77,15.84,17.4,16.51,-2.23,decreased,AC health issue increased consumption,81,79,12.44,1.83,sick,94,High usage detected!,Your pet is suffering because heavy usage or a faulty appliance is stressing the home.,0,Steady Guardian,5,5,sudden_spike|pet_suffering|ac_fault|fan_fault|iron_fault,replace_ac_efficient_model|replace_fan_efficient_model|replace_iron_efficient_model|saving_mode_optimizations|shift_usage_to_morning,Highest usage is during 6 PM-8 PM. Shift ironing or cooling to morning to save cost.,Saving mode is active. Prioritize fans over AC and switch off standby loads.,Your appliance mix is stable today.,0.14,0.14,0.14,0.14,0.14,0.2,0.44,0.78,0.64,0.43,0.35,0.4,0.51,0.41,0.44,0.46,0.49,0.67,0.99,1.21,1.08,0.64,0.53,0.23,1503,7.5,6,good,yes,11.27,67.62,69.5,1,9.0,187,11.2,5,good,yes,2.09,12.54,12.9,1,1.6,1263,1.4,7,good,yes,1.77,10.62,10.9,1,2.2,190,5.7,6,good,yes,1.08,6.48,6.7,0,1.1
2026-11-13,Friday,November,0.82,0,low,27.6,4.2,0,16.93,1.27,7 PM,6 PM-8 PM,0.71,101.58,3047.4,2940.08,16.4,15.17,16.34,1.76,increased,AC health issue increased consumption,75,69,13.88,0,sick,94,High usage detected!,Your pet is suffering because heavy usage or a faulty appliance is stressing the home.,0,Steady Guardian,5,4,sudden_spike|pet_suffering|ac_fault|iron_fault|tv_fault,replace_ac_efficient_model|replace_iron_efficient_model|replace_tv_efficient_model|shift_usage_to_morning,Highest usage is during 6 PM-8 PM. Shift ironing or cooling to morning to save cost.,You can improve efficiency by cutting AC usage by 1 hour.,Your appliance mix is stable today.,0.18,0.15,0.16,0.14,0.14,0.27,0.56,0.87,0.85,0.49,0.49,0.48,0.65,0.62,0.5,0.52,0.71,0.9,1.22,1.27,1.21,0.84,0.62,0.32,1541,6.7,6,good,no,10.32,61.92,82.0,1,9.0,111,13.0,5,good,yes,1.44,8.64,11.4,0,1.6,1262,0.5,7,good,no,0.63,3.78,5.0,1,2.2,36,5.4,6,slow,no,0.19,1.14,1.5,1,1.1
2026-11-14,Saturday,November,0.82,1,medium,24.7,0.1,0,18.7,1.34,7 PM,6 PM-8 PM,0.78,112.2,3366.0,3450.55,18.17,16.93,16.92,1.77,increased,AC health issue increased consumption,69,63,15.33,0,sick,94,High usage detected!,Your pet is suffering because heavy usage or a faulty appliance is stressing the home.,0,Recovery Mode,4,3,sudden_spike|pet_suffering|ac_fault|iron_fault,replace_ac_efficient_model|replace_iron_efficient_model|shift_usage_to_morning,Highest usage is during 6 PM-8 PM. Shift ironing or cooling to morning to save cost.,You can improve efficiency by cutting AC usage by 1 hour.,Your appliance mix is stable today.,0.19,0.14,0.23,0.19,0.28,0.38,0.65,0.94,0.8,0.55,0.55,0.62,0.61,0.62,0.6,0.64,0.63,0.89,1.25,1.34,1.22,0.87,0.66,0.43,1493,7.2,6,good,yes,10.75,64.5,69.2,1,9.0,111,12.9,5,good,yes,1.43,8.58,9.2,0,1.6,1215,2.0,7,good,yes,2.43,14.58,15.6,1,2.2,161,5.7,6,good,yes,0.92,5.52,5.9,0,1.1
2026-11-15,Sunday,November,0.821,1,low,28.6,0.6,0,18.44,1.34,7 PM,6 PM-8 PM,0.77,110.64,3319.2,3248.53,18.52,18.7,16.97,-0.26,decreased,AC health issue increased consumption,70,66,15.12,0.21,sick,94,High usage detected!,Your pet is suffering because heavy usage or a faulty appliance is stressing the home.,0,Steady Guardian,4,3,sudden_spike|pet_suffering|ac_fault|iron_fault,replace_ac_efficient_model|replace_iron_efficient_model|shift_usage_to_morning,Highest usage is during 6 PM-8 PM. Shift ironing or cooling to morning to save cost.,You can improve efficiency by cutting AC usage by 1 hour.,Your appliance mix is stable today.,0.27,0.23,0.18,0.18,0.2,0.33,0.64,0.96,0.82,0.56,0.53,0.6,0.69,0.56,0.5,0.58,0.73,0.9,1.22,1.34,1.24,0.8,0.67,0.36,1472,8.4,6,good,yes,12.36,74.16,81.2,1,9.0,102,13.1,5,good,yes,1.34,8.04,8.8,0,1.6,1259,0.4,7,slow,no,0.5,3.0,3.3,1,2.2,209,4.9,6,good,yes,1.02,6.12,6.7,0,1.1
2026-11-16,Monday,November,0.821,0,high,26.6,1.4,0,17.89,1.39,7 PM,6 PM-8 PM,0.75,107.34,3220.2,3450.93,18.05,18.44,17.5,-0.55,decreased,AC health issue increased consumption,72,69,14.67,0.45,sick,94,High usage detected!,Your pet is suffering because heavy usage or a faulty appliance is stressing the home.,0,Steady Guardian,4,3,sudden_spike|pet_suffering|ac_fault|iron_fault,replace_ac_efficient_model|replace_iron_efficient_model|shift_usage_to_morning,Highest usage is during 6 PM-8 PM. Shift ironing or cooling to morning to save cost.,You can improve efficiency by cutting AC usage by 1 hour.,Your appliance mix is stable today.,0.28,0.2,0.22,0.14,0.2,0.33,0.65,0.87,0.86,0.57,0.57,0.61,0.61,0.54,0.59,0.58,0.64,0.84,1.16,1.39,1.16,0.83,0.67,0.41,1444,8.8,6,overheat,no,12.71,76.26,94.3,1,9.0,25,11.3,5,good,yes,0.28,1.68,2.1,0,1.6,1294,0.2,7,good,yes,0.26,1.56,1.9,1,2.2,50,4.6,6,good,yes,0.23,1.38,1.7,0,1.1
2026-11-17,Tuesday,November,0.821,0,high,22.5,1.8,0,18.48,1.39,7 PM,6 PM-8 PM,0.77,110.88,3326.4,3308.6,18.3,17.89,17.57,0.59,increased,AC health issue increased consumption,69,64,15.15,0,sick,94,High usage detected!,Your pet is suffering because heavy usage or a faulty appliance is stressing the home.,0,Recovery Mode,4,3,sudden_spike|pet_suffering|ac_fault|iron_fault,replace_ac_efficient_model|replace_iron_efficient_model|shift_usage_to_morning,Highest usage is during 6 PM-8 PM. Shift ironing or cooling to morning to save cost.,You can improve efficiency by cutting AC usage by 1 hour.,Your appliance mix is stable today.,0.28,0.21,0.19,0.19,0.28,0.34,0.61,0.88,0.84,0.61,0.56,0.6,0.64,0.61,0.6,0.64,0.71,0.95,1.2,1.39,1.23,0.79,0.6,0.35,1482,8.2,6,good,yes,12.15,72.9,84.0,1,9.0,19,12.0,5,good,yes,0.23,1.38,1.6,0,1.6,1181,1.4,7,good,yes,1.65,9.9,11.4,1,2.2,102,4.3,6,good,yes,0.44,2.64,3.0,0,1.1
2026-11-18,Wednesday,November,0.822,0,low,24.1,4.4,1,13.89,1.14,7 PM,6 PM-8 PM,0.58,83.34,2500.2,2723.59,15.27,18.48,17.07,-4.59,decreased,AC health issue increased consumption,86,87,11.39,3.76,sick,94,High usage detected!,Your pet is suffering because heavy usage or a faulty appliance is stressing the home.,0,Spark Saver,5,5,sudden_spike|pet_suffering|ac_fault|fan_fault|iron_fault,replace_ac_efficient_model|replace_fan_efficient_model|replace_iron_efficient_model|saving_mode_optimizations|shift_usage_to_morning,Highest usage is during 6 PM-8 PM. Shift ironing or cooling to morning to save cost.,Saving mode is active. Prioritize fans over AC and switch off standby loads.,Your appliance mix is stable today.,0.14,0.14,0.14,0.14,0.14,0.14,0.41,0.73,0.69,0.39,0.37,0.35,0.41,0.41,0.33,0.39,0.54,0.64,1.04,1.14,1.03,0.7,0.39,0.21,1483,6.3,6,good,yes,9.34,56.04,71.2,1,9.0,162,13.1,5,good,yes,2.12,12.72,16.2,1,1.6,1131,0.6,7,good,yes,0.68,4.08,5.2,1,2.2,194,5.0,6,good,yes,0.97,5.82,7.4,0,1.1
2026-11-19,Thursday,November,0.822,0,high,22.1,3.4,1,14.51,1.2,7 PM,6 PM-8 PM,0.6,87.06,2611.8,2568.92,14.32,13.89,16.98,0.62,increased,AC health issue increased consumption,84,79,11.9,0,sick,94,High usage detected!,Your pet is suffering because heavy usage or a faulty appliance is stressing the home.,0,Steady Guardian,4,4,sudden_spike|pet_suffering|ac_fault|iron_fault,replace_ac_efficient_model|replace_iron_efficient_model|saving_mode_optimizations|shift_usage_to_morning,Highest usage is during 6 PM-8 PM. Shift ironing or cooling to morning to save cost.,Saving mode is active. Prioritize fans over AC and switch off standby loads.,Your appliance mix is stable today.,0.14,0.14,0.14,0.14,0.14,0.15,0.46,0.74,0.6,0.38,0.32,0.38,0.45,0.36,0.34,0.45,0.48,0.69,1.07,1.2,1.05,0.6,0.4,0.22,1590,6.8,6,good,yes,10.81,64.86,68.5,1,9.0,134,11.8,5,good,yes,1.58,9.48,10.0,0,1.6,1137,2.3,7,good,yes,2.62,15.72,16.6,1,2.2,169,4.6,6,good,yes,0.78,4.68,4.9,0,1.1
2026-11-20,Friday,November,0.823,0,low,21.9,2.1,0,18.42,1.29,7 PM,6 PM-8 PM,0.77,110.52,3315.6,3205.74,17.25,14.51,17.19,3.91,increased,AC health issue increased consumption,70,62,15.1,0,sick,94,High usage detected!,Your pet is suffering because heavy usage or a faulty appliance is stressing the home.,0,Steady Guardian,4,3,sudden_spike|pet_suffering|ac_fault|iron_fault,replace_ac_efficient_model|replace_iron_efficient_model|shift_usage_to_morning,Highest usage is during 6 PM-8 PM. Shift ironing or cooling to morning to save cost.,You can improve efficiency by cutting AC usage by 1 hour.,Your appliance mix is stable today.,0.22,0.2,0.14,0.18,0.19,0.34,0.6,0.95,0.82,0.55,0.53,0.53,0.67,0.6,0.53,0.54,0.7,0.9,1.26,1.29,1.22,0.88,0.59,0.43,1542,7.6,6,good,yes,11.72,70.32,72.5,1,9.0,139,11.2,5,good,yes,1.56,9.36,9.6,0,1.6,1225,2.0,7,good,yes,2.45,14.7,15.2,1,2.2,77,5.7,6,good,yes,0.44,2.64,2.7,0,1.1
2026-11-21,Saturday,November,0.823,1,medium,22.4,1.5,0,18.25,1.3,7 PM,6 PM-8 PM,0.76,109.5,3285.0,3468.61,18.3,18.42,17.13,-0.17,decreased,AC health issue increased consumption,70,66,14.96,0.14,sick,94,High usage detected!,Your pet is suffering because heavy usage or a faulty appliance is stressing the home.,0,Steady Guardian,5,4,sudden_spike|pet_suffering|ac_fault|iron_fault|tv_fault,replace_ac_efficient_model|replace_iron_efficient_model|replace_tv_efficient_model|shift_usage_to_morning,Highest usage is during 6 PM-8 PM. Shift ironing or cooling to morning to save cost.,You can improve efficiency by cutting AC usage by 1 hour.,Your appliance mix is stable today.,0.22,0.21,0.23,0.2,0.18,0.35,0.66,0.96,0.86,0.61,0.49,0.58,0.62,0.63,0.55,0.53,0.64,0.84,1.26,1.3,1.22,0.82,0.62,0.4,1507,7.1,6,good,yes,10.7,64.2,72.1,1,9.0,78,13.2,5,good,yes,1.03,6.18,6.9,0,1.6,1240,1.6,7,good,yes,1.98,11.88,13.3,1,2.2,196,5.8,6,good,yes,1.14,6.84,7.7,1,1.1
2026-11-22,Sunday,November,0.824,1,medium,27.1,4.3,1,14.6,1.12,7 PM,6 PM-8 PM,0.61,87.6,2628.0,2791.4,15.69,18.25,16.58,-3.65,decreased,AC health issue increased consumption,83,83,11.97,2.99,sick,94,High usage detected!,Your pet is suffering because heavy usage or a faulty appliance is stressing the home.,0,Steady Guardian,4,4,sudden_spike|pet_suffering|ac_fault|iron_fault,replace_ac_efficient_model|replace_iron_efficient_model|saving_mode_optimizations|shift_usage_to_morning,Highest usage is during 6 PM-8 PM. Shift ironing or cooling to morning to save cost.,Saving mode is active. Prioritize fans over AC and switch off standby loads.,Your appliance mix is stable today.,0.14,0.14,0.14,0.14,0.14,0.14,0.41,0.7,0.63,0.39,0.32,0.43,0.51,0.42,0.35,0.37,0.54,0.7,1.02,1.12,1.0,0.67,0.48,0.26,1455,8.4,6,good,yes,12.22,73.32,78.2,1,9.0,43,12.6,5,good,yes,0.54,3.24,3.5,0,1.6,1258,1.7,7,good,no,2.14,12.84,13.7,1,2.2,153,4.8,6,good,yes,0.73,4.38,4.7,0,1.1
2026-11-23,Monday,November,0.825,0,high,27.5,3.4,1,14.48,1.19,7 PM,6 PM-8 PM,0.6,86.88,2606.4,2555.28,14.52,14.6,16.09,-0.12,decreased,AC health issue increased consumption,84,80,11.87,0.1,sick,94,High usage detected!,Your pet is suffering because heavy usage or a faulty appliance is stressing the home.,0,Steady Guardian,5,5,sudden_spike|pet_suffering|ac_fault|iron_fault|tv_fault,replace_ac_efficient_model|replace_iron_efficient_model|replace_tv_efficient_model|saving_mode_optimizations|shift_usage_to_morning,Highest usage is during 6 PM-8 PM. Shift ironing or cooling to morning to save cost.,Saving mode is active. Prioritize fans over AC and switch off standby loads.,Your appliance mix is stable today.,0.14,0.14,0.14,0.14,0.14,0.14,0.42,0.7,0.6,0.34,0.33,0.39,0.45,0.36,0.41,0.37,0.5,0.75,1.03,1.19,1.01,0.64,0.42,0.27,1580,8.8,6,good,yes,13.9,83.4,88.3,1,9.0,116,11.9,5,good,yes,1.38,8.28,8.8,0,1.6,1155,0.3,7,good,yes,0.35,2.1,2.2,1,2.2,33,3.6,6,slow,no,0.12,0.72,0.8,1,1.1
2026-11-24,Tuesday,November,0.825,0,medium,21.6,6.0,0,17.55,1.35,7 PM,6 PM-8 PM,0.73,105.3,3159.0,3034.24,16.63,14.48,15.96,3.07,increased,AC health issue increased consumption,73,66,14.39,0,sick,94,High usage detected!,Your pet is suffering because heavy usage or a faulty appliance is stressing the home.,0,Steady Guardian,4,3,sudden_spike|pet_suffering|ac_fault|iron_fault,replace_ac_efficient_model|replace_iron_efficient_model|shift_usage_to_morning,Highest usage is during 6 PM-8 PM. Shift ironing or cooling to morning to save cost.,You can improve efficiency by cutting AC usage by 1 hour.,Your appliance mix is stable today.,0.17,0.22,0.16,0.14,0.17,0.32,0.57,0.88,0.78,0.56,0.51,0.51,0.63,0.61,0.49,0.56,0.64,0.83,1.22,1.35,1.14,0.83,0.66,0.33,1609,7.9,6,good,yes,12.71,76.26,85.4,1,9.0,119,11.1,5,good,yes,1.32,7.92,8.9,0,1.6,1224,0.4,7,good,yes,0.49,2.94,3.3,1,2.2,62,5.8,6,good,yes,0.36,2.16,2.4,0,1.1
2026-11-25,Wednesday,November,0.826,0,medium,27.8,1.3,0,18.08,1.36,7 PM,6 PM-8 PM,0.75,108.48,3254.4,3611.22,17.92,17.55,16.56,0.53,increased,AC health issue increased consumption,71,66,14.83,0,sick,94,High usage detected!,Your pet is suffering because heavy usage or a faulty appliance is stressing the home.,0,Steady Guardian,5,3,sudden_spike|pet_suffering|ac_fault|iron_fault|phantom_load_tv,replace_ac_efficient_model|replace_iron_efficient_model|shift_usage_to_morning,Highest usage is during 6 PM-8 PM. Shift ironing or cooling to morning to save cost.,You can improve efficiency by cutting AC usage by 1 hour.,TV standby may be wasting power,0.2,0.15,0.14,0.2,0.22,0.37,0.61,0.93,0.83,0.58,0.51,0.62,0.65,0.64,0.56,0.57,0.69,0.91,1.26,1.36,1.19,0.87,0.65,0.43,1516,6.7,6,good,yes,10.16,60.96,76.1,1,9.0,50,11.6,5,good,yes,0.58,3.48,4.3,0,1.6,1183,1.7,7,good,yes,2.01,12.06,15.1,1,2.2,117,5.1,6,standby,yes,0.6,3.6,4.5,0,1.1
2026-11-26,Thursday,November,0.827,0,medium,22.8,0.4,0,17.19,1.29,7 PM,6 PM-8 PM,0.72,103.14,3094.2,3124.7,17.46,18.08,16.94,-0.89,decreased,AC health issue increased consumption,74,71,14.1,0.73,sick,94,High usage detected!,Your pet is suffering because heavy usage or a faulty appliance is stressing the home.,0,Steady Guardian,4,3,sudden_spike|pet_suffering|ac_fault|iron_fault,replace_ac_efficient_model|replace_iron_efficient_model|shift_usage_to_morning,Highest usage is during 6 PM-8 PM. Shift ironing or cooling to morning to save cost.,You can improve efficiency by cutting AC usage by 1 hour.,Your appliance mix is stable today.,0.26,0.14,0.19,0.16,0.17,0.33,0.62,0.91,0.84,0.56,0.51,0.62,0.62,0.56,0.53,0.6,0.7,0.9,1.18,1.29,1.19,0.79,0.6,0.43,1460,6.5,6,good,yes,9.49,56.94,83.9,1,9.0,7,11.4,5,good,yes,0.08,0.48,0.7,0,1.6,1185,1.0,7,good,yes,1.19,7.14,10.5,1,2.2,131,4.2,6,good,yes,0.55,3.3,4.9,0,1.1
2026-11-27,Friday,November,0.828,0,high,21.6,0.9,1,14.49,1.15,7 PM,6 PM-8 PM,0.6,86.94,2608.2,2620.42,15.3,17.19,16.38,-2.7,decreased,AC health issue increased consumption,84,83,11.88,2.21,sick,94,High usage detected!,Your pet is suffering because heavy usage or a faulty appliance is stressing the home.,0,Steady Guardian,4,4,sudden_spike|pet_suffering|ac_fault|iron_fault,replace_ac_efficient_model|replace_iron_efficient_model|saving_mode_optimizations|shift_usage_to_morning,Highest usage is during 6 PM-8 PM. Shift ironing or cooling to morning to save cost.,Saving mode is active. Prioritize fans over AC and switch off standby loads.,Your appliance mix is stable today.,0.14,0.14,0.14,0.14,0.14,0.18,0.46,0.72,0.63,0.47,0.39,0.36,0.53,0.42,0.44,0.43,0.57,0.74,1.05,1.15,1.05,0.65,0.51,0.22,1463,8.3,6,good,yes,12.14,72.84,94.5,1,9.0,0,12.1,5,good,yes,0.0,0.0,0.0,0,1.6,1220,0.2,7,slow,no,0.24,1.44,1.9,1,2.2,81,5.7,6,good,yes,0.46,2.76,3.6,0,1.1
2026-11-28,Saturday,November,0.829,1,low,22.9,2.2,1,15.33,1.18,7 PM,6 PM-8 PM,0.64,91.98,2759.4,2991.22,15.08,14.49,15.96,0.84,increased,AC health issue increased consumption,81,76,12.57,0,sick,94,High usage detected!,Your pet is suffering because heavy usage or a faulty appliance is stressing the home.,0,Steady Guardian,5,5,sudden_spike|pet_suffering|ac_fault|fan_fault|iron_fault,replace_ac_efficient_model|replace_fan_efficient_model|replace_iron_efficient_model|saving_mode_optimizations|shift_usage_to_morning,Highest usage is during 6 PM-8 PM. Shift ironing or cooling to morning to save cost.,Saving mode is active. Prioritize fans over AC and switch off standby loads.,Your appliance mix is stable today.,0.14,0.14,0.14,0.14,0.14,0.14,0.44,0.77,0.69,0.45,0.38,0.44,0.54,0.44,0.42,0.43,0.57,0.74,1.1,1.18,1.02,0.74,0.44,0.29,1452,8.4,6,good,no,12.2,73.2,78.7,1,9.0,89,13.0,5,good,no,1.16,6.96,7.5,1,1.6,1217,1.3,7,good,yes,1.58,9.48,10.2,1,2.2,100,5.6,6,good,yes,0.56,3.36,3.6,0,1.1
2026-11-29,Sunday,November,0.83,1,low,25.7,2.4,0,18.73,1.33,7 PM,6 PM-8 PM,0.78,112.38,3371.4,3511.38,17.71,15.33,16.55,3.4,increased,AC health issue increased consumption,69,62,15.36,0,sick,94,High usage detected!,Your pet is suffering because heavy usage or a faulty appliance is stressing the home.,0,Recovery Mode,5,3,sudden_spike|pet_suffering|ac_fault|iron_fault|phantom_load_tv,replace_ac_efficient_model|replace_iron_efficient_model|shift_usage_to_morning,Highest usage is during 6 PM-8 PM. Shift ironing or cooling to morning to save cost.,You can improve efficiency by cutting AC usage by 1 hour.,TV standby may be wasting power,0.25,0.18,0.15,0.14,0.19,0.33,0.63,0.92,0.84,0.63,0.53,0.56,0.6,0.66,0.61,0.64,0.67,0.84,1.22,1.33,1.23,0.84,0.65,0.39,1551,7.7,6,good,no,11.94,71.64,71.0,1,9.0,117,11.0,5,good,yes,1.29,7.74,7.7,0,1.6,1199,2.7,7,good,no,3.24,19.44,19.3,1,2.2,57,6.2,6,standby,yes,0.35,2.1,2.1,0,1.1
2026-11-30,Monday,November,0.831,0,medium,26.0,0.1,0,17.72,1.37,7 PM,6 PM-8 PM,0.74,106.32,3189.6,3169.5,18.02,18.73,17.01,-1.01,decreased,AC health issue increased consumption,72,69,14.53,0.83,sick,94,High usage detected!,Your pet is suffering because heavy usage or a faulty appliance is stressing the home.,0,Steady Guardian,5,4,sudden_spike|pet_suffering|ac_fault|fan_fault|iron_fault,replace_ac_efficient_model|replace_fan_efficient_model|replace_iron_efficient_model|shift_usage_to_morning,Highest usage is during 6 PM-8 PM. Shift ironing or cooling to morning to save cost.,You can improve efficiency by cutting AC usage by 1 hour.,Your appliance mix is stable today.,0.22,0.24,0.18,0.19,0.2,0.29,0.63,0.88,0.84,0.58,0.57,0.52,0.69,0.63,0.57,0.54,0.75,0.95,1.21,1.37,1.2,0.87,0.61,0.36,1470,6.5,6,good,yes,9.55,57.3,79.9,1,9.0,95,11.4,5,noise,no,1.08,6.48,9.0,1,1.6,1169,0.9,7,good,no,1.05,6.3,8.8,1,2.2,58,4.6,6,good,yes,0.27,1.62,2.3,0,1.1
2026-12-01,Tuesday,December,0.832,0,low,21.3,3.7,0,17.86,1.34,7 PM,6 PM-8 PM,0.74,107.16,3214.8,3539.24,17.82,17.72,17.06,0.14,increased,AC health issue increased consumption,72,68,14.65,0,sick,94,High usage detected!,Your pet is suffering because heavy usage or a faulty appliance is stressing the home.,0,Steady Guardian,6,4,sudden_spike|pet_suffering|ac_fault|iron_fault|tv_fault|phantom_load_tv,replace_ac_efficient_model|replace_iron_efficient_model|replace_tv_efficient_model|shift_usage_to_morning,Highest usage is during 6 PM-8 PM. Shift ironing or cooling to morning to save cost.,You can improve efficiency by cutting AC usage by 1 hour.,TV standby may be wasting power,0.17,0.22,0.14,0.17,0.15,0.33,0.64,0.88,0.85,0.54,0.51,0.6,0.64,0.58,0.58,0.59,0.68,0.85,1.16,1.34,1.21,0.82,0.58,0.39,1482,6.9,6,good,no,10.23,61.38,69.5,1,9.0,79,13.2,5,good,yes,1.04,6.24,7.1,0,1.6,1305,2.4,7,good,no,3.13,18.78,21.3,1,2.2,85,3.8,6,standby,no,0.32,1.92,2.2,1,1.1
2026-12-02,Wednesday,December,0.833,0,low,23.0,2.3,0,18.09,1.33,7 PM,6 PM-8 PM,0.75,108.54,3256.2,3204.12,18.02,17.86,17.06,0.23,increased,AC health issue increased consumption,71,67,14.83,0,sick,94,High usage detected!,Your pet is suffering because heavy usage or a faulty appliance is stressing the home.,0,Steady Guardian,6,4,sudden_spike|pet_suffering|ac_fault|iron_fault|tv_fault|phantom_load_tv,replace_ac_efficient_model|replace_iron_efficient_model|replace_tv_efficient_model|shift_usage_to_morning,Highest usage is during 6 PM-8 PM. Shift ironing or cooling to morning to save cost.,You can improve efficiency by cutting AC usage by 1 hour.,TV standby may be wasting power,0.26,0.2,0.17,0.16,0.23,0.32,0.6,0.94,0.91,0.6,0.57,0.63,0.6,0.6,0.56,0.58,0.76,0.88,1.21,1.33,1.21,0.91,0.69,0.4,1474,7.4,6,good,yes,10.91,65.46,86.7,1,9.0,68,11.4,5,good,yes,0.78,4.68,6.2,0,1.6,1206,0.2,7,good,yes,0.24,1.44,1.9,1,2.2,116,5.7,6,standby,no,0.66,3.96,5.2,1,1.1
2026-12-03,Thursday,December,0.834,0,high,28.5,0,0,18.02,1.32,7 PM,6 PM-8 PM,0.75,108.12,3243.6,3428.61,18.04,18.09,17.18,-0.07,decreased,AC health issue increased consumption,71,67,14.78,0.06,sick,94,High usage detected!,Your pet is suffering because heavy usage or a faulty appliance is stressing the home.,0,Steady Guardian,5,3,sudden_spike|pet_suffering|ac_fault|iron_fault|phantom_load_tv,replace_ac_efficient_model|replace_iron_efficient_model|shift_usage_to_morning,Highest usage is during 6 PM-8 PM. Shift ironing or cooling to morning to save cost.,You can improve efficiency by cutting AC usage by 1 hour.,TV standby may be wasting power,0.25,0.26,0.14,0.14,0.18,0.4,0.62,0.95,0.89,0.57,0.55,0.52,0.71,0.59,0.51,0.6,0.76,0.91,1.27,1.32,1.17,0.84,0.7,0.36,1571,7.1,6,good,yes,11.15,66.9,87.3,1,9.0,13,13.0,5,good,yes,0.17,1.02,1.3,0,1.6,1136,1.0,7,good,yes,1.14,6.84,8.9,1,2.2,60,5.2,6,standby,yes,0.31,1.86,2.4,0,1.1
2026-12-04,Friday,December,0.835,0,medium,26.6,4.3,1,14.32,1.12,7 PM,6 PM-8 PM,0.6,85.92,2577.6,2539.05,15.43,18.02,17.15,-3.7,decreased,AC health issue increased consumption,84,84,11.74,3.03,sick,94,High usage detected!,Your pet is suffering because heavy usage or a faulty appliance is stressing the home.,0,Steady Guardian,6,5,sudden_spike|pet_suffering|ac_fault|fan_fault|iron_fault|phantom_load_tv,replace_ac_efficient_model|replace_fan_efficient_model|replace_iron_efficient_model|saving_mode_optimizations|shift_usage_to_morning,Highest usage is during 6 PM-8 PM. Shift ironing or cooling to morning to save cost.,Saving mode is active. Prioritize fans over AC and switch off standby loads.,TV standby may be wasting power,0.14,0.14,0.14,0.14,0.14,0.14,0.47,0.73,0.7,0.36,0.41,0.36,0.45,0.39,0.34,0.36,0.46,0.72,1.0,1.12,1.02,0.62,0.4,0.25,1596,7.1,6,good,yes,11.33,67.98,75.1,1,9.0,118,11.9,5,good,no,1.4,8.4,9.3,1,1.6,1291,1.2,7,good,yes,1.55,9.3,10.3,1,2.2,201,4.0,6,standby,yes,0.8,4.8,5.3,0,1.1
2026-12-05,Saturday,December,0.837,1,medium,21.3,2.7,0,19.31,1.4,7 PM,6 PM-8 PM,0.8,115.86,3475.8,3615.43,17.81,14.32,17.72,4.99,increased,AC health issue increased consumption,66,57,15.83,0,sick,94,High usage detected!,Your pet is suffering because heavy usage or a faulty appliance is stressing the home.,0,Recovery Mode,5,4,sudden_spike|pet_suffering|ac_fault|fan_fault|iron_fault,replace_ac_efficient_model|replace_fan_efficient_model|replace_iron_efficient_model|shift_usage_to_morning,Highest usage is during 6 PM-8 PM. Shift ironing or cooling to morning to save cost.,You can improve efficiency by cutting AC usage by 1 hour.,Your appliance mix is stable today.,0.22,0.24,0.18,0.23,0.26,0.39,0.63,0.97,0.88,0.61,0.56,0.63,0.69,0.65,0.53,0.64,0.66,0.87,1.18,1.4,1.2,0.8,0.6,0.41,1546,8.8,6,good,yes,13.6,81.6,77.1,1,9.0,179,11.3,5,slow,no,2.02,12.12,11.5,1,1.6,1302,1.2,7,good,yes,1.56,9.36,8.8,1,2.2,106,4.3,6,good,yes,0.46,2.76,2.6,0,1.1
2026-12-06,Sunday,December,0.838,1,high,22.8,3.1,0,18.77,1.39,7 PM,6 PM-8 PM,0.78,112.62,3378.6,3530.36,18.93,19.31,17.73,-0.54,decreased,AC health issue increased consumption,68,65,15.39,0.44,sick,94,High usage detected!,Your pet is suffering because heavy usage or a faulty appliance is stressing the home.,0,Recovery Mode,6,5,sudden_spike|pet_suffering|ac_fault|fan_fault|iron_fault|tv_fault,replace_ac_efficient_model|replace_fan_efficient_model|replace_iron_efficient_model|replace_tv_efficient_model|shift_usage_to_morning,Highest usage is during 6 PM-8 PM. Shift ironing or cooling to morning to save cost.,You can improve efficiency by cutting AC usage by 1 hour.,Your appliance mix is stable today.,0.25,0.2,0.14,0.14,0.2,0.32,0.66,0.87,0.86,0.58,0.46,0.6,0.64,0.56,0.6,0.56,0.65,0.82,1.22,1.39,1.14,0.86,0.61,0.38,1575,7.8,6,good,yes,12.29,73.74,66.6,1,9.0,146,11.4,5,good,yes,1.66,9.96,9.0,1,1.6,1286,2.5,7,good,yes,3.21,19.26,17.4,1,2.2,191,6.7,6,good,yes,1.28,7.68,6.9,1,1.1
2026-12-07,Monday,December,0.839,0,medium,24.7,7.4,0,17.86,1.38,7 PM,6 PM-8 PM,0.74,107.16,3214.8,3170.52,18.13,18.77,17.75,-0.91,decreased,AC health issue increased consumption,72,69,14.65,0.75,sick,94,High usage detected!,Your pet is suffering because heavy usage or a faulty appliance is stressing the home.,0,Steady Guardian,5,4,sudden_spike|pet_suffering|ac_fault|fan_fault|iron_fault,replace_ac_efficient_model|replace_fan_efficient_model|replace_iron_efficient_model|shift_usage_to_morning,Highest usage is during 6 PM-8 PM. Shift ironing or cooling to morning to save cost.,You can improve efficiency by cutting AC usage by 1 hour.,Your appliance mix is stable today.,0.15,0.14,0.19,0.15,0.24,0.37,0.55,0.95,0.86,0.59,0.55,0.58,0.65,0.58,0.55,0.57,0.68,0.91,1.25,1.38,1.18,0.85,0.58,0.4,1423,8.1,6,good,no,11.53,69.18,85.8,1,9.0,117,10.9,5,good,no,1.28,7.68,9.5,1,1.6,1186,0.2,7,good,yes,0.24,1.44,1.8,1,2.2,85,4.6,6,good,yes,0.39,2.34,2.9,0,1.1
2026-12-08,Tuesday,December,0.841,0,medium,21.9,3.7,0,17.74,1.33,7 PM,6 PM-8 PM,0.74,106.44,3193.2,3537.92,17.78,17.86,17.73,-0.12,decreased,AC health issue increased consumption,72,68,14.55,0.1,sick,94,High usage detected!,Your pet is suffering because heavy usage or a faulty appliance is stressing the home.,0,Steady Guardian,5,4,sudden_spike|pet_suffering|ac_fault|fan_fault|iron_fault,replace_ac_efficient_model|replace_fan_efficient_model|replace_iron_efficient_model|shift_usage_to_morning,Highest usage is during 6 PM-8 PM. Shift ironing or cooling to morning to save cost.,You can improve efficiency by cutting AC usage by 1 hour.,Your appliance mix is stable today.,0.27,0.19,0.17,0.14,0.16,0.27,0.66,0.96,0.78,0.59,0.55,0.52,0.6,0.62,0.52,0.57,0.72,0.88,1.21,1.33,1.21,0.86,0.6,0.33,1465,7.3,6,good,no,10.69,64.14,77.6,1,9.0,180,10.9,5,good,yes,1.96,11.76,14.2,1,1.6,1316,0.2,7,slow,no,0.26,1.56,1.9,1,2.2,153,5.6,6,good,yes,0.86,5.16,6.2,0,1.1
2026-12-09,Wednesday,December,0.842,0,medium,28.0,2.1,0,18.06,1.36,7 PM,6 PM-8 PM,0.75,108.36,3250.8,3498.33,17.96,17.74,17.73,0.32,increased,AC health issue increased consumption,71,67,14.81,0,sick,94,High usage detected!,Your pet is suffering because heavy usage or a faulty appliance is stressing the home.,0,Steady Guardian,5,4,sudden_spike|pet_suffering|ac_fault|iron_fault|tv_fault,replace_ac_efficient_model|replace_iron_efficient_model|replace_tv_efficient_model|shift_usage_to_morning,Highest usage is during 6 PM-8 PM. Shift ironing or cooling to morning to save cost.,You can improve efficiency by cutting AC usage by 1 hour.,Your appliance mix is stable today.,0.19,0.2,0.22,0.14,0.19,0.36,0.67,0.97,0.81,0.65,0.51,0.6,0.71,0.61,0.61,0.58,0.72,0.87,1.19,1.36,1.16,0.84,0.71,0.46,1586,7.2,6,good,yes,11.42,68.52,91.9,1,9.0,-4,13.3,5,good,yes,-0.05,-0.3,-0.4,0,1.6,1141,0.2,7,good,no,0.23,1.38,1.9,1,2.2,216,3.8,6,good,no,0.82,4.92,6.6,1,1.1
2026-12-10,Thursday,December,0.844,0,low,23.9,2.0,0,18.97,1.4,7 PM,6 PM-8 PM,0.79,113.82,3414.6,3304.83,18.7,18.06,17.86,0.91,increased,AC health issue increased consumption,68,63,15.56,0,sick,94,High usage detected!,Your pet is suffering because heavy usage or a faulty appliance is stressing the home.,0,Recovery Mode,6,4,sudden_spike|pet_suffering|ac_fault|fan_fault|iron_fault|phantom_load_tv,replace_ac_efficient_model|replace_fan_efficient_model|replace_iron_efficient_model|shift_usage_to_morning,Highest usage is during 6 PM-8 PM. Shift ironing or cooling to morning to save cost.,You can improve efficiency by cutting AC usage by 1 hour.,TV standby may be wasting power,0.27,0.22,0.16,0.18,0.22,0.29,0.59,0.99,0.88,0.65,0.57,0.62,0.73,0.59,0.62,0.66,0.77,0.9,1.24,1.4,1.21,0.8,0.62,0.38,1443,8.6,6,good,yes,12.41,74.46,80.0,1,9.0,149,12.4,5,slow,no,1.85,11.1,11.9,1,1.6,1316,0.7,7,good,yes,0.92,5.52,5.9,1,2.2,66,5.0,6,standby,yes,0.33,1.98,2.1,0,1.1
2026-12-11,Friday,December,0.845,0,low,27.3,1.1,0,19.11,1.37,7 PM,6 PM-8 PM,0.8,114.66,3439.8,3829.07,19.07,18.97,18.55,0.14,increased,AC health issue increased consumption,67,63,15.67,0,sick,94,High usage detected!,Your pet is suffering because heavy usage or a faulty appliance is stressing the home.,0,Recovery Mode,6,4,sudden_spike|pet_suffering|ac_fault|fan_fault|iron_fault|phantom_load_tv,replace_ac_efficient_model|replace_fan_efficient_model|replace_iron_efficient_model|shift_usage_to_morning,Highest usage is during 6 PM-8 PM. Shift ironing or cooling to morning to save cost.,You can improve efficiency by cutting AC usage by 1 hour.,TV standby may be wasting power,0.27,0.21,0.2,0.2,0.2,0.35,0.62,0.99,0.89,0.54,0.6,0.57,0.69,0.59,0.52,0.55,0.76,0.92,1.2,1.37,1.22,0.85,0.66,0.39,1571,8.8,6,good,yes,13.82,82.92,81.1,1,9.0,58,11.0,5,good,no,0.64,3.84,3.8,1,1.6,1265,1.6,7,good,no,2.02,12.12,11.8,1,2.2,140,4.1,6,standby,yes,0.57,3.42,3.3,0,1.1
2026-12-12,Saturday,December,0.847,1,medium,28.2,5.7,0,18.58,1.3,7 PM,6 PM-8 PM,0.77,111.48,3344.4,3601.92,18.74,19.11,18.44,-0.53,decreased,AC health issue increased consumption,69,66,15.24,0.43,sick,94,High usage detected!,Your pet is suffering because heavy usage or a faulty appliance is stressing the home.,0,Recovery Mode,5,4,sudden_spike|pet_suffering|ac_fault|fan_fault|iron_fault,replace_ac_efficient_model|replace_fan_efficient_model|replace_iron_efficient_model|shift_usage_to_morning,Highest usage is during 6 PM-8 PM. Shift ironing or cooling to morning to save cost.,You can improve efficiency by cutting AC usage by 1 hour.,Your appliance mix is stable today.,0.15,0.18,0.14,0.18,0.23,0.28,0.62,0.86,0.8,0.58,0.48,0.56,0.62,0.58,0.56,0.62,0.66,0.85,1.26,1.3,1.19,0.85,0.62,0.44,1523,7.9,6,good,yes,12.03,72.18,66.7,1,9.0,171,11.1,5,good,no,1.9,11.4,10.5,1,1.6,1150,2.8,7,good,yes,3.22,19.32,17.8,1,2.2,202,4.4,6,good,yes,0.89,5.34,4.9,0,1.1
2026-12-13,Sunday,December,0.849,1,high,23.0,1.9,0,18.62,1.34,7 PM,6 PM-8 PM,0.78,111.72,3351.6,3367.33,18.61,18.58,18.42,0.04,increased,AC health issue increased consumption,69,65,15.27,0,sick,94,High usage detected!,Your pet is suffering because heavy usage or a faulty appliance is stressing the home.,0,Recovery Mode,6,4,sudden_spike|pet_suffering|ac_fault|fan_fault|iron_fault|phantom_load_tv,replace_ac_efficient_model|replace_fan_efficient_model|replace_iron_efficient_model|shift_usage_to_morning,Highest usage is during 6 PM-8 PM. Shift ironing or cooling to morning to save cost.,You can improve efficiency by cutting AC usage by 1 hour.,TV standby may be wasting power,0.18,0.17,0.14,0.2,0.22,0.33,0.64,0.9,0.88,0.55,0.54,0.64,0.66,0.62,0.55,0.62,0.76,0.87,1.24,1.34,1.25,0.92,0.62,0.41,1490,7.5,6,good,yes,11.18,67.08,72.9,1,9.0,105,12.0,5,good,no,1.26,7.56,8.2,1,1.6,1135,2.2,7,good,yes,2.5,15.0,16.3,1,2.2,72,5.4,6,standby,yes,0.39,2.34,2.5,0,1.1
2026-12-14,Monday,December,0.85,0,high,24.7,1.4,1,15.25,1.19,7 PM,6 PM-8 PM,0.64,91.5,2745.0,2904.69,16.26,18.62,18.05,-3.37,decreased,AC health issue increased consumption,81,80,12.5,2.76,sick,94,High usage detected!,Your pet is suffering because heavy usage or a faulty appliance is stressing the home.,0,Steady Guardian,4,4,sudden_spike|pet_suffering|ac_fault|iron_fault,replace_ac_efficient_model|replace_iron_efficient_model|saving_mode_optimizations|shift_usage_to_morning,Highest usage is during 6 PM-8 PM. Shift ironing or cooling to morning to save cost.,Saving mode is active. Prioritize fans over AC and switch off standby loads.,Your appliance mix is stable today.,0.14,0.14,0.14,0.14,0.14,0.23,0.53,0.84,0.68,0.43,0.39,0.38,0.55,0.48,0.4,0.5,0.56,0.78,1.05,1.19,1.06,0.68,0.45,0.3,1552,8.4,6,good,yes,13.04,78.24,93.5,1,9.0,0,11.0,5,good,yes,0.0,0.0,0.0,0,1.6,1147,0.4,7,good,yes,0.46,2.76,3.3,1,2.2,82,5.5,6,good,yes,0.45,2.7,3.2,0,1.1
2026-12-15,Tuesday,December,0.852,0,high,22.8,3.2,0,17.71,1.34,7 PM,6 PM-8 PM,0.74,106.26,3187.8,3270.61,16.97,15.25,18.04,2.46,increased,AC health issue increased consumption,72,66,14.52,0,sick,94,High usage detected!,Your pet is suffering because heavy usage or a faulty appliance is stressing the home.,0,Steady Guardian,4,3,sudden_spike|pet_suffering|ac_fault|iron_fault,replace_ac_efficient_model|replace_iron_efficient_model|shift_usage_to_morning,Highest usage is during 6 PM-8 PM. Shift ironing or cooling to morning to save cost.,You can improve efficiency by cutting AC usage by 1 hour.,Your appliance mix is stable today.,0.15,0.23,0.14,0.17,0.21,0.33,0.56,0.88,0.79,0.54,0.56,0.53,0.68,0.6,0.56,0.6,0.74,0.9,1.21,1.34,1.22,0.89,0.61,0.43,1511,7.6,6,good,yes,11.48,68.88,88.8,1,9.0,80,12.1,5,good,yes,0.97,5.82,7.5,0,1.6,1263,0.2,7,good,no,0.25,1.5,1.9,1,2.2,55,4.1,6,good,yes,0.23,1.38,1.8,0,1.1
2026-12-16,Wednesday,December,0.854,0,high,29.3,0,1,15.21,1.23,7 PM,6 PM-8 PM,0.63,91.26,2737.8,2749.92,15.96,17.71,17.64,-2.5,decreased,AC health issue increased consumption,81,80,12.47,2.05,sick,94,High usage detected!,Your pet is suffering because heavy usage or a faulty appliance is stressing the home.,0,Steady Guardian,5,5,sudden_spike|pet_suffering|ac_fault|fan_fault|iron_fault,replace_ac_efficient_model|replace_fan_efficient_model|replace_iron_efficient_model|saving_mode_optimizations|shift_usage_to_morning,Highest usage is during 6 PM-8 PM. Shift ironing or cooling to morning to save cost.,Saving mode is active. Prioritize fans over AC and switch off standby loads.,Your appliance mix is stable today.,0.14,0.14,0.14,0.14,0.14,0.17,0.43,0.73,0.72,0.39,0.37,0.44,0.51,0.43,0.4,0.41,0.51,0.8,1.13,1.23,1.09,0.74,0.44,0.28,1558,6.8,6,good,yes,10.59,63.54,70.9,1,9.0,181,10.8,5,good,yes,1.95,11.7,13.1,1,1.6,1175,1.9,7,good,yes,2.23,13.38,14.9,1,2.2,45,3.7,6,good,yes,0.17,1.02,1.1,0,1.1
2026-12-17,Thursday,December,0.856,0,high,24.3,0.7,0,18.74,1.37,7 PM,6 PM-8 PM,0.78,112.44,3373.2,3472.84,17.68,15.21,17.6,3.53,increased,AC health issue increased consumption,69,61,15.37,0,sick,94,High usage detected!,Your pet is suffering because heavy usage or a faulty appliance is stressing the home.,0,Recovery Mode,7,5,sudden_spike|pet_suffering|ac_fault|fan_fault|iron_fault|tv_fault|phantom_load_tv,replace_ac_efficient_model|replace_fan_efficient_model|replace_iron_efficient_model|replace_tv_efficient_model|shift_usage_to_morning,Highest usage is during 6 PM-8 PM. Shift ironing or cooling to morning to save cost.,You can improve efficiency by cutting AC usage by 1 hour.,TV standby may be wasting power,0.2,0.23,0.25,0.19,0.25,0.31,0.69,0.92,0.82,0.56,0.6,0.55,0.65,0.57,0.58,0.62,0.66,0.95,1.29,1.37,1.27,0.9,0.7,0.41,1596,6.5,6,good,yes,10.37,62.22,71.2,1,9.0,116,11.8,5,noise,no,1.37,8.22,9.4,1,1.6,1295,2.0,7,good,yes,2.59,15.54,17.8,1,2.2,41,5.5,6,standby,no,0.23,1.38,1.6,1,1.1
2026-12-18,Friday,December,0.858,0,high,27.0,3.3,1,14.9,1.16,7 PM,6 PM-8 PM,0.62,89.4,2682.0,2880.45,16.05,18.74,17.0,-3.84,decreased,AC health issue increased consumption,82,82,12.22,3.15,sick,94,High usage detected!,Your pet is suffering because heavy usage or a faulty appliance is stressing the home.,0,Steady Guardian,5,5,sudden_spike|pet_suffering|ac_fault|fan_fault|iron_fault,replace_ac_efficient_model|replace_fan_efficient_model|replace_iron_efficient_model|saving_mode_optimizations|shift_usage_to_morning,Highest usage is during 6 PM-8 PM. Shift ironing or cooling to morning to save cost.,Saving mode is active. Prioritize fans over AC and switch off standby loads.,Your appliance mix is stable today.,0.14,0.14,0.14,0.14,0.14,0.21,0.51,0.82,0.73,0.37,0.43,0.41,0.5,0.49,0.38,0.43,0.57,0.71,1.04,1.16,1.08,0.72,0.41,0.22,1516,8.4,6,good,yes,12.73,76.38,93.2,1,9.0,18,13.1,5,good,no,0.24,1.44,1.8,1,1.6,1133,0.4,7,good,yes,0.45,2.7,3.3,1,2.2,48,5.0,6,good,yes,0.24,1.44,1.8,0,1.1
2026-12-19,Saturday,December,0.86,1,low,22.9,2.7,0,18.32,1.35,7 PM,6 PM-8 PM,0.76,109.92,3297.6,3528.67,17.29,14.9,16.96,3.42,increased,AC health issue increased consumption,70,63,15.02,0,sick,94,High usage detected!,Your pet is suffering because heavy usage or a faulty appliance is stressing the home.,0,Steady Guardian,7,5,sudden_spike|pet_suffering|ac_fault|fan_fault|iron_fault|tv_fault|phantom_load_tv,replace_ac_efficient_model|replace_fan_efficient_model|replace_iron_efficient_model|replace_tv_efficient_model|shift_usage_to_morning,Highest usage is during 6 PM-8 PM. Shift ironing or cooling to morning to save cost.,You can improve efficiency by cutting AC usage by 1 hour.,TV standby may be wasting power,0.21,0.15,0.23,0.19,0.18,0.36,0.6,0.96,0.83,0.57,0.56,0.63,0.62,0.63,0.63,0.57,0.76,0.95,1.21,1.35,1.24,0.87,0.68,0.37,1614,7.2,6,overheat,no,11.62,69.72,86.2,1,9.0,2,10.9,5,noise,no,0.02,0.12,0.1,1,1.6,1305,0.4,7,good,yes,0.52,3.12,3.9,1,2.2,213,6.2,6,standby,yes,1.32,7.92,9.8,1,1.1
2026-12-20,Sunday,December,0.862,1,medium,25.4,1.8,0,19.13,1.37,7 PM,6 PM-8 PM,0.8,114.78,3443.4,3589.89,18.89,18.32,17.04,0.81,increased,AC health issue increased consumption,67,62,15.69,0,sick,94,High usage detected!,Your pet is suffering because heavy usage or a faulty appliance is stressing the home.,0,Recovery Mode,5,4,sudden_spike|pet_suffering|ac_fault|fan_fault|iron_fault,replace_ac_efficient_model|replace_fan_efficient_model|replace_iron_efficient_model|shift_usage_to_morning,Highest usage is during 6 PM-8 PM. Shift ironing or cooling to morning to save cost.,You can improve efficiency by cutting AC usage by 1 hour.,Your appliance mix is stable today.,0.28,0.21,0.17,0.22,0.26,0.37,0.68,1.01,0.86,0.62,0.6,0.59,0.66,0.6,0.54,0.62,0.68,0.95,1.27,1.37,1.25,0.91,0.62,0.46,1493,7.7,6,good,yes,11.5,69.0,76.0,1,9.0,75,11.8,5,noise,no,0.89,5.34,5.9,1,1.6,1131,1.9,7,slow,no,2.15,12.9,14.2,1,2.2,116,5.2,6,good,yes,0.6,3.6,4.0,0,1.1
2026-12-21,Monday,December,0.864,0,low,26.0,0.3,1,15.26,1.27,7 PM,6 PM-8 PM,0.64,91.56,2746.8,3059.78,16.42,19.13,17.04,-3.87,decreased,AC health issue increased consumption,81,81,12.51,3.17,sick,94,High usage detected!,Your pet is suffering because heavy usage or a faulty appliance is stressing the home.,0,Steady Guardian,4,4,sudden_spike|pet_suffering|ac_fault|iron_fault,replace_ac_efficient_model|replace_iron_efficient_model|saving_mode_optimizations|shift_usage_to_morning,Highest usage is during 6 PM-8 PM. Shift ironing or cooling to morning to save cost.,Saving mode is active. Prioritize fans over AC and switch off standby loads.,Your appliance mix is stable today.,0.14,0.14,0.14,0.14,0.14,0.17,0.46,0.81,0.75,0.45,0.35,0.43,0.51,0.44,0.44,0.47,0.56,0.76,1.17,1.27,1.12,0.78,0.55,0.27,1452,6.5,6,good,yes,9.44,56.64,74.1,1,9.0,7,13.2,5,good,yes,0.09,0.54,0.7,0,1.6,1184,2.0,7,good,no,2.37,14.22,18.6,1,2.2,155,5.4,6,good,yes,0.84,5.04,6.6,0,1.1
2026-12-22,Tuesday,December,0.866,0,medium,26.7,2.0,0,18.59,1.37,7 PM,6 PM-8 PM,0.77,111.54,3346.2,3367.94,17.59,15.26,17.16,3.33,increased,AC health issue increased consumption,69,62,15.24,0,sick,94,High usage detected!,Your pet is suffering because heavy usage or a faulty appliance is stressing the home.,0,Recovery Mode,4,3,sudden_spike|pet_suffering|ac_fault|iron_fault,replace_ac_efficient_model|replace_iron_efficient_model|shift_usage_to_morning,Highest usage is during 6 PM-8 PM. Shift ironing or cooling to morning to save cost.,You can improve efficiency by cutting AC usage by 1 hour.,Your appliance mix is stable today.,0.24,0.26,0.19,0.17,0.27,0.36,0.61,0.93,0.84,0.55,0.59,0.61,0.66,0.59,0.6,0.63,0.75,0.92,1.23,1.37,1.24,0.91,0.65,0.45,1555,7.5,6,good,no,11.66,69.96,86.4,1,9.0,59,11.1,5,good,yes,0.65,3.9,4.8,0,1.6,1219,0.6,7,good,yes,0.73,4.38,5.4,1,2.2,119,3.9,6,good,yes,0.46,2.76,3.4,0,1.1
2026-12-23,Wednesday,December,0.868,0,medium,27.9,3.3,0,19.0,1.37,7 PM,6 PM-8 PM,0.79,114.0,3420.0,3736.57,18.88,18.59,17.71,0.41,increased,AC health issue increased consumption,68,64,15.58,0,sick,94,High usage detected!,Your pet is suffering because heavy usage or a faulty appliance is stressing the home.,0,Recovery Mode,6,5,sudden_spike|pet_suffering|ac_fault|fan_fault|iron_fault|tv_fault,replace_ac_efficient_model|replace_fan_efficient_model|replace_iron_efficient_model|replace_tv_efficient_model|shift_usage_to_morning,Highest usage is during 6 PM-8 PM. Shift ironing or cooling to morning to save cost.,You can improve efficiency by cutting AC usage by 1 hour.,Your appliance mix is stable today.,0.19,0.2,0.14,0.21,0.25,0.27,0.58,0.92,0.84,0.55,0.51,0.58,0.69,0.6,0.61,0.62,0.73,0.89,1.25,1.37,1.19,0.91,0.62,0.45,1539,7.9,6,good,yes,12.16,72.96,69.9,1,9.0,167,12.6,5,good,no,2.1,12.6,12.1,1,1.6,1134,2.4,7,good,yes,2.72,16.32,15.6,1,2.2,72,5.9,6,good,no,0.42,2.52,2.4,1,1.1
2026-12-24,Thursday,December,0.87,0,high,23.7,1.4,1,16.01,1.19,7 PM,6 PM-8 PM,0.67,96.06,2881.8,2770.39,16.91,19.0,17.32,-2.99,decreased,AC health issue increased consumption,78,77,13.13,2.45,sick,94,High usage detected!,Your pet is suffering because heavy usage or a faulty appliance is stressing the home.,0,Steady Guardian,5,5,sudden_spike|pet_suffering|ac_fault|fan_fault|iron_fault,replace_ac_efficient_model|replace_fan_efficient_model|replace_iron_efficient_model|saving_mode_optimizations|shift_usage_to_morning,Highest usage is during 6 PM-8 PM. Shift ironing or cooling to morning to save cost.,Saving mode is active. Prioritize fans over AC and switch off standby loads.,Your appliance mix is stable today.,0.14,0.14,0.14,0.14,0.14,0.22,0.5,0.8,0.77,0.4,0.35,0.5,0.5,0.43,0.45,0.46,0.53,0.8,1.18,1.19,1.09,0.67,0.46,0.22,1612,8.0,6,good,yes,12.9,77.4,74.9,1,9.0,189,13.3,5,good,yes,2.51,15.06,14.6,1,1.6,1144,1.0,7,good,yes,1.14,6.84,6.6,1,2.2,124,5.5,6,good,yes,0.68,4.08,3.9,0,1.1
2026-12-25,Friday,December,0.872,0,high,21.9,3.6,0,18.4,1.36,7 PM,6 PM-8 PM,0.77,110.4,3312.0,3580.42,17.68,16.01,17.82,2.39,increased,AC health issue increased consumption,70,64,15.09,0,sick,94,High usage detected!,Your pet is suffering because heavy usage or a faulty appliance is stressing the home.,0,Steady Guardian,5,4,sudden_spike|pet_suffering|ac_fault|fan_fault|iron_fault,replace_ac_efficient_model|replace_fan_efficient_model|replace_iron_efficient_model|shift_usage_to_morning,Highest usage is during 6 PM-8 PM. Shift ironing or cooling to morning to save cost.,You can improve efficiency by cutting AC usage by 1 hour.,Your appliance mix is stable today.,0.17,0.21,0.14,0.14,0.22,0.38,0.6,0.92,0.85,0.6,0.51,0.55,0.72,0.56,0.59,0.58,0.64,0.93,1.22,1.36,1.27,0.82,0.59,0.37,1438,8.5,6,good,yes,12.22,73.32,77.6,1,9.0,158,12.9,5,good,yes,2.04,12.24,13.0,1,1.6,1258,0.6,7,good,yes,0.75,4.5,4.8,1,2.2,155,4.7,6,good,yes,0.73,4.38,4.6,0,1.1
2026-12-26,Saturday,December,0.874,1,high,25.0,1.6,1,15.86,1.22,7 PM,6 PM-8 PM,0.66,95.16,2854.8,3080.97,16.62,18.4,17.46,-2.54,decreased,AC health issue increased consumption,79,78,13.01,2.08,sick,94,High usage detected!,Your pet is suffering because heavy usage or a faulty appliance is stressing the home.,0,Steady Guardian,5,5,sudden_spike|pet_suffering|ac_fault|iron_fault|tv_fault,replace_ac_efficient_model|replace_iron_efficient_model|replace_tv_efficient_model|saving_mode_optimizations|shift_usage_to_morning,Highest usage is during 6 PM-8 PM. Shift ironing or cooling to morning to save cost.,Saving mode is active. Prioritize fans over AC and switch off standby loads.,Your appliance mix is stable today.,0.14,0.14,0.14,0.14,0.14,0.17,0.48,0.76,0.7,0.4,0.44,0.47,0.49,0.48,0.49,0.41,0.56,0.73,1.16,1.22,1.16,0.72,0.57,0.3,1552,8.2,6,noise,no,12.73,76.38,81.2,1,9.0,5,13.3,5,good,yes,0.07,0.42,0.4,0,1.6,1134,1.7,7,slow,no,1.93,11.58,12.3,1,2.2,215,4.4,6,good,no,0.95,5.7,6.1,1,1.1
2026-12-27,Sunday,December,0.876,1,medium,23.5,3.5,0,18.72,1.38,7 PM,6 PM-8 PM,0.78,112.32,3369.6,3770.28,17.86,15.86,17.41,2.86,increased,AC health issue increased consumption,69,62,15.35,0,sick,94,High usage detected!,Your pet is suffering because heavy usage or a faulty appliance is stressing the home.,0,Recovery Mode,5,4,sudden_spike|pet_suffering|ac_fault|iron_fault|tv_fault,replace_ac_efficient_model|replace_iron_efficient_model|replace_tv_efficient_model|shift_usage_to_morning,Highest usage is during 6 PM-8 PM. Shift ironing or cooling to morning to save cost.,You can improve efficiency by cutting AC usage by 1 hour.,Your appliance mix is stable today.,0.16,0.17,0.17,0.15,0.16,0.34,0.63,0.97,0.88,0.54,0.5,0.58,0.63,0.64,0.51,0.56,0.75,0.86,1.26,1.38,1.2,0.84,0.64,0.42,1560,8.3,6,good,yes,12.95,77.7,75.4,1,9.0,99,11.0,5,good,yes,1.09,6.54,6.3,0,1.6,1215,1.9,7,overheat,no,2.31,13.86,13.5,1,2.2,135,6.1,6,good,no,0.82,4.92,4.8,1,1.1
2026-12-28,Monday,December,0.879,0,medium,26.5,3.2,1,15.01,1.26,7 PM,6 PM-8 PM,0.63,90.06,2701.8,2861.22,16.12,18.72,17.37,-3.71,decreased,AC health issue increased consumption,82,82,12.31,3.04,sick,94,High usage detected!,Your pet is suffering because heavy usage or a faulty appliance is stressing the home.,0,Steady Guardian,5,5,sudden_spike|pet_suffering|ac_fault|fan_fault|iron_fault,replace_ac_efficient_model|replace_fan_efficient_model|replace_iron_efficient_model|saving_mode_optimizations|shift_usage_to_morning,Highest usage is during 6 PM-8 PM. Shift ironing or cooling to morning to save cost.,Saving mode is active. Prioritize fans over AC and switch off standby loads.,Your appliance mix is stable today.,0.14,0.14,0.14,0.14,0.14,0.18,0.44,0.81,0.73,0.44,0.4,0.45,0.51,0.44,0.44,0.41,0.55,0.77,1.11,1.26,1.1,0.76,0.48,0.29,1495,6.8,6,good,yes,10.17,61.02,81.7,1,9.0,143,11.9,5,good,yes,1.7,10.2,13.7,1,1.6,1183,0.2,7,good,yes,0.24,1.44,1.9,1,2.2,95,3.6,6,good,yes,0.34,2.04,2.7,0,1.1
2026-12-29,Tuesday,December,0.881,0,low,23.3,3.8,1,15.14,1.2,7 PM,6 PM-8 PM,0.63,90.84,2725.2,2617.53,15.1,15.01,16.88,0.13,increased,AC health issue increased consumption,81,77,12.41,0,sick,94,High usage detected!,Your pet is suffering because heavy usage or a faulty appliance is stressing the home.,0,Steady Guardian,4,4,sudden_spike|pet_suffering|ac_fault|iron_fault,replace_ac_efficient_model|replace_iron_efficient_model|saving_mode_optimizations|shift_usage_to_morning,Highest usage is during 6 PM-8 PM. Shift ironing or cooling to morning to save cost.,Saving mode is active. Prioritize fans over AC and switch off standby loads.,Your appliance mix is stable today.,0.14,0.14,0.14,0.14,0.14,0.16,0.49,0.84,0.65,0.44,0.33,0.42,0.46,0.47,0.4,0.43,0.6,0.78,1.06,1.2,1.09,0.77,0.46,0.25,1503,8.1,6,good,yes,12.17,73.02,85.3,1,9.0,87,12.5,5,good,yes,1.09,6.54,7.6,0,1.6,1253,0.2,7,good,yes,0.25,1.5,1.8,1,2.2,213,3.5,6,good,yes,0.75,4.5,5.3,0,1.1
2026-12-30,Wednesday,December,0.883,0,high,24.7,2.2,0,19.09,1.37,7 PM,6 PM-8 PM,0.8,114.54,3436.2,3736.54,17.91,15.14,16.89,3.95,increased,AC health issue increased consumption,67,59,15.65,0,sick,94,High usage detected!,Your pet is suffering because heavy usage or a faulty appliance is stressing the home.,0,Recovery Mode,4,3,sudden_spike|pet_suffering|ac_fault|iron_fault,replace_ac_efficient_model|replace_iron_efficient_model|shift_usage_to_morning,Highest usage is during 6 PM-8 PM. Shift ironing or cooling to morning to save cost.,You can improve efficiency by cutting AC usage by 1 hour.,Your appliance mix is stable today.,0.2,0.17,0.22,0.2,0.22,0.37,0.71,0.94,0.91,0.6,0.6,0.6,0.67,0.68,0.59,0.61,0.73,0.9,1.33,1.37,1.27,0.89,0.7,0.46,1457,8.4,6,good,yes,12.24,73.44,85.4,1,9.0,75,12.3,5,good,yes,0.92,5.52,6.4,0,1.6,1312,0.2,7,good,yes,0.26,1.56,1.8,1,2.2,218,4.2,6,good,yes,0.92,5.52,6.4,0,1.1
2026-12-31,Thursday,December,0.886,0,low,26.9,1.5,1,15.65,1.21,7 PM,6 PM-8 PM,0.65,93.9,2817.0,2986.91,16.68,19.09,16.84,-3.44,decreased,AC health issue increased consumption,80,79,12.83,2.82,sick,94,High usage detected!,Your pet is suffering because heavy usage or a faulty appliance is stressing the home.,0,Steady Guardian,5,5,sudden_spike|pet_suffering|ac_fault|fan_fault|iron_fault,replace_ac_efficient_model|replace_fan_efficient_model|replace_iron_efficient_model|saving_mode_optimizations|shift_usage_to_morning,Highest usage is during 6 PM-8 PM. Shift ironing or cooling to morning to save cost.,Saving mode is active. Prioritize fans over AC and switch off standby loads.,Your appliance mix is stable today.,0.14,0.14,0.14,0.14,0.14,0.2,0.53,0.87,0.73,0.52,0.37,0.51,0.53,0.45,0.39,0.43,0.6,0.84,1.18,1.21,1.17,0.73,0.47,0.29,1440,7.2,6,good,yes,10.37,62.22,77.9,1,9.0,183,11.7,5,good,yes,2.14,12.84,16.1,1,1.6,1318,0.3,7,good,yes,0.4,2.4,3.0,1,2.2,70,5.8,6,good,yes,0.41,2.46,3.1,0,1.1
